// Auto-generated FX shader bytecode (ps_4_0 / vs_4_0). Do not edit.
static const unsigned char kScFxVsBlob[] = {
  0x44,0x58,0x42,0x43,0x68,0x85,0x56,0xC5,0xFE,0xF3,0xBB,0x3C,0x6C,0xB4,0x61,0x84,
  0xAB,0xF8,0xE6,0x91,0x01,0x00,0x00,0x00,0x94,0x02,0x00,0x00,0x05,0x00,0x00,0x00,
  0x34,0x00,0x00,0x00,0x80,0x00,0x00,0x00,0xB4,0x00,0x00,0x00,0x0C,0x01,0x00,0x00,
  0x18,0x02,0x00,0x00,0x52,0x44,0x45,0x46,0x44,0x00,0x00,0x00,0x00,0x00,0x00,0x00,
  0x00,0x00,0x00,0x00,0x00,0x00,0x00,0x00,0x1C,0x00,0x00,0x00,0x00,0x04,0xFE,0xFF,
  0x00,0x81,0x00,0x00,0x1C,0x00,0x00,0x00,0x4D,0x69,0x63,0x72,0x6F,0x73,0x6F,0x66,
  0x74,0x20,0x28,0x52,0x29,0x20,0x48,0x4C,0x53,0x4C,0x20,0x53,0x68,0x61,0x64,0x65,
  0x72,0x20,0x43,0x6F,0x6D,0x70,0x69,0x6C,0x65,0x72,0x20,0x31,0x30,0x2E,0x31,0x00,
  0x49,0x53,0x47,0x4E,0x2C,0x00,0x00,0x00,0x01,0x00,0x00,0x00,0x08,0x00,0x00,0x00,
  0x20,0x00,0x00,0x00,0x00,0x00,0x00,0x00,0x06,0x00,0x00,0x00,0x01,0x00,0x00,0x00,
  0x00,0x00,0x00,0x00,0x01,0x01,0x00,0x00,0x53,0x56,0x5F,0x56,0x65,0x72,0x74,0x65,
  0x78,0x49,0x44,0x00,0x4F,0x53,0x47,0x4E,0x50,0x00,0x00,0x00,0x02,0x00,0x00,0x00,
  0x08,0x00,0x00,0x00,0x38,0x00,0x00,0x00,0x00,0x00,0x00,0x00,0x01,0x00,0x00,0x00,
  0x03,0x00,0x00,0x00,0x00,0x00,0x00,0x00,0x0F,0x00,0x00,0x00,0x44,0x00,0x00,0x00,
  0x00,0x00,0x00,0x00,0x00,0x00,0x00,0x00,0x03,0x00,0x00,0x00,0x01,0x00,0x00,0x00,
  0x03,0x0C,0x00,0x00,0x53,0x56,0x5F,0x50,0x6F,0x73,0x69,0x74,0x69,0x6F,0x6E,0x00,
  0x54,0x45,0x58,0x43,0x4F,0x4F,0x52,0x44,0x00,0xAB,0xAB,0xAB,0x53,0x48,0x44,0x52,
  0x04,0x01,0x00,0x00,0x40,0x00,0x01,0x00,0x41,0x00,0x00,0x00,0x60,0x00,0x00,0x04,
  0x12,0x10,0x10,0x00,0x00,0x00,0x00,0x00,0x06,0x00,0x00,0x00,0x67,0x00,0x00,0x04,
  0xF2,0x20,0x10,0x00,0x00,0x00,0x00,0x00,0x01,0x00,0x00,0x00,0x65,0x00,0x00,0x03,
  0x32,0x20,0x10,0x00,0x01,0x00,0x00,0x00,0x68,0x00,0x00,0x02,0x01,0x00,0x00,0x00,
  0x36,0x00,0x00,0x08,0xC2,0x20,0x10,0x00,0x00,0x00,0x00,0x00,0x02,0x40,0x00,0x00,
  0x00,0x00,0x00,0x00,0x00,0x00,0x00,0x00,0x00,0x00,0x00,0x00,0x00,0x00,0x80,0x3F,
  0x20,0x00,0x00,0x0A,0x32,0x00,0x10,0x00,0x00,0x00,0x00,0x00,0x06,0x10,0x10,0x00,
  0x00,0x00,0x00,0x00,0x02,0x40,0x00,0x00,0x01,0x00,0x00,0x00,0x02,0x00,0x00,0x00,
  0x00,0x00,0x00,0x00,0x00,0x00,0x00,0x00,0x37,0x00,0x00,0x0F,0x32,0x20,0x10,0x00,
  0x00,0x00,0x00,0x00,0x46,0x00,0x10,0x00,0x00,0x00,0x00,0x00,0x02,0x40,0x00,0x00,
  0x00,0x00,0x40,0x40,0x00,0x00,0x40,0x40,0x00,0x00,0x00,0x00,0x00,0x00,0x00,0x00,
  0x02,0x40,0x00,0x00,0x00,0x00,0x80,0xBF,0x00,0x00,0x80,0xBF,0x00,0x00,0x00,0x00,
  0x00,0x00,0x00,0x00,0x01,0x00,0x00,0x07,0x12,0x20,0x10,0x00,0x01,0x00,0x00,0x00,
  0x0A,0x00,0x10,0x00,0x00,0x00,0x00,0x00,0x01,0x40,0x00,0x00,0x00,0x00,0x00,0x40,
  0x37,0x00,0x00,0x09,0x22,0x20,0x10,0x00,0x01,0x00,0x00,0x00,0x1A,0x00,0x10,0x00,
  0x00,0x00,0x00,0x00,0x01,0x40,0x00,0x00,0x00,0x00,0x80,0xBF,0x01,0x40,0x00,0x00,
  0x00,0x00,0x80,0x3F,0x3E,0x00,0x00,0x01,0x53,0x54,0x41,0x54,0x74,0x00,0x00,0x00,
  0x06,0x00,0x00,0x00,0x01,0x00,0x00,0x00,0x00,0x00,0x00,0x00,0x03,0x00,0x00,0x00,
  0x00,0x00,0x00,0x00,0x01,0x00,0x00,0x00,0x01,0x00,0x00,0x00,0x01,0x00,0x00,0x00,
  0x00,0x00,0x00,0x00,0x00,0x00,0x00,0x00,0x00,0x00,0x00,0x00,0x00,0x00,0x00,0x00,
  0x00,0x00,0x00,0x00,0x00,0x00,0x00,0x00,0x00,0x00,0x00,0x00,0x00,0x00,0x00,0x00,
  0x00,0x00,0x00,0x00,0x00,0x00,0x00,0x00,0x00,0x00,0x00,0x00,0x01,0x00,0x00,0x00,
  0x02,0x00,0x00,0x00,0x00,0x00,0x00,0x00,0x00,0x00,0x00,0x00,0x00,0x00,0x00,0x00,
  0x00,0x00,0x00,0x00,0x00,0x00,0x00,0x00,0x00,0x00,0x00,0x00,0x00,0x00,0x00,0x00,
  0x00,0x00,0x00,0x00
};

static const unsigned char kScFxBlurPsBlob[] = {
  0x44,0x58,0x42,0x43,0x93,0x64,0x46,0x49,0x5E,0xA3,0x1D,0x23,0x8B,0x04,0x75,0xA7,
  0x5D,0xF0,0xED,0xF7,0x01,0x00,0x00,0x00,0xD8,0x05,0x00,0x00,0x05,0x00,0x00,0x00,
  0x34,0x00,0x00,0x00,0xC4,0x01,0x00,0x00,0x1C,0x02,0x00,0x00,0x50,0x02,0x00,0x00,
  0x5C,0x05,0x00,0x00,0x52,0x44,0x45,0x46,0x88,0x01,0x00,0x00,0x01,0x00,0x00,0x00,
  0x8C,0x00,0x00,0x00,0x03,0x00,0x00,0x00,0x1C,0x00,0x00,0x00,0x00,0x04,0xFF,0xFF,
  0x00,0x81,0x00,0x00,0x5D,0x01,0x00,0x00,0x7C,0x00,0x00,0x00,0x03,0x00,0x00,0x00,
  0x00,0x00,0x00,0x00,0x00,0x00,0x00,0x00,0x00,0x00,0x00,0x00,0x00,0x00,0x00,0x00,
  0x01,0x00,0x00,0x00,0x01,0x00,0x00,0x00,0x82,0x00,0x00,0x00,0x02,0x00,0x00,0x00,
  0x05,0x00,0x00,0x00,0x04,0x00,0x00,0x00,0xFF,0xFF,0xFF,0xFF,0x00,0x00,0x00,0x00,
  0x01,0x00,0x00,0x00,0x0D,0x00,0x00,0x00,0x87,0x00,0x00,0x00,0x00,0x00,0x00,0x00,
  0x00,0x00,0x00,0x00,0x00,0x00,0x00,0x00,0x00,0x00,0x00,0x00,0x00,0x00,0x00,0x00,
  0x01,0x00,0x00,0x00,0x01,0x00,0x00,0x00,0x73,0x61,0x6D,0x70,0x30,0x00,0x74,0x65,
  0x78,0x30,0x00,0x43,0x42,0x00,0xAB,0xAB,0x87,0x00,0x00,0x00,0x05,0x00,0x00,0x00,
  0xA4,0x00,0x00,0x00,0x20,0x00,0x00,0x00,0x00,0x00,0x00,0x00,0x00,0x00,0x00,0x00,
  0x1C,0x01,0x00,0x00,0x00,0x00,0x00,0x00,0x08,0x00,0x00,0x00,0x02,0x00,0x00,0x00,
  0x24,0x01,0x00,0x00,0x00,0x00,0x00,0x00,0x34,0x01,0x00,0x00,0x08,0x00,0x00,0x00,
  0x08,0x00,0x00,0x00,0x02,0x00,0x00,0x00,0x24,0x01,0x00,0x00,0x00,0x00,0x00,0x00,
  0x38,0x01,0x00,0x00,0x10,0x00,0x00,0x00,0x04,0x00,0x00,0x00,0x02,0x00,0x00,0x00,
  0x40,0x01,0x00,0x00,0x00,0x00,0x00,0x00,0x50,0x01,0x00,0x00,0x14,0x00,0x00,0x00,
  0x04,0x00,0x00,0x00,0x02,0x00,0x00,0x00,0x40,0x01,0x00,0x00,0x00,0x00,0x00,0x00,
  0x59,0x01,0x00,0x00,0x18,0x00,0x00,0x00,0x08,0x00,0x00,0x00,0x00,0x00,0x00,0x00,
  0x24,0x01,0x00,0x00,0x00,0x00,0x00,0x00,0x74,0x65,0x78,0x65,0x6C,0x00,0xAB,0xAB,
  0x01,0x00,0x03,0x00,0x01,0x00,0x02,0x00,0x00,0x00,0x00,0x00,0x00,0x00,0x00,0x00,
  0x64,0x69,0x72,0x00,0x72,0x61,0x64,0x69,0x75,0x73,0x00,0xAB,0x00,0x00,0x03,0x00,
  0x01,0x00,0x01,0x00,0x00,0x00,0x00,0x00,0x00,0x00,0x00,0x00,0x73,0x74,0x72,0x65,
  0x6E,0x67,0x74,0x68,0x00,0x70,0x61,0x64,0x00,0x4D,0x69,0x63,0x72,0x6F,0x73,0x6F,
  0x66,0x74,0x20,0x28,0x52,0x29,0x20,0x48,0x4C,0x53,0x4C,0x20,0x53,0x68,0x61,0x64,
  0x65,0x72,0x20,0x43,0x6F,0x6D,0x70,0x69,0x6C,0x65,0x72,0x20,0x31,0x30,0x2E,0x31,
  0x00,0xAB,0xAB,0xAB,0x49,0x53,0x47,0x4E,0x50,0x00,0x00,0x00,0x02,0x00,0x00,0x00,
  0x08,0x00,0x00,0x00,0x38,0x00,0x00,0x00,0x00,0x00,0x00,0x00,0x01,0x00,0x00,0x00,
  0x03,0x00,0x00,0x00,0x00,0x00,0x00,0x00,0x0F,0x00,0x00,0x00,0x44,0x00,0x00,0x00,
  0x00,0x00,0x00,0x00,0x00,0x00,0x00,0x00,0x03,0x00,0x00,0x00,0x01,0x00,0x00,0x00,
  0x03,0x03,0x00,0x00,0x53,0x56,0x5F,0x50,0x6F,0x73,0x69,0x74,0x69,0x6F,0x6E,0x00,
  0x54,0x45,0x58,0x43,0x4F,0x4F,0x52,0x44,0x00,0xAB,0xAB,0xAB,0x4F,0x53,0x47,0x4E,
  0x2C,0x00,0x00,0x00,0x01,0x00,0x00,0x00,0x08,0x00,0x00,0x00,0x20,0x00,0x00,0x00,
  0x00,0x00,0x00,0x00,0x00,0x00,0x00,0x00,0x03,0x00,0x00,0x00,0x00,0x00,0x00,0x00,
  0x0F,0x00,0x00,0x00,0x53,0x56,0x5F,0x54,0x61,0x72,0x67,0x65,0x74,0x00,0xAB,0xAB,
  0x53,0x48,0x44,0x52,0x04,0x03,0x00,0x00,0x40,0x00,0x00,0x00,0xC1,0x00,0x00,0x00,
  0x59,0x00,0x00,0x04,0x46,0x8E,0x20,0x00,0x00,0x00,0x00,0x00,0x02,0x00,0x00,0x00,
  0x5A,0x00,0x00,0x03,0x00,0x60,0x10,0x00,0x00,0x00,0x00,0x00,0x58,0x18,0x00,0x04,
  0x00,0x70,0x10,0x00,0x00,0x00,0x00,0x00,0x55,0x55,0x00,0x00,0x62,0x10,0x00,0x03,
  0x32,0x10,0x10,0x00,0x01,0x00,0x00,0x00,0x65,0x00,0x00,0x03,0xF2,0x20,0x10,0x00,
  0x00,0x00,0x00,0x00,0x68,0x00,0x00,0x02,0x05,0x00,0x00,0x00,0x34,0x00,0x00,0x08,
  0x12,0x00,0x10,0x00,0x00,0x00,0x00,0x00,0x1A,0x80,0x20,0x00,0x00,0x00,0x00,0x00,
  0x01,0x00,0x00,0x00,0x01,0x40,0x00,0x00,0xCD,0xCC,0x4C,0x3D,0x32,0x00,0x00,0x0A,
  0x12,0x00,0x10,0x00,0x00,0x00,0x00,0x00,0x0A,0x80,0x20,0x00,0x00,0x00,0x00,0x00,
  0x01,0x00,0x00,0x00,0x0A,0x00,0x10,0x00,0x00,0x00,0x00,0x00,0x01,0x40,0x00,0x00,
  0x00,0x00,0x00,0x3F,0x1B,0x00,0x00,0x05,0x12,0x00,0x10,0x00,0x00,0x00,0x00,0x00,
  0x0A,0x00,0x10,0x00,0x00,0x00,0x00,0x00,0x24,0x00,0x00,0x07,0x12,0x00,0x10,0x00,
  0x00,0x00,0x00,0x00,0x0A,0x00,0x10,0x00,0x00,0x00,0x00,0x00,0x01,0x40,0x00,0x00,
  0x01,0x00,0x00,0x00,0x25,0x00,0x00,0x07,0x12,0x00,0x10,0x00,0x00,0x00,0x00,0x00,
  0x0A,0x00,0x10,0x00,0x00,0x00,0x00,0x00,0x01,0x40,0x00,0x00,0x0E,0x00,0x00,0x00,
  0x28,0x00,0x00,0x05,0x22,0x00,0x10,0x00,0x00,0x00,0x00,0x00,0x0A,0x00,0x10,0x00,
  0x00,0x00,0x00,0x00,0x1E,0x00,0x00,0x07,0x42,0x00,0x10,0x00,0x00,0x00,0x00,0x00,
  0x0A,0x00,0x10,0x00,0x00,0x00,0x00,0x00,0x01,0x40,0x00,0x00,0x01,0x00,0x00,0x00,
  0x2B,0x00,0x00,0x05,0x42,0x00,0x10,0x00,0x00,0x00,0x00,0x00,0x2A,0x00,0x10,0x00,
  0x00,0x00,0x00,0x00,0x38,0x00,0x00,0x09,0x32,0x00,0x10,0x00,0x01,0x00,0x00,0x00,
  0x46,0x80,0x20,0x00,0x00,0x00,0x00,0x00,0x00,0x00,0x00,0x00,0xE6,0x8A,0x20,0x00,
  0x00,0x00,0x00,0x00,0x00,0x00,0x00,0x00,0x36,0x00,0x00,0x08,0xF2,0x00,0x10,0x00,
  0x02,0x00,0x00,0x00,0x02,0x40,0x00,0x00,0x00,0x00,0x00,0x00,0x00,0x00,0x00,0x00,
  0x00,0x00,0x00,0x00,0x00,0x00,0x00,0x00,0x36,0x00,0x00,0x05,0x82,0x00,0x10,0x00,
  0x00,0x00,0x00,0x00,0x01,0x40,0x00,0x00,0x00,0x00,0x00,0x00,0x36,0x00,0x00,0x05,
  0x42,0x00,0x10,0x00,0x01,0x00,0x00,0x00,0x1A,0x00,0x10,0x00,0x00,0x00,0x00,0x00,
  0x30,0x00,0x00,0x01,0x22,0x00,0x00,0x07,0x82,0x00,0x10,0x00,0x01,0x00,0x00,0x00,
  0x0A,0x00,0x10,0x00,0x00,0x00,0x00,0x00,0x2A,0x00,0x10,0x00,0x01,0x00,0x00,0x00,
  0x03,0x00,0x04,0x03,0x3A,0x00,0x10,0x00,0x01,0x00,0x00,0x00,0x2B,0x00,0x00,0x05,
  0x82,0x00,0x10,0x00,0x01,0x00,0x00,0x00,0x2A,0x00,0x10,0x00,0x01,0x00,0x00,0x00,
  0x0E,0x00,0x00,0x08,0x12,0x00,0x10,0x00,0x03,0x00,0x00,0x00,0x3A,0x00,0x10,0x80,
  0x81,0x00,0x00,0x00,0x01,0x00,0x00,0x00,0x2A,0x00,0x10,0x00,0x00,0x00,0x00,0x00,
  0x00,0x00,0x00,0x08,0x12,0x00,0x10,0x00,0x03,0x00,0x00,0x00,0x0A,0x00,0x10,0x80,
  0x41,0x00,0x00,0x00,0x03,0x00,0x00,0x00,0x01,0x40,0x00,0x00,0x00,0x00,0x80,0x3F,
  0x32,0x20,0x00,0x09,0x62,0x00,0x10,0x00,0x03,0x00,0x00,0x00,0x06,0x01,0x10,0x00,
  0x01,0x00,0x00,0x00,0xF6,0x0F,0x10,0x00,0x01,0x00,0x00,0x00,0x06,0x11,0x10,0x00,
  0x01,0x00,0x00,0x00,0x48,0x00,0x00,0x0B,0xF2,0x00,0x10,0x00,0x04,0x00,0x00,0x00,
  0x96,0x05,0x10,0x00,0x03,0x00,0x00,0x00,0x46,0x7E,0x10,0x00,0x00,0x00,0x00,0x00,
  0x00,0x60,0x10,0x00,0x00,0x00,0x00,0x00,0x01,0x40,0x00,0x00,0x00,0x00,0x00,0x00,
  0x32,0x00,0x00,0x09,0xF2,0x00,0x10,0x00,0x02,0x00,0x00,0x00,0x46,0x0E,0x10,0x00,
  0x04,0x00,0x00,0x00,0x06,0x00,0x10,0x00,0x03,0x00,0x00,0x00,0x46,0x0E,0x10,0x00,
  0x02,0x00,0x00,0x00,0x00,0x00,0x00,0x07,0x82,0x00,0x10,0x00,0x00,0x00,0x00,0x00,
  0x3A,0x00,0x10,0x00,0x00,0x00,0x00,0x00,0x0A,0x00,0x10,0x00,0x03,0x00,0x00,0x00,
  0x1E,0x00,0x00,0x07,0x42,0x00,0x10,0x00,0x01,0x00,0x00,0x00,0x2A,0x00,0x10,0x00,
  0x01,0x00,0x00,0x00,0x01,0x40,0x00,0x00,0x01,0x00,0x00,0x00,0x16,0x00,0x00,0x01,
  0x34,0x00,0x00,0x07,0x12,0x00,0x10,0x00,0x00,0x00,0x00,0x00,0x3A,0x00,0x10,0x00,
  0x00,0x00,0x00,0x00,0x01,0x40,0x00,0x00,0x6F,0x12,0x83,0x3A,0x0E,0x00,0x00,0x07,
  0xF2,0x20,0x10,0x00,0x00,0x00,0x00,0x00,0x46,0x0E,0x10,0x00,0x02,0x00,0x00,0x00,
  0x06,0x00,0x10,0x00,0x00,0x00,0x00,0x00,0x3E,0x00,0x00,0x01,0x53,0x54,0x41,0x54,
  0x74,0x00,0x00,0x00,0x1B,0x00,0x00,0x00,0x05,0x00,0x00,0x00,0x00,0x00,0x00,0x00,
  0x02,0x00,0x00,0x00,0x0A,0x00,0x00,0x00,0x06,0x00,0x00,0x00,0x00,0x00,0x00,0x00,
  0x01,0x00,0x00,0x00,0x01,0x00,0x00,0x00,0x00,0x00,0x00,0x00,0x00,0x00,0x00,0x00,
  0x00,0x00,0x00,0x00,0x00,0x00,0x00,0x00,0x00,0x00,0x00,0x00,0x00,0x00,0x00,0x00,
  0x01,0x00,0x00,0x00,0x00,0x00,0x00,0x00,0x00,0x00,0x00,0x00,0x00,0x00,0x00,0x00,
  0x03,0x00,0x00,0x00,0x00,0x00,0x00,0x00,0x03,0x00,0x00,0x00,0x00,0x00,0x00,0x00,
  0x00,0x00,0x00,0x00,0x00,0x00,0x00,0x00,0x00,0x00,0x00,0x00,0x00,0x00,0x00,0x00,
  0x00,0x00,0x00,0x00,0x00,0x00,0x00,0x00
};

static const unsigned char kScFxColorPsBlob[] = {
  0x44,0x58,0x42,0x43,0xEC,0x72,0x8F,0x7E,0xDB,0x95,0x2E,0x54,0xDF,0x37,0xC7,0xA6,
  0x3A,0xC6,0xCD,0x14,0x01,0x00,0x00,0x00,0xB0,0x95,0x00,0x00,0x05,0x00,0x00,0x00,
  0x34,0x00,0x00,0x00,0xCC,0x01,0x00,0x00,0x24,0x02,0x00,0x00,0x58,0x02,0x00,0x00,
  0x34,0x95,0x00,0x00,0x52,0x44,0x45,0x46,0x90,0x01,0x00,0x00,0x01,0x00,0x00,0x00,
  0x8C,0x00,0x00,0x00,0x03,0x00,0x00,0x00,0x1C,0x00,0x00,0x00,0x00,0x04,0xFF,0xFF,
  0x00,0x81,0x00,0x00,0x67,0x01,0x00,0x00,0x7C,0x00,0x00,0x00,0x03,0x00,0x00,0x00,
  0x00,0x00,0x00,0x00,0x00,0x00,0x00,0x00,0x00,0x00,0x00,0x00,0x00,0x00,0x00,0x00,
  0x01,0x00,0x00,0x00,0x01,0x00,0x00,0x00,0x82,0x00,0x00,0x00,0x02,0x00,0x00,0x00,
  0x05,0x00,0x00,0x00,0x04,0x00,0x00,0x00,0xFF,0xFF,0xFF,0xFF,0x00,0x00,0x00,0x00,
  0x01,0x00,0x00,0x00,0x0D,0x00,0x00,0x00,0x87,0x00,0x00,0x00,0x00,0x00,0x00,0x00,
  0x00,0x00,0x00,0x00,0x00,0x00,0x00,0x00,0x00,0x00,0x00,0x00,0x00,0x00,0x00,0x00,
  0x01,0x00,0x00,0x00,0x01,0x00,0x00,0x00,0x73,0x61,0x6D,0x70,0x30,0x00,0x74,0x65,
  0x78,0x30,0x00,0x43,0x42,0x00,0xAB,0xAB,0x87,0x00,0x00,0x00,0x05,0x00,0x00,0x00,
  0xA4,0x00,0x00,0x00,0x30,0x00,0x00,0x00,0x00,0x00,0x00,0x00,0x00,0x00,0x00,0x00,
  0x1C,0x01,0x00,0x00,0x00,0x00,0x00,0x00,0x04,0x00,0x00,0x00,0x02,0x00,0x00,0x00,
  0x24,0x01,0x00,0x00,0x00,0x00,0x00,0x00,0x34,0x01,0x00,0x00,0x04,0x00,0x00,0x00,
  0x04,0x00,0x00,0x00,0x02,0x00,0x00,0x00,0x24,0x01,0x00,0x00,0x00,0x00,0x00,0x00,
  0x39,0x01,0x00,0x00,0x08,0x00,0x00,0x00,0x08,0x00,0x00,0x00,0x02,0x00,0x00,0x00,
  0x40,0x01,0x00,0x00,0x00,0x00,0x00,0x00,0x50,0x01,0x00,0x00,0x10,0x00,0x00,0x00,
  0x10,0x00,0x00,0x00,0x02,0x00,0x00,0x00,0x54,0x01,0x00,0x00,0x00,0x00,0x00,0x00,
  0x64,0x01,0x00,0x00,0x20,0x00,0x00,0x00,0x10,0x00,0x00,0x00,0x02,0x00,0x00,0x00,
  0x54,0x01,0x00,0x00,0x00,0x00,0x00,0x00,0x6D,0x6F,0x64,0x65,0x00,0xAB,0xAB,0xAB,
  0x00,0x00,0x03,0x00,0x01,0x00,0x01,0x00,0x00,0x00,0x00,0x00,0x00,0x00,0x00,0x00,
  0x74,0x69,0x6D,0x65,0x00,0x74,0x65,0x78,0x65,0x6C,0x00,0xAB,0x01,0x00,0x03,0x00,
  0x01,0x00,0x02,0x00,0x00,0x00,0x00,0x00,0x00,0x00,0x00,0x00,0x73,0x41,0x00,0xAB,
  0x01,0x00,0x03,0x00,0x01,0x00,0x04,0x00,0x00,0x00,0x00,0x00,0x00,0x00,0x00,0x00,
  0x73,0x42,0x00,0x4D,0x69,0x63,0x72,0x6F,0x73,0x6F,0x66,0x74,0x20,0x28,0x52,0x29,
  0x20,0x48,0x4C,0x53,0x4C,0x20,0x53,0x68,0x61,0x64,0x65,0x72,0x20,0x43,0x6F,0x6D,
  0x70,0x69,0x6C,0x65,0x72,0x20,0x31,0x30,0x2E,0x31,0x00,0xAB,0x49,0x53,0x47,0x4E,
  0x50,0x00,0x00,0x00,0x02,0x00,0x00,0x00,0x08,0x00,0x00,0x00,0x38,0x00,0x00,0x00,
  0x00,0x00,0x00,0x00,0x01,0x00,0x00,0x00,0x03,0x00,0x00,0x00,0x00,0x00,0x00,0x00,
  0x0F,0x00,0x00,0x00,0x44,0x00,0x00,0x00,0x00,0x00,0x00,0x00,0x00,0x00,0x00,0x00,
  0x03,0x00,0x00,0x00,0x01,0x00,0x00,0x00,0x03,0x03,0x00,0x00,0x53,0x56,0x5F,0x50,
  0x6F,0x73,0x69,0x74,0x69,0x6F,0x6E,0x00,0x54,0x45,0x58,0x43,0x4F,0x4F,0x52,0x44,
  0x00,0xAB,0xAB,0xAB,0x4F,0x53,0x47,0x4E,0x2C,0x00,0x00,0x00,0x01,0x00,0x00,0x00,
  0x08,0x00,0x00,0x00,0x20,0x00,0x00,0x00,0x00,0x00,0x00,0x00,0x00,0x00,0x00,0x00,
  0x03,0x00,0x00,0x00,0x00,0x00,0x00,0x00,0x0F,0x00,0x00,0x00,0x53,0x56,0x5F,0x54,
  0x61,0x72,0x67,0x65,0x74,0x00,0xAB,0xAB,0x53,0x48,0x44,0x52,0xD4,0x92,0x00,0x00,
  0x40,0x00,0x00,0x00,0xB5,0x24,0x00,0x00,0x59,0x00,0x00,0x04,0x46,0x8E,0x20,0x00,
  0x00,0x00,0x00,0x00,0x03,0x00,0x00,0x00,0x5A,0x00,0x00,0x03,0x00,0x60,0x10,0x00,
  0x00,0x00,0x00,0x00,0x58,0x18,0x00,0x04,0x00,0x70,0x10,0x00,0x00,0x00,0x00,0x00,
  0x55,0x55,0x00,0x00,0x62,0x10,0x00,0x03,0x32,0x10,0x10,0x00,0x01,0x00,0x00,0x00,
  0x65,0x00,0x00,0x03,0xF2,0x20,0x10,0x00,0x00,0x00,0x00,0x00,0x68,0x00,0x00,0x02,
  0x11,0x00,0x00,0x00,0x00,0x00,0x00,0x08,0x12,0x00,0x10,0x00,0x00,0x00,0x00,0x00,
  0x0A,0x80,0x20,0x00,0x00,0x00,0x00,0x00,0x00,0x00,0x00,0x00,0x01,0x40,0x00,0x00,
  0x00,0x00,0x00,0x3F,0x1B,0x00,0x00,0x05,0x12,0x00,0x10,0x00,0x00,0x00,0x00,0x00,
  0x0A,0x00,0x10,0x00,0x00,0x00,0x00,0x00,0x34,0x00,0x00,0x0B,0xE2,0x00,0x10,0x00,
  0x00,0x00,0x00,0x00,0x06,0x89,0x20,0x00,0x00,0x00,0x00,0x00,0x01,0x00,0x00,0x00,
  0x02,0x40,0x00,0x00,0x00,0x00,0x00,0x00,0xCD,0xCC,0x4C,0x3D,0xCD,0xCC,0x4C,0x3D,
  0xCD,0xCC,0x4C,0x3D,0x20,0x00,0x00,0x0A,0xF2,0x00,0x10,0x00,0x01,0x00,0x00,0x00,
  0x06,0x00,0x10,0x00,0x00,0x00,0x00,0x00,0x02,0x40,0x00,0x00,0x07,0x00,0x00,0x00,
  0x03,0x00,0x00,0x00,0x08,0x00,0x00,0x00,0x12,0x00,0x00,0x00,0x1F,0x00,0x04,0x03,
  0x0A,0x00,0x10,0x00,0x01,0x00,0x00,0x00,0x32,0x00,0x00,0x0F,0x32,0x00,0x10,0x00,
  0x02,0x00,0x00,0x00,0x46,0x10,0x10,0x00,0x01,0x00,0x00,0x00,0x02,0x40,0x00,0x00,
  0x00,0x00,0x80,0xBF,0x00,0x00,0x80,0x3F,0x00,0x00,0x00,0x00,0x00,0x00,0x00,0x00,
  0x02,0x40,0x00,0x00,0x00,0x00,0x80,0x3F,0x00,0x00,0x00,0x00,0x00,0x00,0x00,0x00,
  0x00,0x00,0x00,0x00,0x12,0x00,0x00,0x01,0x20,0x00,0x00,0x07,0x42,0x00,0x10,0x00,
  0x02,0x00,0x00,0x00,0x0A,0x00,0x10,0x00,0x00,0x00,0x00,0x00,0x01,0x40,0x00,0x00,
  0x13,0x00,0x00,0x00,0x1F,0x00,0x04,0x03,0x2A,0x00,0x10,0x00,0x02,0x00,0x00,0x00,
  0x32,0x00,0x00,0x0F,0x32,0x00,0x10,0x00,0x02,0x00,0x00,0x00,0x46,0x10,0x10,0x00,
  0x01,0x00,0x00,0x00,0x02,0x40,0x00,0x00,0x00,0x00,0x80,0x3F,0x00,0x00,0x80,0xBF,
  0x00,0x00,0x00,0x00,0x00,0x00,0x00,0x00,0x02,0x40,0x00,0x00,0x00,0x00,0x00,0x00,
  0x00,0x00,0x80,0x3F,0x00,0x00,0x00,0x00,0x00,0x00,0x00,0x00,0x12,0x00,0x00,0x01,
  0x20,0x00,0x00,0x07,0x42,0x00,0x10,0x00,0x02,0x00,0x00,0x00,0x0A,0x00,0x10,0x00,
  0x00,0x00,0x00,0x00,0x01,0x40,0x00,0x00,0x08,0x00,0x00,0x00,0x1F,0x00,0x04,0x03,
  0x2A,0x00,0x10,0x00,0x02,0x00,0x00,0x00,0x38,0x00,0x00,0x07,0x42,0x00,0x10,0x00,
  0x02,0x00,0x00,0x00,0x1A,0x00,0x10,0x00,0x00,0x00,0x00,0x00,0x01,0x40,0x00,0x00,
  0xEC,0x51,0x38,0x3D,0x38,0x00,0x00,0x08,0x82,0x00,0x10,0x00,0x02,0x00,0x00,0x00,
  0x2A,0x00,0x10,0x00,0x00,0x00,0x00,0x00,0x1A,0x80,0x20,0x00,0x00,0x00,0x00,0x00,
  0x00,0x00,0x00,0x00,0x38,0x00,0x00,0x07,0x12,0x00,0x10,0x00,0x03,0x00,0x00,0x00,
  0x3A,0x00,0x10,0x00,0x00,0x00,0x00,0x00,0x1A,0x10,0x10,0x00,0x01,0x00,0x00,0x00,
  0x38,0x00,0x00,0x0A,0x62,0x00,0x10,0x00,0x03,0x00,0x00,0x00,0xF6,0x0F,0x10,0x00,
  0x02,0x00,0x00,0x00,0x02,0x40,0x00,0x00,0x00,0x00,0x00,0x00,0x00,0x00,0xA0,0x40,
  0x00,0x00,0x80,0x40,0x00,0x00,0x00,0x00,0x32,0x00,0x00,0x09,0x82,0x00,0x10,0x00,
  0x02,0x00,0x00,0x00,0x0A,0x00,0x10,0x00,0x03,0x00,0x00,0x00,0x01,0x40,0x00,0x00,
  0x00,0x00,0xE0,0x41,0x1A,0x00,0x10,0x00,0x03,0x00,0x00,0x00,0x4D,0x00,0x00,0x06,
  0x82,0x00,0x10,0x00,0x02,0x00,0x00,0x00,0x00,0xD0,0x00,0x00,0x3A,0x00,0x10,0x00,
  0x02,0x00,0x00,0x00,0x32,0x00,0x00,0x09,0x12,0x00,0x10,0x00,0x02,0x00,0x00,0x00,
  0x3A,0x00,0x10,0x00,0x02,0x00,0x00,0x00,0x2A,0x00,0x10,0x00,0x02,0x00,0x00,0x00,
  0x0A,0x10,0x10,0x00,0x01,0x00,0x00,0x00,0x38,0x00,0x00,0x07,0x82,0x00,0x10,0x00,
  0x02,0x00,0x00,0x00,0x3A,0x00,0x10,0x00,0x00,0x00,0x00,0x00,0x0A,0x00,0x10,0x00,
  0x02,0x00,0x00,0x00,0x32,0x00,0x00,0x09,0x82,0x00,0x10,0x00,0x02,0x00,0x00,0x00,
  0x3A,0x00,0x10,0x00,0x02,0x00,0x00,0x00,0x01,0x40,0x00,0x00,0x33,0x33,0xB3,0x41,
  0x2A,0x00,0x10,0x00,0x03,0x00,0x00,0x00,0x4D,0x00,0x00,0x06,0x00,0xD0,0x00,0x00,
  0x82,0x00,0x10,0x00,0x02,0x00,0x00,0x00,0x3A,0x00,0x10,0x00,0x02,0x00,0x00,0x00,
  0x38,0x00,0x00,0x07,0x42,0x00,0x10,0x00,0x02,0x00,0x00,0x00,0x2A,0x00,0x10,0x00,
  0x02,0x00,0x00,0x00,0x3A,0x00,0x10,0x00,0x02,0x00,0x00,0x00,0x32,0x00,0x00,0x09,
  0x22,0x00,0x10,0x00,0x02,0x00,0x00,0x00,0x2A,0x00,0x10,0x00,0x02,0x00,0x00,0x00,
  0x01,0x40,0x00,0x00,0x14,0xAE,0x47,0x3F,0x1A,0x10,0x10,0x00,0x01,0x00,0x00,0x00,
  0x12,0x00,0x00,0x01,0x20,0x00,0x00,0x07,0x42,0x00,0x10,0x00,0x02,0x00,0x00,0x00,
  0x0A,0x00,0x10,0x00,0x00,0x00,0x00,0x00,0x01,0x40,0x00,0x00,0x09,0x00,0x00,0x00,
  0x1F,0x00,0x04,0x03,0x2A,0x00,0x10,0x00,0x02,0x00,0x00,0x00,0x38,0x00,0x00,0x07,
  0x42,0x00,0x10,0x00,0x02,0x00,0x00,0x00,0x1A,0x00,0x10,0x00,0x00,0x00,0x00,0x00,
  0x01,0x40,0x00,0x00,0xAE,0x47,0x61,0x3D,0x38,0x00,0x00,0x08,0x82,0x00,0x10,0x00,
  0x02,0x00,0x00,0x00,0x2A,0x00,0x10,0x00,0x00,0x00,0x00,0x00,0x1A,0x80,0x20,0x00,
  0x00,0x00,0x00,0x00,0x00,0x00,0x00,0x00,0x38,0x00,0x00,0x07,0x12,0x00,0x10,0x00,
  0x03,0x00,0x00,0x00,0x3A,0x00,0x10,0x00,0x00,0x00,0x00,0x00,0x1A,0x10,0x10,0x00,
  0x01,0x00,0x00,0x00,0x38,0x00,0x00,0x0A,0x62,0x00,0x10,0x00,0x03,0x00,0x00,0x00,
  0xF6,0x0F,0x10,0x00,0x02,0x00,0x00,0x00,0x02,0x40,0x00,0x00,0x00,0x00,0x00,0x00,
  0x00,0x00,0x20,0x40,0x00,0x00,0x00,0x40,0x00,0x00,0x00,0x00,0x32,0x00,0x00,0x09,
  0x82,0x00,0x10,0x00,0x02,0x00,0x00,0x00,0x0A,0x00,0x10,0x00,0x03,0x00,0x00,0x00,
  0x01,0x40,0x00,0x00,0x00,0x00,0xA0,0x41,0x1A,0x00,0x10,0x00,0x03,0x00,0x00,0x00,
  0x4D,0x00,0x00,0x06,0x82,0x00,0x10,0x00,0x02,0x00,0x00,0x00,0x00,0xD0,0x00,0x00,
  0x3A,0x00,0x10,0x00,0x02,0x00,0x00,0x00,0x32,0x00,0x00,0x09,0x12,0x00,0x10,0x00,
  0x02,0x00,0x00,0x00,0x3A,0x00,0x10,0x00,0x02,0x00,0x00,0x00,0x2A,0x00,0x10,0x00,
  0x02,0x00,0x00,0x00,0x0A,0x10,0x10,0x00,0x01,0x00,0x00,0x00,0x38,0x00,0x00,0x07,
  0x82,0x00,0x10,0x00,0x02,0x00,0x00,0x00,0x3A,0x00,0x10,0x00,0x00,0x00,0x00,0x00,
  0x0A,0x00,0x10,0x00,0x02,0x00,0x00,0x00,0x32,0x00,0x00,0x09,0x82,0x00,0x10,0x00,
  0x02,0x00,0x00,0x00,0x3A,0x00,0x10,0x00,0x02,0x00,0x00,0x00,0x01,0x40,0x00,0x00,
  0x00,0x00,0x80,0x41,0x2A,0x00,0x10,0x00,0x03,0x00,0x00,0x00,0x4D,0x00,0x00,0x06,
  0x82,0x00,0x10,0x00,0x02,0x00,0x00,0x00,0x00,0xD0,0x00,0x00,0x3A,0x00,0x10,0x00,
  0x02,0x00,0x00,0x00,0x38,0x00,0x00,0x07,0x42,0x00,0x10,0x00,0x02,0x00,0x00,0x00,
  0x2A,0x00,0x10,0x00,0x02,0x00,0x00,0x00,0x3A,0x00,0x10,0x00,0x02,0x00,0x00,0x00,
  0x32,0x00,0x00,0x09,0x22,0x00,0x10,0x00,0x02,0x00,0x00,0x00,0x2A,0x00,0x10,0x00,
  0x02,0x00,0x00,0x00,0x01,0x40,0x00,0x00,0x85,0xEB,0x51,0x3F,0x1A,0x10,0x10,0x00,
  0x01,0x00,0x00,0x00,0x12,0x00,0x00,0x01,0x20,0x00,0x00,0x07,0x42,0x00,0x10,0x00,
  0x02,0x00,0x00,0x00,0x0A,0x00,0x10,0x00,0x00,0x00,0x00,0x00,0x01,0x40,0x00,0x00,
  0x12,0x00,0x00,0x00,0x1F,0x00,0x04,0x03,0x2A,0x00,0x10,0x00,0x02,0x00,0x00,0x00,
  0x34,0x00,0x00,0x08,0x42,0x00,0x10,0x00,0x02,0x00,0x00,0x00,0x0A,0x80,0x20,0x00,
  0x00,0x00,0x00,0x00,0x01,0x00,0x00,0x00,0x01,0x40,0x00,0x00,0x00,0x00,0x80,0x3E,
  0x0E,0x00,0x00,0x07,0x42,0x00,0x10,0x00,0x02,0x00,0x00,0x00,0x01,0x40,0x00,0x00,
  0x00,0x00,0x80,0x41,0x2A,0x00,0x10,0x00,0x02,0x00,0x00,0x00,0x38,0x00,0x00,0x08,
  0xC2,0x00,0x10,0x00,0x02,0x00,0x00,0x00,0xA6,0x0A,0x10,0x00,0x02,0x00,0x00,0x00,
  0xA6,0x8E,0x20,0x00,0x00,0x00,0x00,0x00,0x00,0x00,0x00,0x00,0x34,0x00,0x00,0x0A,
  0xC2,0x00,0x10,0x00,0x02,0x00,0x00,0x00,0xA6,0x0E,0x10,0x00,0x02,0x00,0x00,0x00,
  0x02,0x40,0x00,0x00,0x00,0x00,0x00,0x00,0x00,0x00,0x00,0x00,0x6F,0x12,0x03,0x3C,
  0x6F,0x12,0x03,0x3C,0x0E,0x00,0x00,0x07,0x32,0x00,0x10,0x00,0x03,0x00,0x00,0x00,
  0x46,0x10,0x10,0x00,0x01,0x00,0x00,0x00,0xE6,0x0A,0x10,0x00,0x02,0x00,0x00,0x00,
  0x41,0x00,0x00,0x05,0x32,0x00,0x10,0x00,0x03,0x00,0x00,0x00,0x46,0x00,0x10,0x00,
  0x03,0x00,0x00,0x00,0x38,0x00,0x00,0x0A,0xC2,0x00,0x10,0x00,0x03,0x00,0x00,0x00,
  0xA6,0x0E,0x10,0x00,0x02,0x00,0x00,0x00,0x02,0x40,0x00,0x00,0x00,0x00,0x00,0x00,
  0x00,0x00,0x00,0x00,0x00,0x00,0x00,0x3F,0x00,0x00,0x00,0x3F,0x32,0x00,0x00,0x09,
  0x32,0x00,0x10,0x00,0x02,0x00,0x00,0x00,0x46,0x00,0x10,0x00,0x03,0x00,0x00,0x00,
  0xE6,0x0A,0x10,0x00,0x02,0x00,0x00,0x00,0xE6,0x0A,0x10,0x00,0x03,0x00,0x00,0x00,
  0x12,0x00,0x00,0x01,0x20,0x00,0x00,0x07,0x42,0x00,0x10,0x00,0x02,0x00,0x00,0x00,
  0x0A,0x00,0x10,0x00,0x00,0x00,0x00,0x00,0x01,0x40,0x00,0x00,0x1A,0x00,0x00,0x00,
  0x1F,0x00,0x04,0x03,0x2A,0x00,0x10,0x00,0x02,0x00,0x00,0x00,0x00,0x00,0x00,0x0A,
  0xC2,0x00,0x10,0x00,0x02,0x00,0x00,0x00,0x06,0x14,0x10,0x00,0x01,0x00,0x00,0x00,
  0x02,0x40,0x00,0x00,0x00,0x00,0x00,0x00,0x00,0x00,0x00,0x00,0x00,0x00,0x00,0xBF,
  0x00,0x00,0x00,0xBF,0x0F,0x00,0x00,0x07,0x12,0x00,0x10,0x00,0x03,0x00,0x00,0x00,
  0xE6,0x0A,0x10,0x00,0x02,0x00,0x00,0x00,0xE6,0x0A,0x10,0x00,0x02,0x00,0x00,0x00,
  0x4B,0x00,0x00,0x05,0x12,0x00,0x10,0x00,0x03,0x00,0x00,0x00,0x0A,0x00,0x10,0x00,
  0x03,0x00,0x00,0x00,0x32,0x00,0x00,0x0F,0x62,0x00,0x10,0x00,0x03,0x00,0x00,0x00,
  0x56,0x06,0x10,0x00,0x00,0x00,0x00,0x00,0x02,0x40,0x00,0x00,0x00,0x00,0x00,0x00,
  0x9A,0x99,0x19,0x3F,0xCD,0xCC,0x4C,0x3E,0x00,0x00,0x00,0x00,0x02,0x40,0x00,0x00,
  0x00,0x00,0x00,0x00,0x33,0x33,0x93,0x3F,0xCD,0xCC,0x0C,0x3F,0x00,0x00,0x00,0x00,
  0x38,0x00,0x00,0x07,0x22,0x00,0x10,0x00,0x03,0x00,0x00,0x00,0x1A,0x00,0x10,0x00,
  0x03,0x00,0x00,0x00,0x0A,0x00,0x10,0x00,0x03,0x00,0x00,0x00,0x33,0x00,0x00,0x07,
  0x22,0x00,0x10,0x00,0x03,0x00,0x00,0x00,0x1A,0x00,0x10,0x00,0x03,0x00,0x00,0x00,
  0x01,0x40,0x00,0x00,0x00,0x00,0x80,0x3F,0x2F,0x00,0x00,0x05,0x22,0x00,0x10,0x00,
  0x03,0x00,0x00,0x00,0x1A,0x00,0x10,0x00,0x03,0x00,0x00,0x00,0x38,0x00,0x00,0x07,
  0x22,0x00,0x10,0x00,0x03,0x00,0x00,0x00,0x1A,0x00,0x10,0x00,0x03,0x00,0x00,0x00,
  0x2A,0x00,0x10,0x00,0x03,0x00,0x00,0x00,0x19,0x00,0x00,0x05,0x22,0x00,0x10,0x00,
  0x03,0x00,0x00,0x00,0x1A,0x00,0x10,0x00,0x03,0x00,0x00,0x00,0x31,0x00,0x00,0x07,
  0x42,0x00,0x10,0x00,0x03,0x00,0x00,0x00,0x01,0x40,0x00,0x00,0x17,0xB7,0xD1,0x38,
  0x0A,0x00,0x10,0x00,0x03,0x00,0x00,0x00,0x0E,0x00,0x00,0x07,0x12,0x00,0x10,0x00,
  0x03,0x00,0x00,0x00,0x1A,0x00,0x10,0x00,0x03,0x00,0x00,0x00,0x0A,0x00,0x10,0x00,
  0x03,0x00,0x00,0x00,0x32,0x00,0x00,0x0C,0xC2,0x00,0x10,0x00,0x02,0x00,0x00,0x00,
  0xA6,0x0E,0x10,0x00,0x02,0x00,0x00,0x00,0x06,0x00,0x10,0x00,0x03,0x00,0x00,0x00,
  0x02,0x40,0x00,0x00,0x00,0x00,0x00,0x00,0x00,0x00,0x00,0x00,0x00,0x00,0x00,0x3F,
  0x00,0x00,0x00,0x3F,0x37,0x00,0x00,0x09,0x32,0x00,0x10,0x00,0x02,0x00,0x00,0x00,
  0xA6,0x0A,0x10,0x00,0x03,0x00,0x00,0x00,0xE6,0x0A,0x10,0x00,0x02,0x00,0x00,0x00,
  0x46,0x10,0x10,0x00,0x01,0x00,0x00,0x00,0x12,0x00,0x00,0x01,0x20,0x00,0x00,0x07,
  0x42,0x00,0x10,0x00,0x02,0x00,0x00,0x00,0x0A,0x00,0x10,0x00,0x00,0x00,0x00,0x00,
  0x01,0x40,0x00,0x00,0x31,0x00,0x00,0x00,0x1F,0x00,0x04,0x03,0x2A,0x00,0x10,0x00,
  0x02,0x00,0x00,0x00,0x31,0x00,0x00,0x0A,0xC2,0x00,0x10,0x00,0x02,0x00,0x00,0x00,
  0x02,0x40,0x00,0x00,0x00,0x00,0x00,0x00,0x00,0x00,0x00,0x00,0x00,0x00,0x00,0x3F,
  0x00,0x00,0x00,0x3F,0x06,0x14,0x10,0x00,0x01,0x00,0x00,0x00,0x00,0x00,0x00,0x0B,
  0x32,0x00,0x10,0x00,0x03,0x00,0x00,0x00,0x46,0x10,0x10,0x80,0x41,0x00,0x00,0x00,
  0x01,0x00,0x00,0x00,0x02,0x40,0x00,0x00,0x00,0x00,0x80,0x3F,0x00,0x00,0x80,0x3F,
  0x00,0x00,0x00,0x00,0x00,0x00,0x00,0x00,0x37,0x00,0x00,0x09,0xC2,0x00,0x10,0x00,
  0x02,0x00,0x00,0x00,0xA6,0x0E,0x10,0x00,0x02,0x00,0x00,0x00,0x06,0x04,0x10,0x00,
  0x03,0x00,0x00,0x00,0x06,0x14,0x10,0x00,0x01,0x00,0x00,0x00,0x38,0x20,0x00,0x0A,
  0x32,0x00,0x10,0x00,0x02,0x00,0x00,0x00,0xE6,0x0A,0x10,0x00,0x02,0x00,0x00,0x00,
  0x02,0x40,0x00,0x00,0x00,0x00,0x00,0x40,0x00,0x00,0x00,0x40,0x00,0x00,0x00,0x00,
  0x00,0x00,0x00,0x00,0x12,0x00,0x00,0x01,0x20,0x00,0x00,0x07,0x42,0x00,0x10,0x00,
  0x02,0x00,0x00,0x00,0x0A,0x00,0x10,0x00,0x00,0x00,0x00,0x00,0x01,0x40,0x00,0x00,
  0x37,0x00,0x00,0x00,0x1F,0x00,0x04,0x03,0x2A,0x00,0x10,0x00,0x02,0x00,0x00,0x00,
  0x00,0x00,0x00,0x0A,0xC2,0x00,0x10,0x00,0x02,0x00,0x00,0x00,0x06,0x14,0x10,0x00,
  0x01,0x00,0x00,0x00,0x02,0x40,0x00,0x00,0x00,0x00,0x00,0x00,0x00,0x00,0x00,0x00,
  0x00,0x00,0x00,0xBF,0x00,0x00,0x00,0xBF,0x33,0x00,0x00,0x09,0x12,0x00,0x10,0x00,
  0x03,0x00,0x00,0x00,0x2A,0x00,0x10,0x80,0x81,0x00,0x00,0x00,0x02,0x00,0x00,0x00,
  0x3A,0x00,0x10,0x80,0x81,0x00,0x00,0x00,0x02,0x00,0x00,0x00,0x34,0x00,0x00,0x09,
  0x22,0x00,0x10,0x00,0x03,0x00,0x00,0x00,0x2A,0x00,0x10,0x80,0x81,0x00,0x00,0x00,
  0x02,0x00,0x00,0x00,0x3A,0x00,0x10,0x80,0x81,0x00,0x00,0x00,0x02,0x00,0x00,0x00,
  0x0E,0x00,0x00,0x0A,0x22,0x00,0x10,0x00,0x03,0x00,0x00,0x00,0x02,0x40,0x00,0x00,
  0x00,0x00,0x80,0x3F,0x00,0x00,0x80,0x3F,0x00,0x00,0x80,0x3F,0x00,0x00,0x80,0x3F,
  0x1A,0x00,0x10,0x00,0x03,0x00,0x00,0x00,0x38,0x00,0x00,0x07,0x12,0x00,0x10,0x00,
  0x03,0x00,0x00,0x00,0x1A,0x00,0x10,0x00,0x03,0x00,0x00,0x00,0x0A,0x00,0x10,0x00,
  0x03,0x00,0x00,0x00,0x38,0x00,0x00,0x07,0x22,0x00,0x10,0x00,0x03,0x00,0x00,0x00,
  0x0A,0x00,0x10,0x00,0x03,0x00,0x00,0x00,0x0A,0x00,0x10,0x00,0x03,0x00,0x00,0x00,
  0x32,0x00,0x00,0x09,0x42,0x00,0x10,0x00,0x03,0x00,0x00,0x00,0x1A,0x00,0x10,0x00,
  0x03,0x00,0x00,0x00,0x01,0x40,0x00,0x00,0x5F,0xAE,0xAA,0x3C,0x01,0x40,0x00,0x00,
  0x36,0x5A,0xAE,0xBD,0x32,0x00,0x00,0x09,0x42,0x00,0x10,0x00,0x03,0x00,0x00,0x00,
  0x1A,0x00,0x10,0x00,0x03,0x00,0x00,0x00,0x2A,0x00,0x10,0x00,0x03,0x00,0x00,0x00,
  0x01,0x40,0x00,0x00,0xE2,0x76,0x38,0x3E,0x32,0x00,0x00,0x09,0x42,0x00,0x10,0x00,
  0x03,0x00,0x00,0x00,0x1A,0x00,0x10,0x00,0x03,0x00,0x00,0x00,0x2A,0x00,0x10,0x00,
  0x03,0x00,0x00,0x00,0x01,0x40,0x00,0x00,0x04,0x1D,0xA9,0xBE,0x32,0x00,0x00,0x09,
  0x22,0x00,0x10,0x00,0x03,0x00,0x00,0x00,0x1A,0x00,0x10,0x00,0x03,0x00,0x00,0x00,
  0x2A,0x00,0x10,0x00,0x03,0x00,0x00,0x00,0x01,0x40,0x00,0x00,0x38,0xF7,0x7F,0x3F,
  0x38,0x00,0x00,0x07,0x42,0x00,0x10,0x00,0x03,0x00,0x00,0x00,0x1A,0x00,0x10,0x00,
  0x03,0x00,0x00,0x00,0x0A,0x00,0x10,0x00,0x03,0x00,0x00,0x00,0x31,0x00,0x00,0x09,
  0x82,0x00,0x10,0x00,0x03,0x00,0x00,0x00,0x2A,0x00,0x10,0x80,0x81,0x00,0x00,0x00,
  0x02,0x00,0x00,0x00,0x3A,0x00,0x10,0x80,0x81,0x00,0x00,0x00,0x02,0x00,0x00,0x00,
  0x32,0x00,0x00,0x09,0x42,0x00,0x10,0x00,0x03,0x00,0x00,0x00,0x2A,0x00,0x10,0x00,
  0x03,0x00,0x00,0x00,0x01,0x40,0x00,0x00,0x00,0x00,0x00,0xC0,0x01,0x40,0x00,0x00,
  0xDB,0x0F,0xC9,0x3F,0x01,0x00,0x00,0x07,0x42,0x00,0x10,0x00,0x03,0x00,0x00,0x00,
  0x3A,0x00,0x10,0x00,0x03,0x00,0x00,0x00,0x2A,0x00,0x10,0x00,0x03,0x00,0x00,0x00,
  0x32,0x00,0x00,0x09,0x12,0x00,0x10,0x00,0x03,0x00,0x00,0x00,0x0A,0x00,0x10,0x00,
  0x03,0x00,0x00,0x00,0x1A,0x00,0x10,0x00,0x03,0x00,0x00,0x00,0x2A,0x00,0x10,0x00,
  0x03,0x00,0x00,0x00,0x31,0x00,0x00,0x08,0x22,0x00,0x10,0x00,0x03,0x00,0x00,0x00,
  0x2A,0x00,0x10,0x00,0x02,0x00,0x00,0x00,0x2A,0x00,0x10,0x80,0x41,0x00,0x00,0x00,
  0x02,0x00,0x00,0x00,0x01,0x00,0x00,0x07,0x22,0x00,0x10,0x00,0x03,0x00,0x00,0x00,
  0x1A,0x00,0x10,0x00,0x03,0x00,0x00,0x00,0x01,0x40,0x00,0x00,0xDB,0x0F,0x49,0xC0,
  0x00,0x00,0x00,0x07,0x12,0x00,0x10,0x00,0x03,0x00,0x00,0x00,0x1A,0x00,0x10,0x00,
  0x03,0x00,0x00,0x00,0x0A,0x00,0x10,0x00,0x03,0x00,0x00,0x00,0x33,0x00,0x00,0x07,
  0x22,0x00,0x10,0x00,0x03,0x00,0x00,0x00,0x2A,0x00,0x10,0x00,0x02,0x00,0x00,0x00,
  0x3A,0x00,0x10,0x00,0x02,0x00,0x00,0x00,0x34,0x00,0x00,0x07,0x42,0x00,0x10,0x00,
  0x03,0x00,0x00,0x00,0x2A,0x00,0x10,0x00,0x02,0x00,0x00,0x00,0x3A,0x00,0x10,0x00,
  0x02,0x00,0x00,0x00,0x31,0x00,0x00,0x08,0x22,0x00,0x10,0x00,0x03,0x00,0x00,0x00,
  0x1A,0x00,0x10,0x00,0x03,0x00,0x00,0x00,0x1A,0x00,0x10,0x80,0x41,0x00,0x00,0x00,
  0x03,0x00,0x00,0x00,0x1D,0x00,0x00,0x08,0x42,0x00,0x10,0x00,0x03,0x00,0x00,0x00,
  0x2A,0x00,0x10,0x00,0x03,0x00,0x00,0x00,0x2A,0x00,0x10,0x80,0x41,0x00,0x00,0x00,
  0x03,0x00,0x00,0x00,0x01,0x00,0x00,0x07,0x22,0x00,0x10,0x00,0x03,0x00,0x00,0x00,
  0x2A,0x00,0x10,0x00,0x03,0x00,0x00,0x00,0x1A,0x00,0x10,0x00,0x03,0x00,0x00,0x00,
  0x37,0x00,0x00,0x0A,0x12,0x00,0x10,0x00,0x03,0x00,0x00,0x00,0x1A,0x00,0x10,0x00,
  0x03,0x00,0x00,0x00,0x0A,0x00,0x10,0x80,0x41,0x00,0x00,0x00,0x03,0x00,0x00,0x00,
  0x0A,0x00,0x10,0x00,0x03,0x00,0x00,0x00,0x0F,0x00,0x00,0x07,0x42,0x00,0x10,0x00,
  0x02,0x00,0x00,0x00,0xE6,0x0A,0x10,0x00,0x02,0x00,0x00,0x00,0xE6,0x0A,0x10,0x00,
  0x02,0x00,0x00,0x00,0x4B,0x00,0x00,0x05,0x42,0x00,0x10,0x00,0x02,0x00,0x00,0x00,
  0x2A,0x00,0x10,0x00,0x02,0x00,0x00,0x00,0x32,0x00,0x00,0x09,0x82,0x00,0x10,0x00,
  0x02,0x00,0x00,0x00,0x1A,0x00,0x10,0x00,0x00,0x00,0x00,0x00,0x01,0x40,0x00,0x00,
  0x00,0x00,0x80,0x40,0x01,0x40,0x00,0x00,0x00,0x00,0x60,0x40,0x32,0x00,0x00,0x09,
  0x82,0x00,0x10,0x00,0x02,0x00,0x00,0x00,0x2A,0x00,0x10,0x00,0x02,0x00,0x00,0x00,
  0x3A,0x00,0x10,0x00,0x02,0x00,0x00,0x00,0x0A,0x00,0x10,0x00,0x03,0x00,0x00,0x00,
  0x4D,0x00,0x00,0x07,0x12,0x00,0x10,0x00,0x03,0x00,0x00,0x00,0x12,0x00,0x10,0x00,
  0x04,0x00,0x00,0x00,0x3A,0x00,0x10,0x00,0x02,0x00,0x00,0x00,0x36,0x00,0x00,0x05,
  0x22,0x00,0x10,0x00,0x04,0x00,0x00,0x00,0x0A,0x00,0x10,0x00,0x03,0x00,0x00,0x00,
  0x32,0x20,0x00,0x0C,0x32,0x00,0x10,0x00,0x02,0x00,0x00,0x00,0x46,0x00,0x10,0x00,
  0x04,0x00,0x00,0x00,0xA6,0x0A,0x10,0x00,0x02,0x00,0x00,0x00,0x02,0x40,0x00,0x00,
  0x00,0x00,0x00,0x3F,0x00,0x00,0x00,0x3F,0x00,0x00,0x00,0x00,0x00,0x00,0x00,0x00,
  0x12,0x00,0x00,0x01,0x20,0x00,0x00,0x07,0x42,0x00,0x10,0x00,0x02,0x00,0x00,0x00,
  0x0A,0x00,0x10,0x00,0x00,0x00,0x00,0x00,0x01,0x40,0x00,0x00,0x38,0x00,0x00,0x00,
  0x1F,0x00,0x04,0x03,0x2A,0x00,0x10,0x00,0x02,0x00,0x00,0x00,0x00,0x00,0x00,0x0A,
  0xF2,0x00,0x10,0x00,0x03,0x00,0x00,0x00,0x46,0x14,0x10,0x00,0x01,0x00,0x00,0x00,
  0x02,0x40,0x00,0x00,0x00,0x00,0x00,0xBF,0x00,0x00,0x00,0xBF,0xB0,0xFE,0xFF,0xBE,
  0xB0,0xFE,0xFF,0xBE,0x0F,0x00,0x00,0x07,0x42,0x00,0x10,0x00,0x02,0x00,0x00,0x00,
  0x46,0x00,0x10,0x00,0x03,0x00,0x00,0x00,0x46,0x00,0x10,0x00,0x03,0x00,0x00,0x00,
  0x4B,0x00,0x00,0x05,0x42,0x00,0x10,0x00,0x02,0x00,0x00,0x00,0x2A,0x00,0x10,0x00,
  0x02,0x00,0x00,0x00,0x0F,0x00,0x00,0x07,0x82,0x00,0x10,0x00,0x02,0x00,0x00,0x00,
  0xE6,0x0A,0x10,0x00,0x03,0x00,0x00,0x00,0xE6,0x0A,0x10,0x00,0x03,0x00,0x00,0x00,
  0x44,0x00,0x00,0x05,0x82,0x00,0x10,0x00,0x02,0x00,0x00,0x00,0x3A,0x00,0x10,0x00,
  0x02,0x00,0x00,0x00,0x38,0x00,0x00,0x07,0x32,0x00,0x10,0x00,0x03,0x00,0x00,0x00,
  0xF6,0x0F,0x10,0x00,0x02,0x00,0x00,0x00,0xE6,0x0A,0x10,0x00,0x03,0x00,0x00,0x00,
  0x38,0x00,0x00,0x07,0x82,0x00,0x10,0x00,0x02,0x00,0x00,0x00,0x1A,0x00,0x10,0x00,
  0x00,0x00,0x00,0x00,0x01,0x40,0x00,0x00,0xEC,0x51,0x38,0x3D,0x32,0x00,0x00,0x09,
  0x42,0x00,0x10,0x00,0x03,0x00,0x00,0x00,0x3A,0x00,0x10,0x00,0x00,0x00,0x00,0x00,
  0x01,0x40,0x00,0x00,0x00,0x00,0xA0,0x41,0x01,0x40,0x00,0x00,0x00,0x00,0xC0,0x41,
  0x38,0x00,0x00,0x08,0x82,0x00,0x10,0x00,0x03,0x00,0x00,0x00,0x2A,0x00,0x10,0x00,
  0x00,0x00,0x00,0x00,0x1A,0x80,0x20,0x00,0x00,0x00,0x00,0x00,0x00,0x00,0x00,0x00,
  0x38,0x00,0x00,0x07,0x82,0x00,0x10,0x00,0x03,0x00,0x00,0x00,0x3A,0x00,0x10,0x00,
  0x03,0x00,0x00,0x00,0x01,0x40,0x00,0x00,0x00,0x00,0xE0,0x40,0x32,0x00,0x00,0x0A,
  0x42,0x00,0x10,0x00,0x02,0x00,0x00,0x00,0x2A,0x00,0x10,0x00,0x02,0x00,0x00,0x00,
  0x2A,0x00,0x10,0x00,0x03,0x00,0x00,0x00,0x3A,0x00,0x10,0x80,0x41,0x00,0x00,0x00,
  0x03,0x00,0x00,0x00,0x4D,0x00,0x00,0x06,0x42,0x00,0x10,0x00,0x02,0x00,0x00,0x00,
  0x00,0xD0,0x00,0x00,0x2A,0x00,0x10,0x00,0x02,0x00,0x00,0x00,0x38,0x00,0x00,0x07,
  0x32,0x00,0x10,0x00,0x03,0x00,0x00,0x00,0xA6,0x0A,0x10,0x00,0x02,0x00,0x00,0x00,
  0x46,0x00,0x10,0x00,0x03,0x00,0x00,0x00,0x32,0x00,0x00,0x09,0x32,0x00,0x10,0x00,
  0x02,0x00,0x00,0x00,0x46,0x00,0x10,0x00,0x03,0x00,0x00,0x00,0xF6,0x0F,0x10,0x00,
  0x02,0x00,0x00,0x00,0x46,0x10,0x10,0x00,0x01,0x00,0x00,0x00,0x12,0x00,0x00,0x01,
  0x20,0x00,0x00,0x07,0x42,0x00,0x10,0x00,0x02,0x00,0x00,0x00,0x0A,0x00,0x10,0x00,
  0x00,0x00,0x00,0x00,0x01,0x40,0x00,0x00,0x39,0x00,0x00,0x00,0x1F,0x00,0x04,0x03,
  0x2A,0x00,0x10,0x00,0x02,0x00,0x00,0x00,0x00,0x00,0x00,0x0A,0xC2,0x00,0x10,0x00,
  0x02,0x00,0x00,0x00,0x06,0x14,0x10,0x00,0x01,0x00,0x00,0x00,0x02,0x40,0x00,0x00,
  0x00,0x00,0x00,0x00,0x00,0x00,0x00,0x00,0x00,0x00,0x00,0xBF,0x00,0x00,0x00,0xBF,
  0x33,0x00,0x00,0x09,0x12,0x00,0x10,0x00,0x03,0x00,0x00,0x00,0x2A,0x00,0x10,0x80,
  0x81,0x00,0x00,0x00,0x02,0x00,0x00,0x00,0x3A,0x00,0x10,0x80,0x81,0x00,0x00,0x00,
  0x02,0x00,0x00,0x00,0x34,0x00,0x00,0x09,0x22,0x00,0x10,0x00,0x03,0x00,0x00,0x00,
  0x2A,0x00,0x10,0x80,0x81,0x00,0x00,0x00,0x02,0x00,0x00,0x00,0x3A,0x00,0x10,0x80,
  0x81,0x00,0x00,0x00,0x02,0x00,0x00,0x00,0x0E,0x00,0x00,0x0A,0x22,0x00,0x10,0x00,
  0x03,0x00,0x00,0x00,0x02,0x40,0x00,0x00,0x00,0x00,0x80,0x3F,0x00,0x00,0x80,0x3F,
  0x00,0x00,0x80,0x3F,0x00,0x00,0x80,0x3F,0x1A,0x00,0x10,0x00,0x03,0x00,0x00,0x00,
  0x38,0x00,0x00,0x07,0x12,0x00,0x10,0x00,0x03,0x00,0x00,0x00,0x1A,0x00,0x10,0x00,
  0x03,0x00,0x00,0x00,0x0A,0x00,0x10,0x00,0x03,0x00,0x00,0x00,0x38,0x00,0x00,0x07,
  0x22,0x00,0x10,0x00,0x03,0x00,0x00,0x00,0x0A,0x00,0x10,0x00,0x03,0x00,0x00,0x00,
  0x0A,0x00,0x10,0x00,0x03,0x00,0x00,0x00,0x32,0x00,0x00,0x09,0x42,0x00,0x10,0x00,
  0x03,0x00,0x00,0x00,0x1A,0x00,0x10,0x00,0x03,0x00,0x00,0x00,0x01,0x40,0x00,0x00,
  0x5F,0xAE,0xAA,0x3C,0x01,0x40,0x00,0x00,0x36,0x5A,0xAE,0xBD,0x32,0x00,0x00,0x09,
  0x42,0x00,0x10,0x00,0x03,0x00,0x00,0x00,0x1A,0x00,0x10,0x00,0x03,0x00,0x00,0x00,
  0x2A,0x00,0x10,0x00,0x03,0x00,0x00,0x00,0x01,0x40,0x00,0x00,0xE2,0x76,0x38,0x3E,
  0x32,0x00,0x00,0x09,0x42,0x00,0x10,0x00,0x03,0x00,0x00,0x00,0x1A,0x00,0x10,0x00,
  0x03,0x00,0x00,0x00,0x2A,0x00,0x10,0x00,0x03,0x00,0x00,0x00,0x01,0x40,0x00,0x00,
  0x04,0x1D,0xA9,0xBE,0x32,0x00,0x00,0x09,0x22,0x00,0x10,0x00,0x03,0x00,0x00,0x00,
  0x1A,0x00,0x10,0x00,0x03,0x00,0x00,0x00,0x2A,0x00,0x10,0x00,0x03,0x00,0x00,0x00,
  0x01,0x40,0x00,0x00,0x38,0xF7,0x7F,0x3F,0x38,0x00,0x00,0x07,0x42,0x00,0x10,0x00,
  0x03,0x00,0x00,0x00,0x1A,0x00,0x10,0x00,0x03,0x00,0x00,0x00,0x0A,0x00,0x10,0x00,
  0x03,0x00,0x00,0x00,0x31,0x00,0x00,0x09,0x82,0x00,0x10,0x00,0x03,0x00,0x00,0x00,
  0x2A,0x00,0x10,0x80,0x81,0x00,0x00,0x00,0x02,0x00,0x00,0x00,0x3A,0x00,0x10,0x80,
  0x81,0x00,0x00,0x00,0x02,0x00,0x00,0x00,0x32,0x00,0x00,0x09,0x42,0x00,0x10,0x00,
  0x03,0x00,0x00,0x00,0x2A,0x00,0x10,0x00,0x03,0x00,0x00,0x00,0x01,0x40,0x00,0x00,
  0x00,0x00,0x00,0xC0,0x01,0x40,0x00,0x00,0xDB,0x0F,0xC9,0x3F,0x01,0x00,0x00,0x07,
  0x42,0x00,0x10,0x00,0x03,0x00,0x00,0x00,0x3A,0x00,0x10,0x00,0x03,0x00,0x00,0x00,
  0x2A,0x00,0x10,0x00,0x03,0x00,0x00,0x00,0x32,0x00,0x00,0x09,0x12,0x00,0x10,0x00,
  0x03,0x00,0x00,0x00,0x0A,0x00,0x10,0x00,0x03,0x00,0x00,0x00,0x1A,0x00,0x10,0x00,
  0x03,0x00,0x00,0x00,0x2A,0x00,0x10,0x00,0x03,0x00,0x00,0x00,0x31,0x00,0x00,0x08,
  0x22,0x00,0x10,0x00,0x03,0x00,0x00,0x00,0x2A,0x00,0x10,0x00,0x02,0x00,0x00,0x00,
  0x2A,0x00,0x10,0x80,0x41,0x00,0x00,0x00,0x02,0x00,0x00,0x00,0x01,0x00,0x00,0x07,
  0x22,0x00,0x10,0x00,0x03,0x00,0x00,0x00,0x1A,0x00,0x10,0x00,0x03,0x00,0x00,0x00,
  0x01,0x40,0x00,0x00,0xDB,0x0F,0x49,0xC0,0x00,0x00,0x00,0x07,0x12,0x00,0x10,0x00,
  0x03,0x00,0x00,0x00,0x1A,0x00,0x10,0x00,0x03,0x00,0x00,0x00,0x0A,0x00,0x10,0x00,
  0x03,0x00,0x00,0x00,0x33,0x00,0x00,0x07,0x22,0x00,0x10,0x00,0x03,0x00,0x00,0x00,
  0x2A,0x00,0x10,0x00,0x02,0x00,0x00,0x00,0x3A,0x00,0x10,0x00,0x02,0x00,0x00,0x00,
  0x34,0x00,0x00,0x07,0x42,0x00,0x10,0x00,0x03,0x00,0x00,0x00,0x2A,0x00,0x10,0x00,
  0x02,0x00,0x00,0x00,0x3A,0x00,0x10,0x00,0x02,0x00,0x00,0x00,0x31,0x00,0x00,0x08,
  0x22,0x00,0x10,0x00,0x03,0x00,0x00,0x00,0x1A,0x00,0x10,0x00,0x03,0x00,0x00,0x00,
  0x1A,0x00,0x10,0x80,0x41,0x00,0x00,0x00,0x03,0x00,0x00,0x00,0x1D,0x00,0x00,0x08,
  0x42,0x00,0x10,0x00,0x03,0x00,0x00,0x00,0x2A,0x00,0x10,0x00,0x03,0x00,0x00,0x00,
  0x2A,0x00,0x10,0x80,0x41,0x00,0x00,0x00,0x03,0x00,0x00,0x00,0x01,0x00,0x00,0x07,
  0x22,0x00,0x10,0x00,0x03,0x00,0x00,0x00,0x2A,0x00,0x10,0x00,0x03,0x00,0x00,0x00,
  0x1A,0x00,0x10,0x00,0x03,0x00,0x00,0x00,0x37,0x00,0x00,0x0A,0x12,0x00,0x10,0x00,
  0x03,0x00,0x00,0x00,0x1A,0x00,0x10,0x00,0x03,0x00,0x00,0x00,0x0A,0x00,0x10,0x80,
  0x41,0x00,0x00,0x00,0x03,0x00,0x00,0x00,0x0A,0x00,0x10,0x00,0x03,0x00,0x00,0x00,
  0x32,0x00,0x00,0x09,0x22,0x00,0x10,0x00,0x03,0x00,0x00,0x00,0x1A,0x00,0x10,0x00,
  0x00,0x00,0x00,0x00,0x01,0x40,0x00,0x00,0x00,0x00,0xC0,0x40,0x01,0x40,0x00,0x00,
  0x00,0x00,0xA0,0x40,0x0F,0x00,0x00,0x07,0x42,0x00,0x10,0x00,0x02,0x00,0x00,0x00,
  0xE6,0x0A,0x10,0x00,0x02,0x00,0x00,0x00,0xE6,0x0A,0x10,0x00,0x02,0x00,0x00,0x00,
  0x4B,0x00,0x00,0x05,0x42,0x00,0x10,0x00,0x02,0x00,0x00,0x00,0x2A,0x00,0x10,0x00,
  0x02,0x00,0x00,0x00,0x00,0x00,0x00,0x08,0x82,0x00,0x10,0x00,0x02,0x00,0x00,0x00,
  0x2A,0x00,0x10,0x80,0x41,0x00,0x00,0x00,0x02,0x00,0x00,0x00,0x01,0x40,0x00,0x00,
  0x00,0x00,0x40,0x3F,0x32,0x00,0x00,0x09,0x82,0x00,0x10,0x00,0x02,0x00,0x00,0x00,
  0x1A,0x00,0x10,0x00,0x03,0x00,0x00,0x00,0x3A,0x00,0x10,0x00,0x02,0x00,0x00,0x00,
  0x0A,0x00,0x10,0x00,0x03,0x00,0x00,0x00,0x4D,0x00,0x00,0x07,0x12,0x00,0x10,0x00,
  0x03,0x00,0x00,0x00,0x12,0x00,0x10,0x00,0x04,0x00,0x00,0x00,0x3A,0x00,0x10,0x00,
  0x02,0x00,0x00,0x00,0x36,0x00,0x00,0x05,0x22,0x00,0x10,0x00,0x04,0x00,0x00,0x00,
  0x0A,0x00,0x10,0x00,0x03,0x00,0x00,0x00,0x32,0x20,0x00,0x0C,0x32,0x00,0x10,0x00,
  0x02,0x00,0x00,0x00,0x46,0x00,0x10,0x00,0x04,0x00,0x00,0x00,0xA6,0x0A,0x10,0x00,
  0x02,0x00,0x00,0x00,0x02,0x40,0x00,0x00,0x00,0x00,0x00,0x3F,0x00,0x00,0x00,0x3F,
  0x00,0x00,0x00,0x00,0x00,0x00,0x00,0x00,0x12,0x00,0x00,0x01,0x20,0x00,0x00,0x07,
  0x42,0x00,0x10,0x00,0x02,0x00,0x00,0x00,0x0A,0x00,0x10,0x00,0x00,0x00,0x00,0x00,
  0x01,0x40,0x00,0x00,0x3A,0x00,0x00,0x00,0x1F,0x00,0x04,0x03,0x2A,0x00,0x10,0x00,
  0x02,0x00,0x00,0x00,0x38,0x00,0x00,0x07,0x42,0x00,0x10,0x00,0x02,0x00,0x00,0x00,
  0x1A,0x00,0x10,0x00,0x00,0x00,0x00,0x00,0x01,0x40,0x00,0x00,0x0A,0xD7,0x23,0x3D,
  0x38,0x00,0x00,0x08,0x82,0x00,0x10,0x00,0x02,0x00,0x00,0x00,0x2A,0x00,0x10,0x00,
  0x00,0x00,0x00,0x00,0x1A,0x80,0x20,0x00,0x00,0x00,0x00,0x00,0x00,0x00,0x00,0x00,
  0x38,0x00,0x00,0x07,0x12,0x00,0x10,0x00,0x03,0x00,0x00,0x00,0x3A,0x00,0x10,0x00,
  0x00,0x00,0x00,0x00,0x1A,0x10,0x10,0x00,0x01,0x00,0x00,0x00,0x38,0x00,0x00,0x0A,
  0x62,0x00,0x10,0x00,0x03,0x00,0x00,0x00,0xF6,0x0F,0x10,0x00,0x02,0x00,0x00,0x00,
  0x02,0x40,0x00,0x00,0x00,0x00,0x00,0x00,0x00,0x00,0xC0,0x40,0x34,0x33,0xA3,0x40,
  0x00,0x00,0x00,0x00,0x32,0x00,0x00,0x09,0x82,0x00,0x10,0x00,0x02,0x00,0x00,0x00,
  0x0A,0x00,0x10,0x00,0x03,0x00,0x00,0x00,0x01,0x40,0x00,0x00,0x00,0x00,0xD0,0x41,
  0x1A,0x00,0x10,0x00,0x03,0x00,0x00,0x00,0x4D,0x00,0x00,0x06,0x82,0x00,0x10,0x00,
  0x02,0x00,0x00,0x00,0x00,0xD0,0x00,0x00,0x3A,0x00,0x10,0x00,0x02,0x00,0x00,0x00,
  0x32,0x00,0x00,0x09,0x12,0x00,0x10,0x00,0x02,0x00,0x00,0x00,0x3A,0x00,0x10,0x00,
  0x02,0x00,0x00,0x00,0x2A,0x00,0x10,0x00,0x02,0x00,0x00,0x00,0x0A,0x10,0x10,0x00,
  0x01,0x00,0x00,0x00,0x38,0x00,0x00,0x07,0x82,0x00,0x10,0x00,0x02,0x00,0x00,0x00,
  0x3A,0x00,0x10,0x00,0x00,0x00,0x00,0x00,0x0A,0x00,0x10,0x00,0x02,0x00,0x00,0x00,
  0x32,0x00,0x00,0x09,0x82,0x00,0x10,0x00,0x02,0x00,0x00,0x00,0x3A,0x00,0x10,0x00,
  0x02,0x00,0x00,0x00,0x01,0x40,0x00,0x00,0x00,0x00,0xC0,0x41,0x2A,0x00,0x10,0x00,
  0x03,0x00,0x00,0x00,0x4D,0x00,0x00,0x06,0x00,0xD0,0x00,0x00,0x82,0x00,0x10,0x00,
  0x02,0x00,0x00,0x00,0x3A,0x00,0x10,0x00,0x02,0x00,0x00,0x00,0x38,0x00,0x00,0x07,
  0x42,0x00,0x10,0x00,0x02,0x00,0x00,0x00,0x2A,0x00,0x10,0x00,0x02,0x00,0x00,0x00,
  0x3A,0x00,0x10,0x00,0x02,0x00,0x00,0x00,0x32,0x00,0x00,0x09,0x22,0x00,0x10,0x00,
  0x02,0x00,0x00,0x00,0x2A,0x00,0x10,0x00,0x02,0x00,0x00,0x00,0x01,0x40,0x00,0x00,
  0xCD,0xCC,0x4C,0x3F,0x1A,0x10,0x10,0x00,0x01,0x00,0x00,0x00,0x12,0x00,0x00,0x01,
  0x20,0x00,0x00,0x07,0x42,0x00,0x10,0x00,0x02,0x00,0x00,0x00,0x0A,0x00,0x10,0x00,
  0x00,0x00,0x00,0x00,0x01,0x40,0x00,0x00,0x3B,0x00,0x00,0x00,0x1F,0x00,0x04,0x03,
  0x2A,0x00,0x10,0x00,0x02,0x00,0x00,0x00,0x32,0x00,0x00,0x09,0x42,0x00,0x10,0x00,
  0x02,0x00,0x00,0x00,0x3A,0x00,0x10,0x00,0x00,0x00,0x00,0x00,0x01,0x40,0x00,0x00,
  0x00,0x00,0x80,0x41,0x01,0x40,0x00,0x00,0x00,0x00,0x60,0x41,0x38,0x00,0x00,0x07,
  0x42,0x00,0x10,0x00,0x02,0x00,0x00,0x00,0x2A,0x00,0x10,0x00,0x02,0x00,0x00,0x00,
  0x1A,0x10,0x10,0x00,0x01,0x00,0x00,0x00,0x41,0x00,0x00,0x05,0x42,0x00,0x10,0x00,
  0x02,0x00,0x00,0x00,0x2A,0x00,0x10,0x00,0x02,0x00,0x00,0x00,0x38,0x00,0x00,0x0A,
  0xC2,0x00,0x10,0x00,0x02,0x00,0x00,0x00,0xA6,0x0A,0x10,0x00,0x02,0x00,0x00,0x00,
  0x02,0x40,0x00,0x00,0x00,0x00,0x00,0x00,0x00,0x00,0x00,0x00,0x00,0x00,0x10,0x41,
  0x00,0x00,0x00,0x3F,0x38,0x00,0x00,0x08,0x12,0x00,0x10,0x00,0x03,0x00,0x00,0x00,
  0x2A,0x00,0x10,0x00,0x00,0x00,0x00,0x00,0x1A,0x80,0x20,0x00,0x00,0x00,0x00,0x00,
  0x00,0x00,0x00,0x00,0x32,0x00,0x00,0x09,0x42,0x00,0x10,0x00,0x02,0x00,0x00,0x00,
  0x0A,0x00,0x10,0x00,0x03,0x00,0x00,0x00,0x01,0x40,0x00,0x00,0x00,0x00,0x20,0x41,
  0x2A,0x00,0x10,0x00,0x02,0x00,0x00,0x00,0x4D,0x00,0x00,0x06,0x42,0x00,0x10,0x00,
  0x02,0x00,0x00,0x00,0x00,0xD0,0x00,0x00,0x2A,0x00,0x10,0x00,0x02,0x00,0x00,0x00,
  0x38,0x00,0x00,0x07,0x42,0x00,0x10,0x00,0x02,0x00,0x00,0x00,0x1A,0x00,0x10,0x00,
  0x00,0x00,0x00,0x00,0x2A,0x00,0x10,0x00,0x02,0x00,0x00,0x00,0x38,0x00,0x00,0x07,
  0x42,0x00,0x10,0x00,0x02,0x00,0x00,0x00,0x2A,0x00,0x10,0x00,0x02,0x00,0x00,0x00,
  0x01,0x40,0x00,0x00,0x8F,0xC2,0x75,0x3D,0x1D,0x00,0x00,0x08,0x12,0x00,0x10,0x00,
  0x03,0x00,0x00,0x00,0x3A,0x00,0x10,0x00,0x02,0x00,0x00,0x00,0x3A,0x00,0x10,0x80,
  0x41,0x00,0x00,0x00,0x02,0x00,0x00,0x00,0x1A,0x00,0x00,0x06,0x82,0x00,0x10,0x00,
  0x02,0x00,0x00,0x00,0x3A,0x00,0x10,0x80,0x81,0x00,0x00,0x00,0x02,0x00,0x00,0x00,
  0x37,0x00,0x00,0x0A,0x82,0x00,0x10,0x00,0x02,0x00,0x00,0x00,0x0A,0x00,0x10,0x00,
  0x03,0x00,0x00,0x00,0x3A,0x00,0x10,0x00,0x02,0x00,0x00,0x00,0x3A,0x00,0x10,0x80,
  0x41,0x00,0x00,0x00,0x02,0x00,0x00,0x00,0x31,0x00,0x00,0x07,0x82,0x00,0x10,0x00,
  0x02,0x00,0x00,0x00,0x3A,0x00,0x10,0x00,0x02,0x00,0x00,0x00,0x01,0x40,0x00,0x00,
  0x00,0x00,0x80,0x3E,0x37,0x00,0x00,0x09,0x82,0x00,0x10,0x00,0x02,0x00,0x00,0x00,
  0x3A,0x00,0x10,0x00,0x02,0x00,0x00,0x00,0x01,0x40,0x00,0x00,0x00,0x00,0x80,0xBF,
  0x01,0x40,0x00,0x00,0x00,0x00,0x80,0x3F,0x32,0x00,0x00,0x09,0x12,0x00,0x10,0x00,
  0x02,0x00,0x00,0x00,0x2A,0x00,0x10,0x00,0x02,0x00,0x00,0x00,0x3A,0x00,0x10,0x00,
  0x02,0x00,0x00,0x00,0x0A,0x10,0x10,0x00,0x01,0x00,0x00,0x00,0x36,0x00,0x00,0x05,
  0x22,0x00,0x10,0x00,0x02,0x00,0x00,0x00,0x1A,0x10,0x10,0x00,0x01,0x00,0x00,0x00,
  0x12,0x00,0x00,0x01,0x20,0x00,0x00,0x07,0x42,0x00,0x10,0x00,0x02,0x00,0x00,0x00,
  0x0A,0x00,0x10,0x00,0x00,0x00,0x00,0x00,0x01,0x40,0x00,0x00,0x3C,0x00,0x00,0x00,
  0x1F,0x00,0x04,0x03,0x2A,0x00,0x10,0x00,0x02,0x00,0x00,0x00,0x00,0x00,0x00,0x0A,
  0xC2,0x00,0x10,0x00,0x02,0x00,0x00,0x00,0x06,0x14,0x10,0x00,0x01,0x00,0x00,0x00,
  0x02,0x40,0x00,0x00,0x00,0x00,0x00,0x00,0x00,0x00,0x00,0x00,0x00,0x00,0x00,0xBF,
  0x00,0x00,0x00,0xBF,0x0F,0x00,0x00,0x07,0x12,0x00,0x10,0x00,0x03,0x00,0x00,0x00,
  0xE6,0x0A,0x10,0x00,0x02,0x00,0x00,0x00,0xE6,0x0A,0x10,0x00,0x02,0x00,0x00,0x00,
  0x4B,0x00,0x00,0x05,0x22,0x00,0x10,0x00,0x03,0x00,0x00,0x00,0x0A,0x00,0x10,0x00,
  0x03,0x00,0x00,0x00,0x32,0x00,0x00,0x09,0x42,0x00,0x10,0x00,0x03,0x00,0x00,0x00,
  0x1A,0x00,0x10,0x00,0x00,0x00,0x00,0x00,0x01,0x40,0x00,0x00,0xCD,0xCC,0x4C,0x3F,
  0x01,0x40,0x00,0x00,0x66,0x66,0xE6,0x3E,0x32,0x00,0x00,0x09,0x12,0x00,0x10,0x00,
  0x03,0x00,0x00,0x00,0x0A,0x00,0x10,0x00,0x03,0x00,0x00,0x00,0x2A,0x00,0x10,0x00,
  0x03,0x00,0x00,0x00,0x1A,0x00,0x10,0x00,0x03,0x00,0x00,0x00,0x31,0x00,0x00,0x07,
  0x42,0x00,0x10,0x00,0x03,0x00,0x00,0x00,0x01,0x40,0x00,0x00,0x17,0xB7,0xD1,0x38,
  0x1A,0x00,0x10,0x00,0x03,0x00,0x00,0x00,0x0E,0x00,0x00,0x07,0x12,0x00,0x10,0x00,
  0x03,0x00,0x00,0x00,0x0A,0x00,0x10,0x00,0x03,0x00,0x00,0x00,0x1A,0x00,0x10,0x00,
  0x03,0x00,0x00,0x00,0x32,0x00,0x00,0x0C,0xC2,0x00,0x10,0x00,0x02,0x00,0x00,0x00,
  0xA6,0x0E,0x10,0x00,0x02,0x00,0x00,0x00,0x06,0x00,0x10,0x00,0x03,0x00,0x00,0x00,
  0x02,0x40,0x00,0x00,0x00,0x00,0x00,0x00,0x00,0x00,0x00,0x00,0x00,0x00,0x00,0x3F,
  0x00,0x00,0x00,0x3F,0x37,0x00,0x00,0x09,0x32,0x00,0x10,0x00,0x02,0x00,0x00,0x00,
  0xA6,0x0A,0x10,0x00,0x03,0x00,0x00,0x00,0xE6,0x0A,0x10,0x00,0x02,0x00,0x00,0x00,
  0x46,0x10,0x10,0x00,0x01,0x00,0x00,0x00,0x12,0x00,0x00,0x01,0x20,0x00,0x00,0x07,
  0x42,0x00,0x10,0x00,0x02,0x00,0x00,0x00,0x0A,0x00,0x10,0x00,0x00,0x00,0x00,0x00,
  0x01,0x40,0x00,0x00,0x3D,0x00,0x00,0x00,0x1F,0x00,0x04,0x03,0x2A,0x00,0x10,0x00,
  0x02,0x00,0x00,0x00,0x00,0x00,0x00,0x0A,0xC2,0x00,0x10,0x00,0x02,0x00,0x00,0x00,
  0x06,0x14,0x10,0x00,0x01,0x00,0x00,0x00,0x02,0x40,0x00,0x00,0x00,0x00,0x00,0x00,
  0x00,0x00,0x00,0x00,0x00,0x00,0x00,0xBF,0x00,0x00,0x00,0xBF,0x33,0x00,0x00,0x09,
  0x12,0x00,0x10,0x00,0x03,0x00,0x00,0x00,0x2A,0x00,0x10,0x80,0x81,0x00,0x00,0x00,
  0x02,0x00,0x00,0x00,0x3A,0x00,0x10,0x80,0x81,0x00,0x00,0x00,0x02,0x00,0x00,0x00,
  0x34,0x00,0x00,0x09,0x22,0x00,0x10,0x00,0x03,0x00,0x00,0x00,0x2A,0x00,0x10,0x80,
  0x81,0x00,0x00,0x00,0x02,0x00,0x00,0x00,0x3A,0x00,0x10,0x80,0x81,0x00,0x00,0x00,
  0x02,0x00,0x00,0x00,0x0E,0x00,0x00,0x0A,0x22,0x00,0x10,0x00,0x03,0x00,0x00,0x00,
  0x02,0x40,0x00,0x00,0x00,0x00,0x80,0x3F,0x00,0x00,0x80,0x3F,0x00,0x00,0x80,0x3F,
  0x00,0x00,0x80,0x3F,0x1A,0x00,0x10,0x00,0x03,0x00,0x00,0x00,0x38,0x00,0x00,0x07,
  0x12,0x00,0x10,0x00,0x03,0x00,0x00,0x00,0x1A,0x00,0x10,0x00,0x03,0x00,0x00,0x00,
  0x0A,0x00,0x10,0x00,0x03,0x00,0x00,0x00,0x38,0x00,0x00,0x07,0x22,0x00,0x10,0x00,
  0x03,0x00,0x00,0x00,0x0A,0x00,0x10,0x00,0x03,0x00,0x00,0x00,0x0A,0x00,0x10,0x00,
  0x03,0x00,0x00,0x00,0x32,0x00,0x00,0x09,0x42,0x00,0x10,0x00,0x03,0x00,0x00,0x00,
  0x1A,0x00,0x10,0x00,0x03,0x00,0x00,0x00,0x01,0x40,0x00,0x00,0x5F,0xAE,0xAA,0x3C,
  0x01,0x40,0x00,0x00,0x36,0x5A,0xAE,0xBD,0x32,0x00,0x00,0x09,0x42,0x00,0x10,0x00,
  0x03,0x00,0x00,0x00,0x1A,0x00,0x10,0x00,0x03,0x00,0x00,0x00,0x2A,0x00,0x10,0x00,
  0x03,0x00,0x00,0x00,0x01,0x40,0x00,0x00,0xE2,0x76,0x38,0x3E,0x32,0x00,0x00,0x09,
  0x42,0x00,0x10,0x00,0x03,0x00,0x00,0x00,0x1A,0x00,0x10,0x00,0x03,0x00,0x00,0x00,
  0x2A,0x00,0x10,0x00,0x03,0x00,0x00,0x00,0x01,0x40,0x00,0x00,0x04,0x1D,0xA9,0xBE,
  0x32,0x00,0x00,0x09,0x22,0x00,0x10,0x00,0x03,0x00,0x00,0x00,0x1A,0x00,0x10,0x00,
  0x03,0x00,0x00,0x00,0x2A,0x00,0x10,0x00,0x03,0x00,0x00,0x00,0x01,0x40,0x00,0x00,
  0x38,0xF7,0x7F,0x3F,0x38,0x00,0x00,0x07,0x42,0x00,0x10,0x00,0x03,0x00,0x00,0x00,
  0x1A,0x00,0x10,0x00,0x03,0x00,0x00,0x00,0x0A,0x00,0x10,0x00,0x03,0x00,0x00,0x00,
  0x31,0x00,0x00,0x09,0x82,0x00,0x10,0x00,0x03,0x00,0x00,0x00,0x2A,0x00,0x10,0x80,
  0x81,0x00,0x00,0x00,0x02,0x00,0x00,0x00,0x3A,0x00,0x10,0x80,0x81,0x00,0x00,0x00,
  0x02,0x00,0x00,0x00,0x32,0x00,0x00,0x09,0x42,0x00,0x10,0x00,0x03,0x00,0x00,0x00,
  0x2A,0x00,0x10,0x00,0x03,0x00,0x00,0x00,0x01,0x40,0x00,0x00,0x00,0x00,0x00,0xC0,
  0x01,0x40,0x00,0x00,0xDB,0x0F,0xC9,0x3F,0x01,0x00,0x00,0x07,0x42,0x00,0x10,0x00,
  0x03,0x00,0x00,0x00,0x3A,0x00,0x10,0x00,0x03,0x00,0x00,0x00,0x2A,0x00,0x10,0x00,
  0x03,0x00,0x00,0x00,0x32,0x00,0x00,0x09,0x12,0x00,0x10,0x00,0x03,0x00,0x00,0x00,
  0x0A,0x00,0x10,0x00,0x03,0x00,0x00,0x00,0x1A,0x00,0x10,0x00,0x03,0x00,0x00,0x00,
  0x2A,0x00,0x10,0x00,0x03,0x00,0x00,0x00,0x31,0x00,0x00,0x08,0x22,0x00,0x10,0x00,
  0x03,0x00,0x00,0x00,0x2A,0x00,0x10,0x00,0x02,0x00,0x00,0x00,0x2A,0x00,0x10,0x80,
  0x41,0x00,0x00,0x00,0x02,0x00,0x00,0x00,0x01,0x00,0x00,0x07,0x22,0x00,0x10,0x00,
  0x03,0x00,0x00,0x00,0x1A,0x00,0x10,0x00,0x03,0x00,0x00,0x00,0x01,0x40,0x00,0x00,
  0xDB,0x0F,0x49,0xC0,0x00,0x00,0x00,0x07,0x12,0x00,0x10,0x00,0x03,0x00,0x00,0x00,
  0x1A,0x00,0x10,0x00,0x03,0x00,0x00,0x00,0x0A,0x00,0x10,0x00,0x03,0x00,0x00,0x00,
  0x33,0x00,0x00,0x07,0x22,0x00,0x10,0x00,0x03,0x00,0x00,0x00,0x2A,0x00,0x10,0x00,
  0x02,0x00,0x00,0x00,0x3A,0x00,0x10,0x00,0x02,0x00,0x00,0x00,0x34,0x00,0x00,0x07,
  0x42,0x00,0x10,0x00,0x03,0x00,0x00,0x00,0x2A,0x00,0x10,0x00,0x02,0x00,0x00,0x00,
  0x3A,0x00,0x10,0x00,0x02,0x00,0x00,0x00,0x31,0x00,0x00,0x08,0x22,0x00,0x10,0x00,
  0x03,0x00,0x00,0x00,0x1A,0x00,0x10,0x00,0x03,0x00,0x00,0x00,0x1A,0x00,0x10,0x80,
  0x41,0x00,0x00,0x00,0x03,0x00,0x00,0x00,0x1D,0x00,0x00,0x08,0x42,0x00,0x10,0x00,
  0x03,0x00,0x00,0x00,0x2A,0x00,0x10,0x00,0x03,0x00,0x00,0x00,0x2A,0x00,0x10,0x80,
  0x41,0x00,0x00,0x00,0x03,0x00,0x00,0x00,0x01,0x00,0x00,0x07,0x22,0x00,0x10,0x00,
  0x03,0x00,0x00,0x00,0x2A,0x00,0x10,0x00,0x03,0x00,0x00,0x00,0x1A,0x00,0x10,0x00,
  0x03,0x00,0x00,0x00,0x37,0x00,0x00,0x0A,0x12,0x00,0x10,0x00,0x03,0x00,0x00,0x00,
  0x1A,0x00,0x10,0x00,0x03,0x00,0x00,0x00,0x0A,0x00,0x10,0x80,0x41,0x00,0x00,0x00,
  0x03,0x00,0x00,0x00,0x0A,0x00,0x10,0x00,0x03,0x00,0x00,0x00,0x0F,0x00,0x00,0x07,
  0x42,0x00,0x10,0x00,0x02,0x00,0x00,0x00,0xE6,0x0A,0x10,0x00,0x02,0x00,0x00,0x00,
  0xE6,0x0A,0x10,0x00,0x02,0x00,0x00,0x00,0x4B,0x00,0x00,0x05,0x42,0x00,0x10,0x00,
  0x02,0x00,0x00,0x00,0x2A,0x00,0x10,0x00,0x02,0x00,0x00,0x00,0x32,0x00,0x00,0x09,
  0x82,0x00,0x10,0x00,0x02,0x00,0x00,0x00,0x1A,0x00,0x10,0x00,0x00,0x00,0x00,0x00,
  0x01,0x40,0x00,0x00,0x00,0x00,0x80,0x40,0x01,0x40,0x00,0x00,0x00,0x00,0x00,0x40,
  0x34,0x00,0x00,0x07,0x82,0x00,0x10,0x00,0x02,0x00,0x00,0x00,0x3A,0x00,0x10,0x00,
  0x02,0x00,0x00,0x00,0x01,0x40,0x00,0x00,0x00,0x00,0x40,0x40,0x0E,0x00,0x00,0x07,
  0x82,0x00,0x10,0x00,0x02,0x00,0x00,0x00,0x01,0x40,0x00,0x00,0xDB,0x0F,0xC9,0x40,
  0x3A,0x00,0x10,0x00,0x02,0x00,0x00,0x00,0x00,0x00,0x00,0x07,0x12,0x00,0x10,0x00,
  0x03,0x00,0x00,0x00,0x0A,0x00,0x10,0x00,0x03,0x00,0x00,0x00,0x01,0x40,0x00,0x00,
  0xDB,0x0F,0x49,0x40,0x0E,0x00,0x00,0x07,0x12,0x00,0x10,0x00,0x03,0x00,0x00,0x00,
  0x0A,0x00,0x10,0x00,0x03,0x00,0x00,0x00,0x3A,0x00,0x10,0x00,0x02,0x00,0x00,0x00,
  0x1D,0x00,0x00,0x08,0x22,0x00,0x10,0x00,0x03,0x00,0x00,0x00,0x0A,0x00,0x10,0x00,
  0x03,0x00,0x00,0x00,0x0A,0x00,0x10,0x80,0x41,0x00,0x00,0x00,0x03,0x00,0x00,0x00,
  0x1A,0x00,0x00,0x06,0x12,0x00,0x10,0x00,0x03,0x00,0x00,0x00,0x0A,0x00,0x10,0x80,
  0x81,0x00,0x00,0x00,0x03,0x00,0x00,0x00,0x37,0x00,0x00,0x0A,0x12,0x00,0x10,0x00,
  0x03,0x00,0x00,0x00,0x1A,0x00,0x10,0x00,0x03,0x00,0x00,0x00,0x0A,0x00,0x10,0x00,
  0x03,0x00,0x00,0x00,0x0A,0x00,0x10,0x80,0x41,0x00,0x00,0x00,0x03,0x00,0x00,0x00,
  0x38,0x00,0x00,0x07,0x22,0x00,0x10,0x00,0x03,0x00,0x00,0x00,0x3A,0x00,0x10,0x00,
  0x02,0x00,0x00,0x00,0x01,0x40,0x00,0x00,0x00,0x00,0x00,0x3F,0x32,0x00,0x00,0x0A,
  0x82,0x00,0x10,0x00,0x02,0x00,0x00,0x00,0x0A,0x00,0x10,0x00,0x03,0x00,0x00,0x00,
  0x3A,0x00,0x10,0x00,0x02,0x00,0x00,0x00,0x1A,0x00,0x10,0x80,0x41,0x00,0x00,0x00,
  0x03,0x00,0x00,0x00,0x4D,0x00,0x00,0x08,0x12,0x00,0x10,0x00,0x03,0x00,0x00,0x00,
  0x12,0x00,0x10,0x00,0x04,0x00,0x00,0x00,0x3A,0x00,0x10,0x80,0x81,0x00,0x00,0x00,
  0x02,0x00,0x00,0x00,0x36,0x00,0x00,0x05,0x22,0x00,0x10,0x00,0x04,0x00,0x00,0x00,
  0x0A,0x00,0x10,0x00,0x03,0x00,0x00,0x00,0x32,0x20,0x00,0x0C,0x32,0x00,0x10,0x00,
  0x02,0x00,0x00,0x00,0x46,0x00,0x10,0x00,0x04,0x00,0x00,0x00,0xA6,0x0A,0x10,0x00,
  0x02,0x00,0x00,0x00,0x02,0x40,0x00,0x00,0x00,0x00,0x00,0x3F,0x00,0x00,0x00,0x3F,
  0x00,0x00,0x00,0x00,0x00,0x00,0x00,0x00,0x12,0x00,0x00,0x01,0x38,0x00,0x00,0x08,
  0x42,0x00,0x10,0x00,0x02,0x00,0x00,0x00,0x2A,0x00,0x10,0x00,0x00,0x00,0x00,0x00,
  0x1A,0x80,0x20,0x00,0x00,0x00,0x00,0x00,0x00,0x00,0x00,0x00,0x32,0x00,0x00,0x0C,
  0xC2,0x00,0x10,0x00,0x02,0x00,0x00,0x00,0x06,0x14,0x10,0x00,0x01,0x00,0x00,0x00,
  0x02,0x40,0x00,0x00,0x00,0x00,0x00,0x00,0x00,0x00,0x00,0x00,0x00,0x00,0xF0,0x42,
  0x00,0x00,0xB4,0x42,0xA6,0x0A,0x10,0x00,0x02,0x00,0x00,0x00,0x0F,0x00,0x00,0x0A,
  0x42,0x00,0x10,0x00,0x02,0x00,0x00,0x00,0xE6,0x0A,0x10,0x00,0x02,0x00,0x00,0x00,
  0x02,0x40,0x00,0x00,0x33,0x33,0xFE,0x42,0x9A,0xD9,0x9B,0x43,0x00,0x00,0x00,0x00,
  0x00,0x00,0x00,0x00,0x4D,0x00,0x00,0x06,0x42,0x00,0x10,0x00,0x02,0x00,0x00,0x00,
  0x00,0xD0,0x00,0x00,0x2A,0x00,0x10,0x00,0x02,0x00,0x00,0x00,0x38,0x00,0x00,0x07,
  0x42,0x00,0x10,0x00,0x02,0x00,0x00,0x00,0x2A,0x00,0x10,0x00,0x02,0x00,0x00,0x00,
  0x01,0x40,0x00,0x00,0x8C,0xEE,0x2A,0x47,0x1A,0x00,0x00,0x05,0x42,0x00,0x10,0x00,
  0x02,0x00,0x00,0x00,0x2A,0x00,0x10,0x00,0x02,0x00,0x00,0x00,0x00,0x00,0x00,0x07,
  0x12,0x00,0x10,0x00,0x03,0x00,0x00,0x00,0x2A,0x00,0x10,0x00,0x02,0x00,0x00,0x00,
  0x01,0x40,0x00,0x00,0x00,0x00,0x00,0xBF,0x38,0x00,0x00,0x07,0x42,0x00,0x10,0x00,
  0x02,0x00,0x00,0x00,0x1A,0x00,0x10,0x00,0x00,0x00,0x00,0x00,0x01,0x40,0x00,0x00,
  0x8F,0xC2,0x75,0x3D,0x38,0x00,0x00,0x07,0x22,0x00,0x10,0x00,0x03,0x00,0x00,0x00,
  0x0A,0x00,0x10,0x00,0x03,0x00,0x00,0x00,0x01,0x40,0x00,0x00,0x00,0x00,0x40,0x3F,
  0x32,0x00,0x00,0x09,0xC2,0x00,0x10,0x00,0x02,0x00,0x00,0x00,0x06,0x04,0x10,0x00,
  0x03,0x00,0x00,0x00,0xA6,0x0A,0x10,0x00,0x02,0x00,0x00,0x00,0x06,0x14,0x10,0x00,
  0x01,0x00,0x00,0x00,0x20,0x00,0x00,0x0A,0x32,0x00,0x10,0x00,0x03,0x00,0x00,0x00,
  0x06,0x00,0x10,0x00,0x00,0x00,0x00,0x00,0x02,0x40,0x00,0x00,0x43,0x00,0x00,0x00,
  0x44,0x00,0x00,0x00,0x00,0x00,0x00,0x00,0x00,0x00,0x00,0x00,0x32,0x00,0x00,0x0A,
  0x42,0x00,0x10,0x00,0x03,0x00,0x00,0x00,0x3A,0x80,0x20,0x00,0x00,0x00,0x00,0x00,
  0x00,0x00,0x00,0x00,0x01,0x40,0x00,0x00,0x00,0x00,0x00,0x40,0x01,0x40,0x00,0x00,
  0xBD,0x37,0x86,0x35,0x0E,0x00,0x00,0x07,0x42,0x00,0x10,0x00,0x03,0x00,0x00,0x00,
  0x1A,0x10,0x10,0x00,0x01,0x00,0x00,0x00,0x2A,0x00,0x10,0x00,0x03,0x00,0x00,0x00,
  0x41,0x00,0x00,0x05,0x42,0x00,0x10,0x00,0x03,0x00,0x00,0x00,0x2A,0x00,0x10,0x00,
  0x03,0x00,0x00,0x00,0x38,0x00,0x00,0x07,0x42,0x00,0x10,0x00,0x03,0x00,0x00,0x00,
  0x2A,0x00,0x10,0x00,0x03,0x00,0x00,0x00,0x01,0x40,0x00,0x00,0x00,0x00,0x00,0x3F,
  0x1D,0x00,0x00,0x08,0x82,0x00,0x10,0x00,0x03,0x00,0x00,0x00,0x2A,0x00,0x10,0x00,
  0x03,0x00,0x00,0x00,0x2A,0x00,0x10,0x80,0x41,0x00,0x00,0x00,0x03,0x00,0x00,0x00,
  0x1A,0x00,0x00,0x06,0x42,0x00,0x10,0x00,0x03,0x00,0x00,0x00,0x2A,0x00,0x10,0x80,
  0x81,0x00,0x00,0x00,0x03,0x00,0x00,0x00,0x37,0x00,0x00,0x0A,0x42,0x00,0x10,0x00,
  0x03,0x00,0x00,0x00,0x3A,0x00,0x10,0x00,0x03,0x00,0x00,0x00,0x2A,0x00,0x10,0x00,
  0x03,0x00,0x00,0x00,0x2A,0x00,0x10,0x80,0x41,0x00,0x00,0x00,0x03,0x00,0x00,0x00,
  0x31,0x00,0x00,0x07,0x42,0x00,0x10,0x00,0x03,0x00,0x00,0x00,0x01,0x40,0x00,0x00,
  0x00,0x00,0x80,0x3E,0x2A,0x00,0x10,0x00,0x03,0x00,0x00,0x00,0x32,0x00,0x00,0x09,
  0x82,0x00,0x10,0x00,0x03,0x00,0x00,0x00,0x1A,0x00,0x10,0x00,0x00,0x00,0x00,0x00,
  0x01,0x40,0x00,0x00,0xCD,0xCC,0xCC,0x3C,0x0A,0x10,0x10,0x00,0x01,0x00,0x00,0x00,
  0x00,0x00,0x00,0x07,0x82,0x00,0x10,0x00,0x03,0x00,0x00,0x00,0x3A,0x00,0x10,0x00,
  0x03,0x00,0x00,0x00,0x01,0x40,0x00,0x00,0xA6,0x9B,0x44,0x3C,0x37,0x00,0x00,0x09,
  0x42,0x00,0x10,0x00,0x03,0x00,0x00,0x00,0x2A,0x00,0x10,0x00,0x03,0x00,0x00,0x00,
  0x3A,0x00,0x10,0x00,0x03,0x00,0x00,0x00,0x0A,0x10,0x10,0x00,0x01,0x00,0x00,0x00,
  0x37,0x00,0x00,0x09,0x12,0x00,0x10,0x00,0x04,0x00,0x00,0x00,0x1A,0x00,0x10,0x00,
  0x03,0x00,0x00,0x00,0x2A,0x00,0x10,0x00,0x03,0x00,0x00,0x00,0x0A,0x10,0x10,0x00,
  0x01,0x00,0x00,0x00,0x36,0x00,0x00,0x05,0x22,0x00,0x10,0x00,0x04,0x00,0x00,0x00,
  0x1A,0x10,0x10,0x00,0x01,0x00,0x00,0x00,0x37,0x00,0x00,0x09,0x32,0x00,0x10,0x00,
  0x02,0x00,0x00,0x00,0x06,0x00,0x10,0x00,0x03,0x00,0x00,0x00,0xE6,0x0A,0x10,0x00,
  0x02,0x00,0x00,0x00,0x46,0x00,0x10,0x00,0x04,0x00,0x00,0x00,0x15,0x00,0x00,0x01,
  0x15,0x00,0x00,0x01,0x15,0x00,0x00,0x01,0x15,0x00,0x00,0x01,0x15,0x00,0x00,0x01,
  0x15,0x00,0x00,0x01,0x15,0x00,0x00,0x01,0x15,0x00,0x00,0x01,0x15,0x00,0x00,0x01,
  0x15,0x00,0x00,0x01,0x15,0x00,0x00,0x01,0x15,0x00,0x00,0x01,0x15,0x00,0x00,0x01,
  0x15,0x00,0x00,0x01,0x36,0x20,0x00,0x05,0x32,0x00,0x10,0x00,0x02,0x00,0x00,0x00,
  0x46,0x00,0x10,0x00,0x02,0x00,0x00,0x00,0x48,0x00,0x00,0x0B,0xF2,0x00,0x10,0x00,
  0x03,0x00,0x00,0x00,0x46,0x10,0x10,0x00,0x01,0x00,0x00,0x00,0x46,0x7E,0x10,0x00,
  0x00,0x00,0x00,0x00,0x00,0x60,0x10,0x00,0x00,0x00,0x00,0x00,0x01,0x40,0x00,0x00,
  0x00,0x00,0x00,0x00,0x48,0x00,0x00,0x0B,0xF2,0x00,0x10,0x00,0x04,0x00,0x00,0x00,
  0x46,0x00,0x10,0x00,0x02,0x00,0x00,0x00,0x46,0x7E,0x10,0x00,0x00,0x00,0x00,0x00,
  0x00,0x60,0x10,0x00,0x00,0x00,0x00,0x00,0x01,0x40,0x00,0x00,0x00,0x00,0x00,0x00,
  0x38,0x00,0x00,0x07,0x42,0x00,0x10,0x00,0x02,0x00,0x00,0x00,0x1A,0x00,0x10,0x00,
  0x00,0x00,0x00,0x00,0x01,0x40,0x00,0x00,0x00,0x00,0x00,0x3F,0x33,0x00,0x00,0x07,
  0x42,0x00,0x10,0x00,0x02,0x00,0x00,0x00,0x2A,0x00,0x10,0x00,0x02,0x00,0x00,0x00,
  0x01,0x40,0x00,0x00,0x00,0x00,0x80,0x3F,0x1F,0x00,0x04,0x03,0x1A,0x00,0x10,0x00,
  0x01,0x00,0x00,0x00,0x10,0x00,0x00,0x0A,0x22,0x00,0x10,0x00,0x01,0x00,0x00,0x00,
  0x46,0x02,0x10,0x00,0x04,0x00,0x00,0x00,0x02,0x40,0x00,0x00,0x87,0x16,0x99,0x3E,
  0xA2,0x45,0x16,0x3F,0xD5,0x78,0xE9,0x3D,0x00,0x00,0x00,0x00,0x00,0x00,0x00,0x08,
  0x72,0x00,0x10,0x00,0x05,0x00,0x00,0x00,0x46,0x02,0x10,0x80,0x41,0x00,0x00,0x00,
  0x04,0x00,0x00,0x00,0x56,0x05,0x10,0x00,0x01,0x00,0x00,0x00,0x32,0x00,0x00,0x09,
  0x72,0x00,0x10,0x00,0x04,0x00,0x00,0x00,0xA6,0x0A,0x10,0x00,0x02,0x00,0x00,0x00,
  0x46,0x02,0x10,0x00,0x05,0x00,0x00,0x00,0x46,0x02,0x10,0x00,0x04,0x00,0x00,0x00,
  0x12,0x00,0x00,0x01,0x20,0x00,0x00,0x07,0x22,0x00,0x10,0x00,0x01,0x00,0x00,0x00,
  0x0A,0x00,0x10,0x00,0x00,0x00,0x00,0x00,0x01,0x40,0x00,0x00,0x04,0x00,0x00,0x00,
  0x1F,0x00,0x04,0x03,0x1A,0x00,0x10,0x00,0x01,0x00,0x00,0x00,0x10,0x20,0x00,0x0A,
  0x12,0x00,0x10,0x00,0x05,0x00,0x00,0x00,0x46,0x02,0x10,0x00,0x04,0x00,0x00,0x00,
  0x02,0x40,0x00,0x00,0x4C,0x37,0xC9,0x3E,0x21,0xB0,0xB2,0x3E,0x96,0x43,0x8B,0x3E,
  0x00,0x00,0x00,0x00,0x10,0x20,0x00,0x0A,0x22,0x00,0x10,0x00,0x05,0x00,0x00,0x00,
  0x46,0x02,0x10,0x00,0x04,0x00,0x00,0x00,0x02,0x40,0x00,0x00,0x2F,0xDD,0x44,0x3F,
  0xB2,0x9D,0x2F,0x3F,0x39,0xB4,0x08,0x3F,0x00,0x00,0x00,0x00,0x10,0x20,0x00,0x0A,
  0x42,0x00,0x10,0x00,0x05,0x00,0x00,0x00,0x46,0x02,0x10,0x00,0x04,0x00,0x00,0x00,
  0x02,0x40,0x00,0x00,0x37,0x89,0x41,0x3E,0x31,0x08,0x2C,0x3E,0xDD,0x24,0x06,0x3E,
  0x00,0x00,0x00,0x00,0x00,0x00,0x00,0x08,0x72,0x00,0x10,0x00,0x05,0x00,0x00,0x00,
  0x46,0x02,0x10,0x80,0x41,0x00,0x00,0x00,0x04,0x00,0x00,0x00,0x46,0x02,0x10,0x00,
  0x05,0x00,0x00,0x00,0x32,0x00,0x00,0x09,0x72,0x00,0x10,0x00,0x04,0x00,0x00,0x00,
  0xA6,0x0A,0x10,0x00,0x02,0x00,0x00,0x00,0x46,0x02,0x10,0x00,0x05,0x00,0x00,0x00,
  0x46,0x02,0x10,0x00,0x04,0x00,0x00,0x00,0x12,0x00,0x00,0x01,0x20,0x00,0x00,0x07,
  0x22,0x00,0x10,0x00,0x01,0x00,0x00,0x00,0x0A,0x00,0x10,0x00,0x00,0x00,0x00,0x00,
  0x01,0x40,0x00,0x00,0x05,0x00,0x00,0x00,0x1F,0x00,0x04,0x03,0x1A,0x00,0x10,0x00,
  0x01,0x00,0x00,0x00,0x00,0x00,0x00,0x0A,0x32,0x00,0x10,0x00,0x05,0x00,0x00,0x00,
  0x46,0x00,0x10,0x00,0x02,0x00,0x00,0x00,0x02,0x40,0x00,0x00,0x00,0x00,0x00,0xBF,
  0x00,0x00,0x00,0xBF,0x00,0x00,0x00,0x00,0x00,0x00,0x00,0x00,0x0F,0x00,0x00,0x07,
  0x22,0x00,0x10,0x00,0x01,0x00,0x00,0x00,0x46,0x00,0x10,0x00,0x05,0x00,0x00,0x00,
  0x46,0x00,0x10,0x00,0x05,0x00,0x00,0x00,0x32,0x00,0x00,0x09,0x82,0x00,0x10,0x00,
  0x02,0x00,0x00,0x00,0x2A,0x00,0x10,0x00,0x00,0x00,0x00,0x00,0x01,0x40,0x00,0x00,
  0x00,0x00,0x00,0x40,0x01,0x40,0x00,0x00,0x33,0x33,0xB3,0x3F,0x32,0x00,0x00,0x0A,
  0x22,0x00,0x10,0x00,0x01,0x00,0x00,0x00,0x1A,0x00,0x10,0x80,0x41,0x00,0x00,0x00,
  0x01,0x00,0x00,0x00,0x3A,0x00,0x10,0x00,0x02,0x00,0x00,0x00,0x01,0x40,0x00,0x00,
  0x00,0x00,0x80,0x3F,0x34,0x00,0x00,0x07,0x22,0x00,0x10,0x00,0x01,0x00,0x00,0x00,
  0x1A,0x00,0x10,0x00,0x01,0x00,0x00,0x00,0x01,0x40,0x00,0x00,0x8F,0xC2,0xF5,0x3D,
  0x32,0x00,0x00,0x0A,0x72,0x00,0x10,0x00,0x05,0x00,0x00,0x00,0x46,0x02,0x10,0x00,
  0x04,0x00,0x00,0x00,0x56,0x05,0x10,0x00,0x01,0x00,0x00,0x00,0x46,0x02,0x10,0x80,
  0x41,0x00,0x00,0x00,0x03,0x00,0x00,0x00,0x32,0x00,0x00,0x09,0x72,0x00,0x10,0x00,
  0x04,0x00,0x00,0x00,0xA6,0x0A,0x10,0x00,0x02,0x00,0x00,0x00,0x46,0x02,0x10,0x00,
  0x05,0x00,0x00,0x00,0x46,0x02,0x10,0x00,0x03,0x00,0x00,0x00,0x12,0x00,0x00,0x01,
  0x20,0x00,0x00,0x07,0x22,0x00,0x10,0x00,0x01,0x00,0x00,0x00,0x0A,0x00,0x10,0x00,
  0x00,0x00,0x00,0x00,0x01,0x40,0x00,0x00,0x06,0x00,0x00,0x00,0x1F,0x00,0x04,0x03,
  0x1A,0x00,0x10,0x00,0x01,0x00,0x00,0x00,0x36,0x00,0x00,0x08,0x52,0x00,0x10,0x00,
  0x05,0x00,0x00,0x00,0x02,0x40,0x00,0x00,0x00,0x00,0x00,0x00,0x00,0x00,0x00,0x00,
  0x00,0x00,0x00,0x00,0x00,0x00,0x00,0x00,0x36,0x00,0x00,0x07,0x22,0x00,0x10,0x00,
  0x05,0x00,0x00,0x00,0x3A,0x80,0x20,0x80,0x41,0x00,0x00,0x00,0x00,0x00,0x00,0x00,
  0x00,0x00,0x00,0x00,0x00,0x20,0x00,0x07,0x32,0x00,0x10,0x00,0x05,0x00,0x00,0x00,
  0x46,0x00,0x10,0x00,0x02,0x00,0x00,0x00,0x46,0x00,0x10,0x00,0x05,0x00,0x00,0x00,
  0x48,0x00,0x00,0x0B,0xF2,0x00,0x10,0x00,0x06,0x00,0x00,0x00,0x46,0x00,0x10,0x00,
  0x05,0x00,0x00,0x00,0x46,0x7E,0x10,0x00,0x00,0x00,0x00,0x00,0x00,0x60,0x10,0x00,
  0x00,0x00,0x00,0x00,0x01,0x40,0x00,0x00,0x00,0x00,0x00,0x00,0x36,0x00,0x00,0x06,
  0x82,0x00,0x10,0x00,0x05,0x00,0x00,0x00,0x3A,0x80,0x20,0x00,0x00,0x00,0x00,0x00,
  0x00,0x00,0x00,0x00,0x00,0x20,0x00,0x07,0x32,0x00,0x10,0x00,0x05,0x00,0x00,0x00,
  0x46,0x00,0x10,0x00,0x02,0x00,0x00,0x00,0xE6,0x0A,0x10,0x00,0x05,0x00,0x00,0x00,
  0x48,0x00,0x00,0x0B,0xF2,0x00,0x10,0x00,0x05,0x00,0x00,0x00,0x46,0x00,0x10,0x00,
  0x05,0x00,0x00,0x00,0x46,0x7E,0x10,0x00,0x00,0x00,0x00,0x00,0x00,0x60,0x10,0x00,
  0x00,0x00,0x00,0x00,0x01,0x40,0x00,0x00,0x00,0x00,0x00,0x00,0x36,0x00,0x00,0x07,
  0x12,0x00,0x10,0x00,0x07,0x00,0x00,0x00,0x2A,0x80,0x20,0x80,0x41,0x00,0x00,0x00,
  0x00,0x00,0x00,0x00,0x00,0x00,0x00,0x00,0x36,0x00,0x00,0x08,0xA2,0x00,0x10,0x00,
  0x07,0x00,0x00,0x00,0x02,0x40,0x00,0x00,0x00,0x00,0x00,0x00,0x00,0x00,0x00,0x00,
  0x00,0x00,0x00,0x00,0x00,0x00,0x00,0x00,0x00,0x20,0x00,0x07,0x32,0x00,0x10,0x00,
  0x07,0x00,0x00,0x00,0x46,0x00,0x10,0x00,0x02,0x00,0x00,0x00,0x46,0x00,0x10,0x00,
  0x07,0x00,0x00,0x00,0x48,0x00,0x00,0x0B,0xF2,0x00,0x10,0x00,0x08,0x00,0x00,0x00,
  0x46,0x00,0x10,0x00,0x07,0x00,0x00,0x00,0x46,0x7E,0x10,0x00,0x00,0x00,0x00,0x00,
  0x00,0x60,0x10,0x00,0x00,0x00,0x00,0x00,0x01,0x40,0x00,0x00,0x00,0x00,0x00,0x00,
  0x36,0x00,0x00,0x06,0x42,0x00,0x10,0x00,0x07,0x00,0x00,0x00,0x2A,0x80,0x20,0x00,
  0x00,0x00,0x00,0x00,0x00,0x00,0x00,0x00,0x00,0x20,0x00,0x07,0x32,0x00,0x10,0x00,
  0x07,0x00,0x00,0x00,0x46,0x00,0x10,0x00,0x02,0x00,0x00,0x00,0xE6,0x0A,0x10,0x00,
  0x07,0x00,0x00,0x00,0x48,0x00,0x00,0x0B,0xF2,0x00,0x10,0x00,0x07,0x00,0x00,0x00,
  0x46,0x00,0x10,0x00,0x07,0x00,0x00,0x00,0x46,0x7E,0x10,0x00,0x00,0x00,0x00,0x00,
  0x00,0x60,0x10,0x00,0x00,0x00,0x00,0x00,0x01,0x40,0x00,0x00,0x00,0x00,0x00,0x00,
  0x32,0x00,0x00,0x09,0x22,0x00,0x10,0x00,0x01,0x00,0x00,0x00,0x1A,0x00,0x10,0x00,
  0x00,0x00,0x00,0x00,0x01,0x40,0x00,0x00,0x00,0x00,0x80,0x40,0x01,0x40,0x00,0x00,
  0x00,0x00,0x40,0x40,0x32,0x00,0x00,0x0A,0x72,0x00,0x10,0x00,0x06,0x00,0x00,0x00,
  0x46,0x02,0x10,0x00,0x04,0x00,0x00,0x00,0x56,0x05,0x10,0x00,0x01,0x00,0x00,0x00,
  0x46,0x02,0x10,0x80,0x41,0x00,0x00,0x00,0x06,0x00,0x00,0x00,0x00,0x00,0x00,0x08,
  0x72,0x00,0x10,0x00,0x05,0x00,0x00,0x00,0x46,0x02,0x10,0x80,0x41,0x00,0x00,0x00,
  0x05,0x00,0x00,0x00,0x46,0x02,0x10,0x00,0x06,0x00,0x00,0x00,0x00,0x00,0x00,0x08,
  0x72,0x00,0x10,0x00,0x05,0x00,0x00,0x00,0x46,0x02,0x10,0x80,0x41,0x00,0x00,0x00,
  0x08,0x00,0x00,0x00,0x46,0x02,0x10,0x00,0x05,0x00,0x00,0x00,0x00,0x20,0x00,0x08,
  0x72,0x00,0x10,0x00,0x04,0x00,0x00,0x00,0x46,0x02,0x10,0x80,0x41,0x00,0x00,0x00,
  0x07,0x00,0x00,0x00,0x46,0x02,0x10,0x00,0x05,0x00,0x00,0x00,0x12,0x00,0x00,0x01,
  0x20,0x00,0x00,0x07,0x22,0x00,0x10,0x00,0x01,0x00,0x00,0x00,0x0A,0x00,0x10,0x00,
  0x00,0x00,0x00,0x00,0x01,0x40,0x00,0x00,0x09,0x00,0x00,0x00,0x1F,0x00,0x04,0x03,
  0x1A,0x00,0x10,0x00,0x01,0x00,0x00,0x00,0x32,0x00,0x00,0x0F,0x72,0x00,0x10,0x00,
  0x05,0x00,0x00,0x00,0x46,0x02,0x10,0x00,0x04,0x00,0x00,0x00,0x02,0x40,0x00,0x00,
  0x33,0x33,0x33,0x3F,0x71,0x3D,0x8A,0x3F,0x66,0x66,0xA6,0x3F,0x00,0x00,0x00,0x00,
  0x02,0x40,0x00,0x00,0x8F,0xC2,0xF5,0xBC,0x8F,0xC2,0xF5,0x3C,0x0A,0xD7,0xA3,0x3D,
  0x00,0x00,0x00,0x00,0x00,0x00,0x00,0x08,0x72,0x00,0x10,0x00,0x05,0x00,0x00,0x00,
  0x46,0x02,0x10,0x80,0x41,0x00,0x00,0x00,0x04,0x00,0x00,0x00,0x46,0x02,0x10,0x00,
  0x05,0x00,0x00,0x00,0x32,0x20,0x00,0x09,0x72,0x00,0x10,0x00,0x04,0x00,0x00,0x00,
  0xA6,0x0A,0x10,0x00,0x02,0x00,0x00,0x00,0x46,0x02,0x10,0x00,0x05,0x00,0x00,0x00,
  0x46,0x02,0x10,0x00,0x04,0x00,0x00,0x00,0x12,0x00,0x00,0x01,0x20,0x00,0x00,0x07,
  0x22,0x00,0x10,0x00,0x01,0x00,0x00,0x00,0x0A,0x00,0x10,0x00,0x00,0x00,0x00,0x00,
  0x01,0x40,0x00,0x00,0x0A,0x00,0x00,0x00,0x1F,0x00,0x04,0x03,0x1A,0x00,0x10,0x00,
  0x01,0x00,0x00,0x00,0x32,0x20,0x00,0x0F,0x72,0x00,0x10,0x00,0x05,0x00,0x00,0x00,
  0x46,0x02,0x10,0x00,0x04,0x00,0x00,0x00,0x02,0x40,0x00,0x00,0x66,0x66,0xA6,0x3F,
  0x1F,0x85,0x6B,0x3F,0x66,0x66,0x26,0x3F,0x00,0x00,0x00,0x00,0x02,0x40,0x00,0x00,
  0x0A,0xD7,0xA3,0x3D,0x0A,0xD7,0xA3,0x3C,0xCD,0xCC,0x4C,0xBD,0x00,0x00,0x00,0x00,
  0x00,0x00,0x00,0x0A,0x32,0x00,0x10,0x00,0x06,0x00,0x00,0x00,0x46,0x00,0x10,0x00,
  0x02,0x00,0x00,0x00,0x02,0x40,0x00,0x00,0x00,0x00,0x00,0xBF,0x00,0x00,0x00,0xBF,
  0x00,0x00,0x00,0x00,0x00,0x00,0x00,0x00,0x0F,0x00,0x00,0x07,0x22,0x00,0x10,0x00,
  0x01,0x00,0x00,0x00,0x46,0x00,0x10,0x00,0x06,0x00,0x00,0x00,0x46,0x00,0x10,0x00,
  0x06,0x00,0x00,0x00,0x32,0x00,0x00,0x0A,0x22,0x00,0x10,0x00,0x01,0x00,0x00,0x00,
  0x1A,0x00,0x10,0x80,0x41,0x00,0x00,0x00,0x01,0x00,0x00,0x00,0x01,0x40,0x00,0x00,
  0x9A,0x99,0xD9,0x3F,0x01,0x40,0x00,0x00,0x00,0x00,0x80,0x3F,0x34,0x00,0x00,0x07,
  0x22,0x00,0x10,0x00,0x01,0x00,0x00,0x00,0x1A,0x00,0x10,0x00,0x01,0x00,0x00,0x00,
  0x01,0x40,0x00,0x00,0x9A,0x99,0x99,0x3E,0x32,0x00,0x00,0x0A,0x72,0x00,0x10,0x00,
  0x05,0x00,0x00,0x00,0x46,0x02,0x10,0x00,0x05,0x00,0x00,0x00,0x56,0x05,0x10,0x00,
  0x01,0x00,0x00,0x00,0x46,0x02,0x10,0x80,0x41,0x00,0x00,0x00,0x04,0x00,0x00,0x00,
  0x32,0x00,0x00,0x09,0x72,0x00,0x10,0x00,0x04,0x00,0x00,0x00,0xA6,0x0A,0x10,0x00,
  0x02,0x00,0x00,0x00,0x46,0x02,0x10,0x00,0x05,0x00,0x00,0x00,0x46,0x02,0x10,0x00,
  0x04,0x00,0x00,0x00,0x12,0x00,0x00,0x01,0x20,0x00,0x00,0x07,0x22,0x00,0x10,0x00,
  0x01,0x00,0x00,0x00,0x0A,0x00,0x10,0x00,0x00,0x00,0x00,0x00,0x01,0x40,0x00,0x00,
  0x0B,0x00,0x00,0x00,0x1F,0x00,0x04,0x03,0x1A,0x00,0x10,0x00,0x01,0x00,0x00,0x00,
  0x38,0x00,0x00,0x07,0x72,0x00,0x10,0x00,0x05,0x00,0x00,0x00,0xA6,0x0A,0x10,0x00,
  0x02,0x00,0x00,0x00,0x46,0x02,0x10,0x00,0x04,0x00,0x00,0x00,0x32,0x20,0x00,0x0C,
  0x72,0x00,0x10,0x00,0x04,0x00,0x00,0x00,0x46,0x02,0x10,0x00,0x05,0x00,0x00,0x00,
  0x02,0x40,0x00,0x00,0xCC,0xCC,0x4C,0xBE,0xD0,0xCC,0x4C,0xBD,0x28,0x5C,0x8F,0x3E,
  0x00,0x00,0x00,0x00,0x46,0x02,0x10,0x00,0x04,0x00,0x00,0x00,0x12,0x00,0x00,0x01,
  0x20,0x00,0x00,0x07,0x22,0x00,0x10,0x00,0x01,0x00,0x00,0x00,0x0A,0x00,0x10,0x00,
  0x00,0x00,0x00,0x00,0x01,0x40,0x00,0x00,0x0C,0x00,0x00,0x00,0x1F,0x00,0x04,0x03,
  0x1A,0x00,0x10,0x00,0x01,0x00,0x00,0x00,0x38,0x00,0x00,0x07,0x72,0x00,0x10,0x00,
  0x05,0x00,0x00,0x00,0xA6,0x0A,0x10,0x00,0x02,0x00,0x00,0x00,0x46,0x02,0x10,0x00,
  0x04,0x00,0x00,0x00,0x32,0x20,0x00,0x0C,0x72,0x00,0x10,0x00,0x04,0x00,0x00,0x00,
  0x46,0x02,0x10,0x00,0x05,0x00,0x00,0x00,0x02,0x40,0x00,0x00,0x28,0x5C,0x8F,0x3E,
  0x10,0xD7,0xA3,0x3D,0xCC,0xCC,0x4C,0xBE,0x00,0x00,0x00,0x00,0x46,0x02,0x10,0x00,
  0x04,0x00,0x00,0x00,0x12,0x00,0x00,0x01,0x20,0x00,0x00,0x07,0x22,0x00,0x10,0x00,
  0x01,0x00,0x00,0x00,0x0A,0x00,0x10,0x00,0x00,0x00,0x00,0x00,0x01,0x40,0x00,0x00,
  0x0D,0x00,0x00,0x00,0x1F,0x00,0x04,0x03,0x1A,0x00,0x10,0x00,0x01,0x00,0x00,0x00,
  0x32,0x00,0x00,0x09,0x22,0x00,0x10,0x00,0x01,0x00,0x00,0x00,0x2A,0x00,0x10,0x00,
  0x00,0x00,0x00,0x00,0x01,0x40,0x00,0x00,0x00,0x00,0x00,0x41,0x01,0x40,0x00,0x00,
  0x00,0x00,0x40,0x40,0x32,0x00,0x00,0x0C,0x72,0x00,0x10,0x00,0x05,0x00,0x00,0x00,
  0x46,0x02,0x10,0x00,0x04,0x00,0x00,0x00,0x56,0x05,0x10,0x00,0x01,0x00,0x00,0x00,
  0x02,0x40,0x00,0x00,0x00,0x00,0x00,0x3F,0x00,0x00,0x00,0x3F,0x00,0x00,0x00,0x3F,
  0x00,0x00,0x00,0x00,0x41,0x00,0x00,0x05,0x72,0x00,0x10,0x00,0x05,0x00,0x00,0x00,
  0x46,0x02,0x10,0x00,0x05,0x00,0x00,0x00,0x0E,0x00,0x00,0x07,0x72,0x00,0x10,0x00,
  0x05,0x00,0x00,0x00,0x46,0x02,0x10,0x00,0x05,0x00,0x00,0x00,0x56,0x05,0x10,0x00,
  0x01,0x00,0x00,0x00,0x00,0x00,0x00,0x08,0x72,0x00,0x10,0x00,0x05,0x00,0x00,0x00,
  0x46,0x02,0x10,0x80,0x41,0x00,0x00,0x00,0x04,0x00,0x00,0x00,0x46,0x02,0x10,0x00,
  0x05,0x00,0x00,0x00,0x32,0x00,0x00,0x09,0x72,0x00,0x10,0x00,0x04,0x00,0x00,0x00,
  0xA6,0x0A,0x10,0x00,0x02,0x00,0x00,0x00,0x46,0x02,0x10,0x00,0x05,0x00,0x00,0x00,
  0x46,0x02,0x10,0x00,0x04,0x00,0x00,0x00,0x12,0x00,0x00,0x01,0x20,0x00,0x00,0x07,
  0x22,0x00,0x10,0x00,0x01,0x00,0x00,0x00,0x0A,0x00,0x10,0x00,0x00,0x00,0x00,0x00,
  0x01,0x40,0x00,0x00,0x0E,0x00,0x00,0x00,0x1F,0x00,0x04,0x03,0x1A,0x00,0x10,0x00,
  0x01,0x00,0x00,0x00,0x32,0x00,0x00,0x09,0x22,0x00,0x10,0x00,0x01,0x00,0x00,0x00,
  0x2A,0x00,0x10,0x00,0x00,0x00,0x00,0x00,0x01,0x40,0x00,0x00,0x00,0x00,0x00,0x40,
  0x01,0x40,0x00,0x00,0x00,0x00,0x80,0x3F,0x32,0x00,0x00,0x0A,0x22,0x00,0x10,0x00,
  0x01,0x00,0x00,0x00,0x3A,0x80,0x20,0x00,0x00,0x00,0x00,0x00,0x00,0x00,0x00,0x00,
  0x1A,0x00,0x10,0x00,0x01,0x00,0x00,0x00,0x01,0x40,0x00,0x00,0xBD,0x37,0x86,0x35,
  0x0E,0x00,0x00,0x07,0x22,0x00,0x10,0x00,0x01,0x00,0x00,0x00,0x1A,0x00,0x10,0x00,
  0x02,0x00,0x00,0x00,0x1A,0x00,0x10,0x00,0x01,0x00,0x00,0x00,0x1A,0x00,0x00,0x05,
  0x22,0x00,0x10,0x00,0x01,0x00,0x00,0x00,0x1A,0x00,0x10,0x00,0x01,0x00,0x00,0x00,
  0x31,0x00,0x00,0x07,0x22,0x00,0x10,0x00,0x01,0x00,0x00,0x00,0x1A,0x00,0x10,0x00,
  0x01,0x00,0x00,0x00,0x01,0x40,0x00,0x00,0x00,0x00,0x00,0x3F,0x32,0x00,0x00,0x0A,
  0x82,0x00,0x10,0x00,0x02,0x00,0x00,0x00,0x1A,0x00,0x10,0x80,0x41,0x00,0x00,0x00,
  0x00,0x00,0x00,0x00,0x01,0x40,0x00,0x00,0xCD,0xCC,0x0C,0x3F,0x01,0x40,0x00,0x00,
  0x00,0x00,0x80,0x3F,0x34,0x00,0x00,0x07,0x82,0x00,0x10,0x00,0x02,0x00,0x00,0x00,
  0x3A,0x00,0x10,0x00,0x02,0x00,0x00,0x00,0x01,0x40,0x00,0x00,0x00,0x00,0x00,0x00,
  0x38,0x00,0x00,0x07,0x72,0x00,0x10,0x00,0x05,0x00,0x00,0x00,0xF6,0x0F,0x10,0x00,
  0x02,0x00,0x00,0x00,0x46,0x02,0x10,0x00,0x04,0x00,0x00,0x00,0x37,0x00,0x00,0x09,
  0x72,0x00,0x10,0x00,0x04,0x00,0x00,0x00,0x56,0x05,0x10,0x00,0x01,0x00,0x00,0x00,
  0x46,0x02,0x10,0x00,0x05,0x00,0x00,0x00,0x46,0x02,0x10,0x00,0x04,0x00,0x00,0x00,
  0x12,0x00,0x00,0x01,0x20,0x00,0x00,0x07,0x22,0x00,0x10,0x00,0x01,0x00,0x00,0x00,
  0x0A,0x00,0x10,0x00,0x00,0x00,0x00,0x00,0x01,0x40,0x00,0x00,0x0F,0x00,0x00,0x00,
  0x1F,0x00,0x04,0x03,0x1A,0x00,0x10,0x00,0x01,0x00,0x00,0x00,0x36,0x00,0x00,0x08,
  0x52,0x00,0x10,0x00,0x05,0x00,0x00,0x00,0x02,0x40,0x00,0x00,0x00,0x00,0x00,0x00,
  0x00,0x00,0x00,0x00,0x00,0x00,0x00,0x00,0x00,0x00,0x00,0x00,0x36,0x00,0x00,0x07,
  0x22,0x00,0x10,0x00,0x05,0x00,0x00,0x00,0x3A,0x80,0x20,0x80,0x41,0x00,0x00,0x00,
  0x00,0x00,0x00,0x00,0x00,0x00,0x00,0x00,0x00,0x20,0x00,0x07,0x32,0x00,0x10,0x00,
  0x05,0x00,0x00,0x00,0x46,0x00,0x10,0x00,0x02,0x00,0x00,0x00,0x46,0x00,0x10,0x00,
  0x05,0x00,0x00,0x00,0x48,0x00,0x00,0x0B,0xF2,0x00,0x10,0x00,0x06,0x00,0x00,0x00,
  0x46,0x00,0x10,0x00,0x05,0x00,0x00,0x00,0x46,0x7E,0x10,0x00,0x00,0x00,0x00,0x00,
  0x00,0x60,0x10,0x00,0x00,0x00,0x00,0x00,0x01,0x40,0x00,0x00,0x00,0x00,0x00,0x00,
  0x36,0x00,0x00,0x06,0x82,0x00,0x10,0x00,0x05,0x00,0x00,0x00,0x3A,0x80,0x20,0x00,
  0x00,0x00,0x00,0x00,0x00,0x00,0x00,0x00,0x00,0x20,0x00,0x07,0x32,0x00,0x10,0x00,
  0x05,0x00,0x00,0x00,0x46,0x00,0x10,0x00,0x02,0x00,0x00,0x00,0xE6,0x0A,0x10,0x00,
  0x05,0x00,0x00,0x00,0x48,0x00,0x00,0x0B,0xF2,0x00,0x10,0x00,0x05,0x00,0x00,0x00,
  0x46,0x00,0x10,0x00,0x05,0x00,0x00,0x00,0x46,0x7E,0x10,0x00,0x00,0x00,0x00,0x00,
  0x00,0x60,0x10,0x00,0x00,0x00,0x00,0x00,0x01,0x40,0x00,0x00,0x00,0x00,0x00,0x00,
  0x36,0x00,0x00,0x07,0x12,0x00,0x10,0x00,0x07,0x00,0x00,0x00,0x2A,0x80,0x20,0x80,
  0x41,0x00,0x00,0x00,0x00,0x00,0x00,0x00,0x00,0x00,0x00,0x00,0x36,0x00,0x00,0x08,
  0xA2,0x00,0x10,0x00,0x07,0x00,0x00,0x00,0x02,0x40,0x00,0x00,0x00,0x00,0x00,0x00,
  0x00,0x00,0x00,0x00,0x00,0x00,0x00,0x00,0x00,0x00,0x00,0x00,0x00,0x20,0x00,0x07,
  0x32,0x00,0x10,0x00,0x07,0x00,0x00,0x00,0x46,0x00,0x10,0x00,0x02,0x00,0x00,0x00,
  0x46,0x00,0x10,0x00,0x07,0x00,0x00,0x00,0x48,0x00,0x00,0x0B,0xF2,0x00,0x10,0x00,
  0x08,0x00,0x00,0x00,0x46,0x00,0x10,0x00,0x07,0x00,0x00,0x00,0x46,0x7E,0x10,0x00,
  0x00,0x00,0x00,0x00,0x00,0x60,0x10,0x00,0x00,0x00,0x00,0x00,0x01,0x40,0x00,0x00,
  0x00,0x00,0x00,0x00,0x36,0x00,0x00,0x06,0x42,0x00,0x10,0x00,0x07,0x00,0x00,0x00,
  0x2A,0x80,0x20,0x00,0x00,0x00,0x00,0x00,0x00,0x00,0x00,0x00,0x00,0x20,0x00,0x07,
  0x32,0x00,0x10,0x00,0x07,0x00,0x00,0x00,0x46,0x00,0x10,0x00,0x02,0x00,0x00,0x00,
  0xE6,0x0A,0x10,0x00,0x07,0x00,0x00,0x00,0x48,0x00,0x00,0x0B,0xF2,0x00,0x10,0x00,
  0x07,0x00,0x00,0x00,0x46,0x00,0x10,0x00,0x07,0x00,0x00,0x00,0x46,0x7E,0x10,0x00,
  0x00,0x00,0x00,0x00,0x00,0x60,0x10,0x00,0x00,0x00,0x00,0x00,0x01,0x40,0x00,0x00,
  0x00,0x00,0x00,0x00,0x00,0x00,0x00,0x08,0x72,0x00,0x10,0x00,0x07,0x00,0x00,0x00,
  0x46,0x02,0x10,0x80,0x41,0x00,0x00,0x00,0x08,0x00,0x00,0x00,0x46,0x02,0x10,0x00,
  0x07,0x00,0x00,0x00,0x10,0x00,0x00,0x07,0x22,0x00,0x10,0x00,0x01,0x00,0x00,0x00,
  0x46,0x02,0x10,0x00,0x07,0x00,0x00,0x00,0x46,0x02,0x10,0x00,0x07,0x00,0x00,0x00,
  0x4B,0x00,0x00,0x05,0x22,0x00,0x10,0x00,0x01,0x00,0x00,0x00,0x1A,0x00,0x10,0x00,
  0x01,0x00,0x00,0x00,0x00,0x00,0x00,0x08,0x72,0x00,0x10,0x00,0x05,0x00,0x00,0x00,
  0x46,0x02,0x10,0x80,0x41,0x00,0x00,0x00,0x06,0x00,0x00,0x00,0x46,0x02,0x10,0x00,
  0x05,0x00,0x00,0x00,0x10,0x00,0x00,0x07,0x82,0x00,0x10,0x00,0x02,0x00,0x00,0x00,
  0x46,0x02,0x10,0x00,0x05,0x00,0x00,0x00,0x46,0x02,0x10,0x00,0x05,0x00,0x00,0x00,
  0x4B,0x00,0x00,0x05,0x82,0x00,0x10,0x00,0x02,0x00,0x00,0x00,0x3A,0x00,0x10,0x00,
  0x02,0x00,0x00,0x00,0x00,0x00,0x00,0x07,0x22,0x00,0x10,0x00,0x01,0x00,0x00,0x00,
  0x1A,0x00,0x10,0x00,0x01,0x00,0x00,0x00,0x3A,0x00,0x10,0x00,0x02,0x00,0x00,0x00,
  0x38,0x00,0x00,0x07,0x22,0x00,0x10,0x00,0x01,0x00,0x00,0x00,0x1A,0x00,0x10,0x00,
  0x00,0x00,0x00,0x00,0x1A,0x00,0x10,0x00,0x01,0x00,0x00,0x00,0x33,0x00,0x00,0x0A,
  0x72,0x00,0x10,0x00,0x04,0x00,0x00,0x00,0x56,0x05,0x10,0x00,0x01,0x00,0x00,0x00,
  0x02,0x40,0x00,0x00,0x00,0x00,0x80,0x3F,0x00,0x00,0x80,0x3F,0x00,0x00,0x80,0x3F,
  0x00,0x00,0x00,0x00,0x12,0x00,0x00,0x01,0x20,0x00,0x00,0x07,0x22,0x00,0x10,0x00,
  0x01,0x00,0x00,0x00,0x0A,0x00,0x10,0x00,0x00,0x00,0x00,0x00,0x01,0x40,0x00,0x00,
  0x10,0x00,0x00,0x00,0x1F,0x00,0x04,0x03,0x1A,0x00,0x10,0x00,0x01,0x00,0x00,0x00,
  0x32,0x00,0x00,0x0F,0x72,0x00,0x10,0x00,0x05,0x00,0x00,0x00,0x46,0x02,0x10,0x00,
  0x04,0x00,0x00,0x00,0x02,0x40,0x00,0x00,0x00,0x00,0x00,0xC0,0x00,0x00,0x00,0xC0,
  0x00,0x00,0x00,0xC0,0x00,0x00,0x00,0x00,0x02,0x40,0x00,0x00,0x00,0x00,0x80,0x3F,
  0x00,0x00,0x80,0x3F,0x00,0x00,0x80,0x3F,0x00,0x00,0x00,0x00,0x32,0x00,0x00,0x09,
  0x72,0x00,0x10,0x00,0x04,0x00,0x00,0x00,0xA6,0x0A,0x10,0x00,0x02,0x00,0x00,0x00,
  0x46,0x02,0x10,0x00,0x05,0x00,0x00,0x00,0x46,0x02,0x10,0x00,0x04,0x00,0x00,0x00,
  0x12,0x00,0x00,0x01,0x20,0x00,0x00,0x07,0x22,0x00,0x10,0x00,0x01,0x00,0x00,0x00,
  0x0A,0x00,0x10,0x00,0x00,0x00,0x00,0x00,0x01,0x40,0x00,0x00,0x11,0x00,0x00,0x00,
  0x1F,0x00,0x04,0x03,0x1A,0x00,0x10,0x00,0x01,0x00,0x00,0x00,0x1D,0x00,0x00,0x0A,
  0x72,0x00,0x10,0x00,0x05,0x00,0x00,0x00,0x46,0x02,0x10,0x00,0x04,0x00,0x00,0x00,
  0x02,0x40,0x00,0x00,0x00,0x00,0x00,0x3F,0x00,0x00,0x00,0x3F,0x00,0x00,0x00,0x3F,
  0x00,0x00,0x00,0x00,0x01,0x00,0x00,0x0A,0x72,0x00,0x10,0x00,0x05,0x00,0x00,0x00,
  0x46,0x02,0x10,0x00,0x05,0x00,0x00,0x00,0x02,0x40,0x00,0x00,0x00,0x00,0x80,0x3F,
  0x00,0x00,0x80,0x3F,0x00,0x00,0x80,0x3F,0x00,0x00,0x00,0x00,0x32,0x00,0x00,0x0F,
  0x72,0x00,0x10,0x00,0x06,0x00,0x00,0x00,0x46,0x02,0x10,0x00,0x04,0x00,0x00,0x00,
  0x02,0x40,0x00,0x00,0x00,0x00,0x00,0xC0,0x00,0x00,0x00,0xC0,0x00,0x00,0x00,0xC0,
  0x00,0x00,0x00,0x00,0x02,0x40,0x00,0x00,0x00,0x00,0x80,0x3F,0x00,0x00,0x80,0x3F,
  0x00,0x00,0x80,0x3F,0x00,0x00,0x00,0x00,0x38,0x00,0x00,0x07,0x72,0x00,0x10,0x00,
  0x05,0x00,0x00,0x00,0x46,0x02,0x10,0x00,0x05,0x00,0x00,0x00,0x46,0x02,0x10,0x00,
  0x06,0x00,0x00,0x00,0x32,0x00,0x00,0x09,0x72,0x00,0x10,0x00,0x04,0x00,0x00,0x00,
  0xA6,0x0A,0x10,0x00,0x02,0x00,0x00,0x00,0x46,0x02,0x10,0x00,0x05,0x00,0x00,0x00,
  0x46,0x02,0x10,0x00,0x04,0x00,0x00,0x00,0x12,0x00,0x00,0x01,0x20,0x00,0x00,0x07,
  0x22,0x00,0x10,0x00,0x01,0x00,0x00,0x00,0x0A,0x00,0x10,0x00,0x00,0x00,0x00,0x00,
  0x01,0x40,0x00,0x00,0x14,0x00,0x00,0x00,0x1F,0x00,0x04,0x03,0x1A,0x00,0x10,0x00,
  0x01,0x00,0x00,0x00,0x38,0x00,0x00,0x08,0x22,0x00,0x10,0x00,0x01,0x00,0x00,0x00,
  0x2A,0x00,0x10,0x00,0x00,0x00,0x00,0x00,0x1A,0x80,0x20,0x00,0x00,0x00,0x00,0x00,
  0x00,0x00,0x00,0x00,0x32,0x00,0x00,0x0C,0x32,0x00,0x10,0x00,0x05,0x00,0x00,0x00,
  0x46,0x00,0x10,0x00,0x02,0x00,0x00,0x00,0x02,0x40,0x00,0x00,0x00,0x00,0x61,0x44,
  0x00,0x00,0xFA,0x43,0x00,0x00,0x00,0x00,0x00,0x00,0x00,0x00,0x56,0x05,0x10,0x00,
  0x01,0x00,0x00,0x00,0x0F,0x00,0x00,0x0A,0x22,0x00,0x10,0x00,0x01,0x00,0x00,0x00,
  0x46,0x00,0x10,0x00,0x05,0x00,0x00,0x00,0x02,0x40,0x00,0x00,0x33,0x33,0xFE,0x42,
  0x9A,0xD9,0x9B,0x43,0x00,0x00,0x00,0x00,0x00,0x00,0x00,0x00,0x4D,0x00,0x00,0x06,
  0x22,0x00,0x10,0x00,0x01,0x00,0x00,0x00,0x00,0xD0,0x00,0x00,0x1A,0x00,0x10,0x00,
  0x01,0x00,0x00,0x00,0x38,0x00,0x00,0x07,0x22,0x00,0x10,0x00,0x01,0x00,0x00,0x00,
  0x1A,0x00,0x10,0x00,0x01,0x00,0x00,0x00,0x01,0x40,0x00,0x00,0x8C,0xEE,0x2A,0x47,
  0x1A,0x00,0x00,0x05,0x22,0x00,0x10,0x00,0x01,0x00,0x00,0x00,0x1A,0x00,0x10,0x00,
  0x01,0x00,0x00,0x00,0x00,0x00,0x00,0x07,0x22,0x00,0x10,0x00,0x01,0x00,0x00,0x00,
  0x1A,0x00,0x10,0x00,0x01,0x00,0x00,0x00,0x01,0x40,0x00,0x00,0x00,0x00,0x00,0xBF,
  0x38,0x00,0x00,0x07,0x22,0x00,0x10,0x00,0x01,0x00,0x00,0x00,0x1A,0x00,0x10,0x00,
  0x00,0x00,0x00,0x00,0x1A,0x00,0x10,0x00,0x01,0x00,0x00,0x00,0x32,0x20,0x00,0x0C,
  0x72,0x00,0x10,0x00,0x04,0x00,0x00,0x00,0x56,0x05,0x10,0x00,0x01,0x00,0x00,0x00,
  0x02,0x40,0x00,0x00,0x33,0x33,0xB3,0x3E,0x33,0x33,0xB3,0x3E,0x33,0x33,0xB3,0x3E,
  0x00,0x00,0x00,0x00,0x46,0x02,0x10,0x00,0x04,0x00,0x00,0x00,0x12,0x00,0x00,0x01,
  0x20,0x00,0x00,0x07,0x22,0x00,0x10,0x00,0x01,0x00,0x00,0x00,0x0A,0x00,0x10,0x00,
  0x00,0x00,0x00,0x00,0x01,0x40,0x00,0x00,0x15,0x00,0x00,0x00,0x1F,0x00,0x04,0x03,
  0x1A,0x00,0x10,0x00,0x01,0x00,0x00,0x00,0x32,0x00,0x00,0x0F,0x32,0x00,0x10,0x00,
  0x05,0x00,0x00,0x00,0xE6,0x0A,0x10,0x00,0x00,0x00,0x00,0x00,0x02,0x40,0x00,0x00,
  0x00,0x00,0x80,0x40,0x00,0x00,0x00,0x40,0x00,0x00,0x00,0x00,0x00,0x00,0x00,0x00,
  0x02,0x40,0x00,0x00,0x00,0x00,0x40,0x40,0x00,0x00,0x00,0x40,0x00,0x00,0x00,0x00,
  0x00,0x00,0x00,0x00,0x1B,0x00,0x00,0x05,0x22,0x00,0x10,0x00,0x01,0x00,0x00,0x00,
  0x0A,0x00,0x10,0x00,0x05,0x00,0x00,0x00,0x25,0x00,0x00,0x07,0x22,0x00,0x10,0x00,
  0x01,0x00,0x00,0x00,0x1A,0x00,0x10,0x00,0x01,0x00,0x00,0x00,0x01,0x40,0x00,0x00,
  0x08,0x00,0x00,0x00,0x36,0x00,0x00,0x05,0x42,0x00,0x10,0x00,0x06,0x00,0x00,0x00,
  0x01,0x40,0x00,0x00,0x00,0x00,0x00,0x00,0x36,0x00,0x00,0x08,0xD2,0x00,0x10,0x00,
  0x05,0x00,0x00,0x00,0x02,0x40,0x00,0x00,0x00,0x00,0x00,0x00,0x00,0x00,0x00,0x00,
  0x00,0x00,0x00,0x00,0x00,0x00,0x00,0x00,0x36,0x00,0x00,0x05,0x82,0x00,0x10,0x00,
  0x02,0x00,0x00,0x00,0x1A,0x00,0x10,0x00,0x01,0x00,0x00,0x00,0x36,0x00,0x00,0x05,
  0x82,0x00,0x10,0x00,0x03,0x00,0x00,0x00,0x01,0x40,0x00,0x00,0x01,0x00,0x00,0x00,
  0x30,0x00,0x00,0x01,0x22,0x00,0x00,0x07,0x82,0x00,0x10,0x00,0x06,0x00,0x00,0x00,
  0x01,0x40,0x00,0x00,0x08,0x00,0x00,0x00,0x3A,0x00,0x10,0x00,0x03,0x00,0x00,0x00,
  0x03,0x00,0x04,0x03,0x3A,0x00,0x10,0x00,0x06,0x00,0x00,0x00,0x22,0x00,0x00,0x07,
  0x82,0x00,0x10,0x00,0x06,0x00,0x00,0x00,0x3A,0x00,0x10,0x00,0x02,0x00,0x00,0x00,
  0x3A,0x00,0x10,0x00,0x03,0x00,0x00,0x00,0x1F,0x00,0x04,0x03,0x3A,0x00,0x10,0x00,
  0x06,0x00,0x00,0x00,0x02,0x00,0x00,0x01,0x15,0x00,0x00,0x01,0x2B,0x00,0x00,0x05,
  0x82,0x00,0x10,0x00,0x06,0x00,0x00,0x00,0x3A,0x00,0x10,0x00,0x03,0x00,0x00,0x00,
  0x38,0x00,0x00,0x07,0x82,0x00,0x10,0x00,0x06,0x00,0x00,0x00,0x1A,0x00,0x10,0x00,
  0x05,0x00,0x00,0x00,0x3A,0x00,0x10,0x00,0x06,0x00,0x00,0x00,0x38,0x00,0x00,0x08,
  0x32,0x00,0x10,0x00,0x06,0x00,0x00,0x00,0xF6,0x0F,0x10,0x00,0x06,0x00,0x00,0x00,
  0xE6,0x8A,0x20,0x00,0x00,0x00,0x00,0x00,0x00,0x00,0x00,0x00,0x00,0x20,0x00,0x07,
  0xF2,0x00,0x10,0x00,0x07,0x00,0x00,0x00,0x46,0x04,0x10,0x00,0x02,0x00,0x00,0x00,
  0x86,0x06,0x10,0x00,0x06,0x00,0x00,0x00,0x48,0x00,0x00,0x0B,0xF2,0x00,0x10,0x00,
  0x08,0x00,0x00,0x00,0x46,0x00,0x10,0x00,0x07,0x00,0x00,0x00,0x46,0x7E,0x10,0x00,
  0x00,0x00,0x00,0x00,0x00,0x60,0x10,0x00,0x00,0x00,0x00,0x00,0x01,0x40,0x00,0x00,
  0x00,0x00,0x00,0x00,0x00,0x00,0x00,0x07,0x72,0x00,0x10,0x00,0x08,0x00,0x00,0x00,
  0x86,0x03,0x10,0x00,0x05,0x00,0x00,0x00,0x46,0x02,0x10,0x00,0x08,0x00,0x00,0x00,
  0x00,0x20,0x00,0x08,0xF2,0x00,0x10,0x00,0x09,0x00,0x00,0x00,0x46,0x04,0x10,0x00,
  0x02,0x00,0x00,0x00,0x86,0x06,0x10,0x80,0x41,0x00,0x00,0x00,0x06,0x00,0x00,0x00,
  0x48,0x00,0x00,0x0B,0xF2,0x00,0x10,0x00,0x0A,0x00,0x00,0x00,0x46,0x00,0x10,0x00,
  0x09,0x00,0x00,0x00,0x46,0x7E,0x10,0x00,0x00,0x00,0x00,0x00,0x00,0x60,0x10,0x00,
  0x00,0x00,0x00,0x00,0x01,0x40,0x00,0x00,0x00,0x00,0x00,0x00,0x00,0x00,0x00,0x07,
  0xB2,0x00,0x10,0x00,0x06,0x00,0x00,0x00,0x46,0x08,0x10,0x00,0x08,0x00,0x00,0x00,
  0x46,0x08,0x10,0x00,0x0A,0x00,0x00,0x00,0x48,0x00,0x00,0x0B,0xF2,0x00,0x10,0x00,
  0x07,0x00,0x00,0x00,0xE6,0x0A,0x10,0x00,0x07,0x00,0x00,0x00,0x46,0x7E,0x10,0x00,
  0x00,0x00,0x00,0x00,0x00,0x60,0x10,0x00,0x00,0x00,0x00,0x00,0x01,0x40,0x00,0x00,
  0x00,0x00,0x00,0x00,0x00,0x00,0x00,0x07,0xB2,0x00,0x10,0x00,0x06,0x00,0x00,0x00,
  0x46,0x0C,0x10,0x00,0x06,0x00,0x00,0x00,0x46,0x08,0x10,0x00,0x07,0x00,0x00,0x00,
  0x48,0x00,0x00,0x0B,0xF2,0x00,0x10,0x00,0x07,0x00,0x00,0x00,0xE6,0x0A,0x10,0x00,
  0x09,0x00,0x00,0x00,0x46,0x7E,0x10,0x00,0x00,0x00,0x00,0x00,0x00,0x60,0x10,0x00,
  0x00,0x00,0x00,0x00,0x01,0x40,0x00,0x00,0x00,0x00,0x00,0x00,0x00,0x00,0x00,0x07,
  0xD2,0x00,0x10,0x00,0x05,0x00,0x00,0x00,0x06,0x0D,0x10,0x00,0x06,0x00,0x00,0x00,
  0x06,0x09,0x10,0x00,0x07,0x00,0x00,0x00,0x1E,0x00,0x00,0x07,0x82,0x00,0x10,0x00,
  0x03,0x00,0x00,0x00,0x3A,0x00,0x10,0x00,0x03,0x00,0x00,0x00,0x01,0x40,0x00,0x00,
  0x01,0x00,0x00,0x00,0x16,0x00,0x00,0x01,0x32,0x00,0x00,0x0F,0x72,0x00,0x10,0x00,
  0x05,0x00,0x00,0x00,0x86,0x03,0x10,0x00,0x05,0x00,0x00,0x00,0x02,0x40,0x00,0x00,
  0xCD,0xCC,0x4C,0x3D,0xCD,0xCC,0x4C,0x3D,0xCD,0xCC,0x4C,0x3D,0x00,0x00,0x00,0x00,
  0x02,0x40,0x00,0x00,0x29,0x5C,0x8F,0xBE,0x29,0x5C,0x8F,0xBE,0x29,0x5C,0x8F,0xBE,
  0x00,0x00,0x00,0x00,0x34,0x00,0x00,0x0A,0x72,0x00,0x10,0x00,0x05,0x00,0x00,0x00,
  0x46,0x02,0x10,0x00,0x05,0x00,0x00,0x00,0x02,0x40,0x00,0x00,0x00,0x00,0x00,0x00,
  0x00,0x00,0x00,0x00,0x00,0x00,0x00,0x00,0x00,0x00,0x00,0x00,0x38,0x00,0x00,0x07,
  0x72,0x00,0x10,0x00,0x05,0x00,0x00,0x00,0x56,0x05,0x10,0x00,0x00,0x00,0x00,0x00,
  0x46,0x02,0x10,0x00,0x05,0x00,0x00,0x00,0x32,0x20,0x00,0x0C,0x72,0x00,0x10,0x00,
  0x04,0x00,0x00,0x00,0x46,0x02,0x10,0x00,0x05,0x00,0x00,0x00,0x02,0x40,0x00,0x00,
  0xCD,0xCC,0x0C,0x40,0xCD,0xCC,0x0C,0x40,0xCD,0xCC,0x0C,0x40,0x00,0x00,0x00,0x00,
  0x46,0x02,0x10,0x00,0x04,0x00,0x00,0x00,0x12,0x00,0x00,0x01,0x20,0x00,0x00,0x07,
  0x22,0x00,0x10,0x00,0x01,0x00,0x00,0x00,0x0A,0x00,0x10,0x00,0x00,0x00,0x00,0x00,
  0x01,0x40,0x00,0x00,0x16,0x00,0x00,0x00,0x1F,0x00,0x04,0x03,0x1A,0x00,0x10,0x00,
  0x01,0x00,0x00,0x00,0x36,0x00,0x00,0x08,0x52,0x00,0x10,0x00,0x05,0x00,0x00,0x00,
  0x02,0x40,0x00,0x00,0x00,0x00,0x00,0x00,0x00,0x00,0x00,0x00,0x00,0x00,0x00,0x00,
  0x00,0x00,0x00,0x00,0x36,0x00,0x00,0x07,0x22,0x00,0x10,0x00,0x05,0x00,0x00,0x00,
  0x3A,0x80,0x20,0x80,0x41,0x00,0x00,0x00,0x00,0x00,0x00,0x00,0x00,0x00,0x00,0x00,
  0x00,0x20,0x00,0x07,0x32,0x00,0x10,0x00,0x05,0x00,0x00,0x00,0x46,0x00,0x10,0x00,
  0x02,0x00,0x00,0x00,0x46,0x00,0x10,0x00,0x05,0x00,0x00,0x00,0x48,0x00,0x00,0x0B,
  0xF2,0x00,0x10,0x00,0x06,0x00,0x00,0x00,0x46,0x00,0x10,0x00,0x05,0x00,0x00,0x00,
  0x46,0x7E,0x10,0x00,0x00,0x00,0x00,0x00,0x00,0x60,0x10,0x00,0x00,0x00,0x00,0x00,
  0x01,0x40,0x00,0x00,0x00,0x00,0x00,0x00,0x36,0x00,0x00,0x06,0x82,0x00,0x10,0x00,
  0x05,0x00,0x00,0x00,0x3A,0x80,0x20,0x00,0x00,0x00,0x00,0x00,0x00,0x00,0x00,0x00,
  0x00,0x20,0x00,0x07,0x32,0x00,0x10,0x00,0x05,0x00,0x00,0x00,0x46,0x00,0x10,0x00,
  0x02,0x00,0x00,0x00,0xE6,0x0A,0x10,0x00,0x05,0x00,0x00,0x00,0x48,0x00,0x00,0x0B,
  0xF2,0x00,0x10,0x00,0x05,0x00,0x00,0x00,0x46,0x00,0x10,0x00,0x05,0x00,0x00,0x00,
  0x46,0x7E,0x10,0x00,0x00,0x00,0x00,0x00,0x00,0x60,0x10,0x00,0x00,0x00,0x00,0x00,
  0x01,0x40,0x00,0x00,0x00,0x00,0x00,0x00,0x36,0x00,0x00,0x07,0x12,0x00,0x10,0x00,
  0x07,0x00,0x00,0x00,0x2A,0x80,0x20,0x80,0x41,0x00,0x00,0x00,0x00,0x00,0x00,0x00,
  0x00,0x00,0x00,0x00,0x36,0x00,0x00,0x08,0xA2,0x00,0x10,0x00,0x07,0x00,0x00,0x00,
  0x02,0x40,0x00,0x00,0x00,0x00,0x00,0x00,0x00,0x00,0x00,0x00,0x00,0x00,0x00,0x00,
  0x00,0x00,0x00,0x00,0x00,0x20,0x00,0x07,0x32,0x00,0x10,0x00,0x07,0x00,0x00,0x00,
  0x46,0x00,0x10,0x00,0x02,0x00,0x00,0x00,0x46,0x00,0x10,0x00,0x07,0x00,0x00,0x00,
  0x48,0x00,0x00,0x0B,0xF2,0x00,0x10,0x00,0x08,0x00,0x00,0x00,0x46,0x00,0x10,0x00,
  0x07,0x00,0x00,0x00,0x46,0x7E,0x10,0x00,0x00,0x00,0x00,0x00,0x00,0x60,0x10,0x00,
  0x00,0x00,0x00,0x00,0x01,0x40,0x00,0x00,0x00,0x00,0x00,0x00,0x36,0x00,0x00,0x06,
  0x42,0x00,0x10,0x00,0x07,0x00,0x00,0x00,0x2A,0x80,0x20,0x00,0x00,0x00,0x00,0x00,
  0x00,0x00,0x00,0x00,0x00,0x20,0x00,0x07,0x32,0x00,0x10,0x00,0x07,0x00,0x00,0x00,
  0x46,0x00,0x10,0x00,0x02,0x00,0x00,0x00,0xE6,0x0A,0x10,0x00,0x07,0x00,0x00,0x00,
  0x48,0x00,0x00,0x0B,0xF2,0x00,0x10,0x00,0x07,0x00,0x00,0x00,0x46,0x00,0x10,0x00,
  0x07,0x00,0x00,0x00,0x46,0x7E,0x10,0x00,0x00,0x00,0x00,0x00,0x00,0x60,0x10,0x00,
  0x00,0x00,0x00,0x00,0x01,0x40,0x00,0x00,0x00,0x00,0x00,0x00,0x00,0x00,0x00,0x08,
  0x72,0x00,0x10,0x00,0x07,0x00,0x00,0x00,0x46,0x02,0x10,0x80,0x41,0x00,0x00,0x00,
  0x08,0x00,0x00,0x00,0x46,0x02,0x10,0x00,0x07,0x00,0x00,0x00,0x10,0x00,0x00,0x07,
  0x22,0x00,0x10,0x00,0x01,0x00,0x00,0x00,0x46,0x02,0x10,0x00,0x07,0x00,0x00,0x00,
  0x46,0x02,0x10,0x00,0x07,0x00,0x00,0x00,0x4B,0x00,0x00,0x05,0x22,0x00,0x10,0x00,
  0x01,0x00,0x00,0x00,0x1A,0x00,0x10,0x00,0x01,0x00,0x00,0x00,0x00,0x00,0x00,0x08,
  0x72,0x00,0x10,0x00,0x05,0x00,0x00,0x00,0x46,0x02,0x10,0x80,0x41,0x00,0x00,0x00,
  0x06,0x00,0x00,0x00,0x46,0x02,0x10,0x00,0x05,0x00,0x00,0x00,0x10,0x00,0x00,0x07,
  0x82,0x00,0x10,0x00,0x02,0x00,0x00,0x00,0x46,0x02,0x10,0x00,0x05,0x00,0x00,0x00,
  0x46,0x02,0x10,0x00,0x05,0x00,0x00,0x00,0x4B,0x00,0x00,0x05,0x82,0x00,0x10,0x00,
  0x02,0x00,0x00,0x00,0x3A,0x00,0x10,0x00,0x02,0x00,0x00,0x00,0x00,0x00,0x00,0x07,
  0x22,0x00,0x10,0x00,0x01,0x00,0x00,0x00,0x1A,0x00,0x10,0x00,0x01,0x00,0x00,0x00,
  0x3A,0x00,0x10,0x00,0x02,0x00,0x00,0x00,0x33,0x00,0x00,0x07,0x22,0x00,0x10,0x00,
  0x01,0x00,0x00,0x00,0x1A,0x00,0x10,0x00,0x01,0x00,0x00,0x00,0x01,0x40,0x00,0x00,
  0x00,0x00,0x80,0x3F,0x38,0x00,0x00,0x0A,0x72,0x00,0x10,0x00,0x05,0x00,0x00,0x00,
  0x56,0x05,0x10,0x00,0x01,0x00,0x00,0x00,0x02,0x40,0x00,0x00,0x3E,0x0A,0x57,0x3E,
  0x70,0x3D,0xAA,0x3F,0xB8,0x1E,0xC5,0x3F,0x00,0x00,0x00,0x00,0x32,0x00,0x00,0x0C,
  0x72,0x00,0x10,0x00,0x05,0x00,0x00,0x00,0x46,0x02,0x10,0x00,0x04,0x00,0x00,0x00,
  0x02,0x40,0x00,0x00,0x00,0x00,0x80,0x3E,0x00,0x00,0x80,0x3E,0x00,0x00,0x80,0x3E,
  0x00,0x00,0x00,0x00,0x46,0x02,0x10,0x00,0x05,0x00,0x00,0x00,0x00,0x00,0x00,0x08,
  0x72,0x00,0x10,0x00,0x05,0x00,0x00,0x00,0x46,0x02,0x10,0x80,0x41,0x00,0x00,0x00,
  0x04,0x00,0x00,0x00,0x46,0x02,0x10,0x00,0x05,0x00,0x00,0x00,0x32,0x20,0x00,0x09,
  0x72,0x00,0x10,0x00,0x04,0x00,0x00,0x00,0xA6,0x0A,0x10,0x00,0x02,0x00,0x00,0x00,
  0x46,0x02,0x10,0x00,0x05,0x00,0x00,0x00,0x46,0x02,0x10,0x00,0x04,0x00,0x00,0x00,
  0x12,0x00,0x00,0x01,0x20,0x00,0x00,0x07,0x22,0x00,0x10,0x00,0x01,0x00,0x00,0x00,
  0x0A,0x00,0x10,0x00,0x00,0x00,0x00,0x00,0x01,0x40,0x00,0x00,0x17,0x00,0x00,0x00,
  0x1F,0x00,0x04,0x03,0x1A,0x00,0x10,0x00,0x01,0x00,0x00,0x00,0x10,0x00,0x00,0x0A,
  0x22,0x00,0x10,0x00,0x01,0x00,0x00,0x00,0x46,0x02,0x10,0x00,0x04,0x00,0x00,0x00,
  0x02,0x40,0x00,0x00,0x87,0x16,0x99,0x3E,0xA2,0x45,0x16,0x3F,0xD5,0x78,0xE9,0x3D,
  0x00,0x00,0x00,0x00,0x32,0x00,0x00,0x0A,0x32,0x00,0x10,0x00,0x05,0x00,0x00,0x00,
  0x56,0x85,0x20,0x00,0x00,0x00,0x00,0x00,0x00,0x00,0x00,0x00,0xA6,0x0A,0x10,0x00,
  0x00,0x00,0x00,0x00,0x46,0x00,0x10,0x00,0x02,0x00,0x00,0x00,0x0F,0x00,0x00,0x0A,
  0x82,0x00,0x10,0x00,0x02,0x00,0x00,0x00,0x46,0x00,0x10,0x00,0x05,0x00,0x00,0x00,
  0x02,0x40,0x00,0x00,0x33,0x33,0xFE,0x42,0x9A,0xD9,0x9B,0x43,0x00,0x00,0x00,0x00,
  0x00,0x00,0x00,0x00,0x4D,0x00,0x00,0x06,0x82,0x00,0x10,0x00,0x02,0x00,0x00,0x00,
  0x00,0xD0,0x00,0x00,0x3A,0x00,0x10,0x00,0x02,0x00,0x00,0x00,0x38,0x00,0x00,0x07,
  0x82,0x00,0x10,0x00,0x02,0x00,0x00,0x00,0x3A,0x00,0x10,0x00,0x02,0x00,0x00,0x00,
  0x01,0x40,0x00,0x00,0x8C,0xEE,0x2A,0x47,0x1A,0x00,0x00,0x05,0x82,0x00,0x10,0x00,
  0x02,0x00,0x00,0x00,0x3A,0x00,0x10,0x00,0x02,0x00,0x00,0x00,0x00,0x00,0x00,0x07,
  0x82,0x00,0x10,0x00,0x02,0x00,0x00,0x00,0x3A,0x00,0x10,0x00,0x02,0x00,0x00,0x00,
  0x01,0x40,0x00,0x00,0x00,0x00,0x00,0xBF,0x38,0x00,0x00,0x07,0x82,0x00,0x10,0x00,
  0x02,0x00,0x00,0x00,0x3A,0x00,0x10,0x00,0x02,0x00,0x00,0x00,0x01,0x40,0x00,0x00,
  0x9A,0x99,0x19,0x3E,0x32,0x20,0x00,0x09,0x22,0x00,0x10,0x00,0x05,0x00,0x00,0x00,
  0x1A,0x00,0x10,0x00,0x01,0x00,0x00,0x00,0x01,0x40,0x00,0x00,0xCD,0xCC,0xAC,0x3F,
  0x3A,0x00,0x10,0x00,0x02,0x00,0x00,0x00,0x36,0x20,0x00,0x08,0x52,0x00,0x10,0x00,
  0x05,0x00,0x00,0x00,0x02,0x40,0x00,0x00,0x0A,0xD7,0xA3,0x3C,0x00,0x00,0x00,0x00,
  0xCD,0xCC,0x4C,0x3D,0x00,0x00,0x00,0x00,0x00,0x00,0x00,0x0A,0x32,0x00,0x10,0x00,
  0x06,0x00,0x00,0x00,0x46,0x00,0x10,0x00,0x02,0x00,0x00,0x00,0x02,0x40,0x00,0x00,
  0x00,0x00,0x00,0xBF,0x00,0x00,0x00,0xBF,0x00,0x00,0x00,0x00,0x00,0x00,0x00,0x00,
  0x0F,0x00,0x00,0x07,0x22,0x00,0x10,0x00,0x01,0x00,0x00,0x00,0x46,0x00,0x10,0x00,
  0x06,0x00,0x00,0x00,0x46,0x00,0x10,0x00,0x06,0x00,0x00,0x00,0x32,0x00,0x00,0x0A,
  0x22,0x00,0x10,0x00,0x01,0x00,0x00,0x00,0x1A,0x00,0x10,0x80,0x41,0x00,0x00,0x00,
  0x01,0x00,0x00,0x00,0x01,0x40,0x00,0x00,0x33,0x33,0x33,0x40,0x01,0x40,0x00,0x00,
  0x00,0x00,0x80,0x3F,0x34,0x00,0x00,0x07,0x22,0x00,0x10,0x00,0x01,0x00,0x00,0x00,
  0x1A,0x00,0x10,0x00,0x01,0x00,0x00,0x00,0x01,0x40,0x00,0x00,0x0A,0xD7,0xA3,0x3D,
  0x32,0x00,0x00,0x0A,0x72,0x00,0x10,0x00,0x05,0x00,0x00,0x00,0x46,0x02,0x10,0x00,
  0x05,0x00,0x00,0x00,0x56,0x05,0x10,0x00,0x01,0x00,0x00,0x00,0x46,0x02,0x10,0x80,
  0x41,0x00,0x00,0x00,0x04,0x00,0x00,0x00,0x32,0x00,0x00,0x09,0x72,0x00,0x10,0x00,
  0x04,0x00,0x00,0x00,0xA6,0x0A,0x10,0x00,0x02,0x00,0x00,0x00,0x46,0x02,0x10,0x00,
  0x05,0x00,0x00,0x00,0x46,0x02,0x10,0x00,0x04,0x00,0x00,0x00,0x12,0x00,0x00,0x01,
  0x20,0x00,0x00,0x07,0x22,0x00,0x10,0x00,0x01,0x00,0x00,0x00,0x0A,0x00,0x10,0x00,
  0x00,0x00,0x00,0x00,0x01,0x40,0x00,0x00,0x18,0x00,0x00,0x00,0x1F,0x00,0x04,0x03,
  0x1A,0x00,0x10,0x00,0x01,0x00,0x00,0x00,0x36,0x00,0x00,0x08,0x52,0x00,0x10,0x00,
  0x05,0x00,0x00,0x00,0x02,0x40,0x00,0x00,0x00,0x00,0x00,0x00,0x00,0x00,0x00,0x00,
  0x00,0x00,0x00,0x00,0x00,0x00,0x00,0x00,0x36,0x00,0x00,0x07,0x22,0x00,0x10,0x00,
  0x05,0x00,0x00,0x00,0x3A,0x80,0x20,0x80,0x41,0x00,0x00,0x00,0x00,0x00,0x00,0x00,
  0x00,0x00,0x00,0x00,0x00,0x20,0x00,0x07,0x32,0x00,0x10,0x00,0x05,0x00,0x00,0x00,
  0x46,0x00,0x10,0x00,0x02,0x00,0x00,0x00,0x46,0x00,0x10,0x00,0x05,0x00,0x00,0x00,
  0x48,0x00,0x00,0x0B,0xF2,0x00,0x10,0x00,0x06,0x00,0x00,0x00,0x46,0x00,0x10,0x00,
  0x05,0x00,0x00,0x00,0x46,0x7E,0x10,0x00,0x00,0x00,0x00,0x00,0x00,0x60,0x10,0x00,
  0x00,0x00,0x00,0x00,0x01,0x40,0x00,0x00,0x00,0x00,0x00,0x00,0x36,0x00,0x00,0x06,
  0x82,0x00,0x10,0x00,0x05,0x00,0x00,0x00,0x3A,0x80,0x20,0x00,0x00,0x00,0x00,0x00,
  0x00,0x00,0x00,0x00,0x00,0x20,0x00,0x07,0x32,0x00,0x10,0x00,0x05,0x00,0x00,0x00,
  0x46,0x00,0x10,0x00,0x02,0x00,0x00,0x00,0xE6,0x0A,0x10,0x00,0x05,0x00,0x00,0x00,
  0x48,0x00,0x00,0x0B,0xF2,0x00,0x10,0x00,0x05,0x00,0x00,0x00,0x46,0x00,0x10,0x00,
  0x05,0x00,0x00,0x00,0x46,0x7E,0x10,0x00,0x00,0x00,0x00,0x00,0x00,0x60,0x10,0x00,
  0x00,0x00,0x00,0x00,0x01,0x40,0x00,0x00,0x00,0x00,0x00,0x00,0x36,0x00,0x00,0x07,
  0x12,0x00,0x10,0x00,0x07,0x00,0x00,0x00,0x2A,0x80,0x20,0x80,0x41,0x00,0x00,0x00,
  0x00,0x00,0x00,0x00,0x00,0x00,0x00,0x00,0x36,0x00,0x00,0x08,0xA2,0x00,0x10,0x00,
  0x07,0x00,0x00,0x00,0x02,0x40,0x00,0x00,0x00,0x00,0x00,0x00,0x00,0x00,0x00,0x00,
  0x00,0x00,0x00,0x00,0x00,0x00,0x00,0x00,0x00,0x20,0x00,0x07,0x32,0x00,0x10,0x00,
  0x07,0x00,0x00,0x00,0x46,0x00,0x10,0x00,0x02,0x00,0x00,0x00,0x46,0x00,0x10,0x00,
  0x07,0x00,0x00,0x00,0x48,0x00,0x00,0x0B,0xF2,0x00,0x10,0x00,0x08,0x00,0x00,0x00,
  0x46,0x00,0x10,0x00,0x07,0x00,0x00,0x00,0x46,0x7E,0x10,0x00,0x00,0x00,0x00,0x00,
  0x00,0x60,0x10,0x00,0x00,0x00,0x00,0x00,0x01,0x40,0x00,0x00,0x00,0x00,0x00,0x00,
  0x36,0x00,0x00,0x06,0x42,0x00,0x10,0x00,0x07,0x00,0x00,0x00,0x2A,0x80,0x20,0x00,
  0x00,0x00,0x00,0x00,0x00,0x00,0x00,0x00,0x00,0x20,0x00,0x07,0x32,0x00,0x10,0x00,
  0x07,0x00,0x00,0x00,0x46,0x00,0x10,0x00,0x02,0x00,0x00,0x00,0xE6,0x0A,0x10,0x00,
  0x07,0x00,0x00,0x00,0x48,0x00,0x00,0x0B,0xF2,0x00,0x10,0x00,0x07,0x00,0x00,0x00,
  0x46,0x00,0x10,0x00,0x07,0x00,0x00,0x00,0x46,0x7E,0x10,0x00,0x00,0x00,0x00,0x00,
  0x00,0x60,0x10,0x00,0x00,0x00,0x00,0x00,0x01,0x40,0x00,0x00,0x00,0x00,0x00,0x00,
  0x00,0x00,0x00,0x08,0x72,0x00,0x10,0x00,0x07,0x00,0x00,0x00,0x46,0x02,0x10,0x80,
  0x41,0x00,0x00,0x00,0x08,0x00,0x00,0x00,0x46,0x02,0x10,0x00,0x07,0x00,0x00,0x00,
  0x10,0x00,0x00,0x07,0x22,0x00,0x10,0x00,0x01,0x00,0x00,0x00,0x46,0x02,0x10,0x00,
  0x07,0x00,0x00,0x00,0x46,0x02,0x10,0x00,0x07,0x00,0x00,0x00,0x4B,0x00,0x00,0x05,
  0x22,0x00,0x10,0x00,0x01,0x00,0x00,0x00,0x1A,0x00,0x10,0x00,0x01,0x00,0x00,0x00,
  0x00,0x00,0x00,0x08,0x72,0x00,0x10,0x00,0x05,0x00,0x00,0x00,0x46,0x02,0x10,0x80,
  0x41,0x00,0x00,0x00,0x06,0x00,0x00,0x00,0x46,0x02,0x10,0x00,0x05,0x00,0x00,0x00,
  0x10,0x00,0x00,0x07,0x82,0x00,0x10,0x00,0x02,0x00,0x00,0x00,0x46,0x02,0x10,0x00,
  0x05,0x00,0x00,0x00,0x46,0x02,0x10,0x00,0x05,0x00,0x00,0x00,0x4B,0x00,0x00,0x05,
  0x82,0x00,0x10,0x00,0x02,0x00,0x00,0x00,0x3A,0x00,0x10,0x00,0x02,0x00,0x00,0x00,
  0x00,0x00,0x00,0x07,0x22,0x00,0x10,0x00,0x01,0x00,0x00,0x00,0x1A,0x00,0x10,0x00,
  0x01,0x00,0x00,0x00,0x3A,0x00,0x10,0x00,0x02,0x00,0x00,0x00,0x33,0x00,0x00,0x07,
  0x22,0x00,0x10,0x00,0x01,0x00,0x00,0x00,0x1A,0x00,0x10,0x00,0x01,0x00,0x00,0x00,
  0x01,0x40,0x00,0x00,0x00,0x00,0x80,0x3F,0x32,0x00,0x00,0x09,0x82,0x00,0x10,0x00,
  0x02,0x00,0x00,0x00,0x2A,0x00,0x10,0x00,0x00,0x00,0x00,0x00,0x01,0x40,0x00,0x00,
  0x00,0x00,0x40,0x40,0x01,0x40,0x00,0x00,0x00,0x00,0x40,0x40,0x32,0x00,0x00,0x0C,
  0x72,0x00,0x10,0x00,0x05,0x00,0x00,0x00,0x46,0x02,0x10,0x00,0x04,0x00,0x00,0x00,
  0xF6,0x0F,0x10,0x00,0x02,0x00,0x00,0x00,0x02,0x40,0x00,0x00,0x00,0x00,0x00,0x3F,
  0x00,0x00,0x00,0x3F,0x00,0x00,0x00,0x3F,0x00,0x00,0x00,0x00,0x41,0x00,0x00,0x05,
  0x72,0x00,0x10,0x00,0x05,0x00,0x00,0x00,0x46,0x02,0x10,0x00,0x05,0x00,0x00,0x00,
  0x0E,0x00,0x00,0x07,0x72,0x00,0x10,0x00,0x05,0x00,0x00,0x00,0x46,0x02,0x10,0x00,
  0x05,0x00,0x00,0x00,0xF6,0x0F,0x10,0x00,0x02,0x00,0x00,0x00,0x38,0x00,0x00,0x07,
  0x82,0x00,0x10,0x00,0x02,0x00,0x00,0x00,0x1A,0x00,0x10,0x00,0x01,0x00,0x00,0x00,
  0x01,0x40,0x00,0x00,0xCD,0xCC,0x4C,0x3D,0x32,0x00,0x00,0x0A,0x22,0x00,0x10,0x00,
  0x01,0x00,0x00,0x00,0x1A,0x00,0x10,0x80,0x41,0x00,0x00,0x00,0x01,0x00,0x00,0x00,
  0x01,0x40,0x00,0x00,0x9A,0x99,0x59,0x3F,0x01,0x40,0x00,0x00,0x00,0x00,0x80,0x3F,
  0x32,0x00,0x00,0x09,0x72,0x00,0x10,0x00,0x05,0x00,0x00,0x00,0x46,0x02,0x10,0x00,
  0x05,0x00,0x00,0x00,0x56,0x05,0x10,0x00,0x01,0x00,0x00,0x00,0xF6,0x0F,0x10,0x00,
  0x02,0x00,0x00,0x00,0x00,0x00,0x00,0x08,0x72,0x00,0x10,0x00,0x05,0x00,0x00,0x00,
  0x46,0x02,0x10,0x80,0x41,0x00,0x00,0x00,0x04,0x00,0x00,0x00,0x46,0x02,0x10,0x00,
  0x05,0x00,0x00,0x00,0x32,0x20,0x00,0x09,0x72,0x00,0x10,0x00,0x04,0x00,0x00,0x00,
  0xA6,0x0A,0x10,0x00,0x02,0x00,0x00,0x00,0x46,0x02,0x10,0x00,0x05,0x00,0x00,0x00,
  0x46,0x02,0x10,0x00,0x04,0x00,0x00,0x00,0x12,0x00,0x00,0x01,0x20,0x00,0x00,0x07,
  0x22,0x00,0x10,0x00,0x01,0x00,0x00,0x00,0x0A,0x00,0x10,0x00,0x00,0x00,0x00,0x00,
  0x01,0x40,0x00,0x00,0x19,0x00,0x00,0x00,0x1F,0x00,0x04,0x03,0x1A,0x00,0x10,0x00,
  0x01,0x00,0x00,0x00,0x10,0x20,0x00,0x0A,0x12,0x00,0x10,0x00,0x05,0x00,0x00,0x00,
  0x46,0x02,0x10,0x00,0x04,0x00,0x00,0x00,0x02,0x40,0x00,0x00,0x4C,0x37,0xC9,0x3E,
  0x21,0xB0,0xB2,0x3E,0x96,0x43,0x8B,0x3E,0x00,0x00,0x00,0x00,0x10,0x20,0x00,0x0A,
  0x22,0x00,0x10,0x00,0x05,0x00,0x00,0x00,0x46,0x02,0x10,0x00,0x04,0x00,0x00,0x00,
  0x02,0x40,0x00,0x00,0x2F,0xDD,0x44,0x3F,0xB2,0x9D,0x2F,0x3F,0x39,0xB4,0x08,0x3F,
  0x00,0x00,0x00,0x00,0x10,0x20,0x00,0x0A,0x42,0x00,0x10,0x00,0x05,0x00,0x00,0x00,
  0x46,0x02,0x10,0x00,0x04,0x00,0x00,0x00,0x02,0x40,0x00,0x00,0x37,0x89,0x41,0x3E,
  0x31,0x08,0x2C,0x3E,0xDD,0x24,0x06,0x3E,0x00,0x00,0x00,0x00,0x32,0x00,0x00,0x0A,
  0x22,0x00,0x10,0x00,0x01,0x00,0x00,0x00,0x3A,0x80,0x20,0x00,0x00,0x00,0x00,0x00,
  0x00,0x00,0x00,0x00,0x01,0x40,0x00,0x00,0x00,0x00,0x00,0x40,0x01,0x40,0x00,0x00,
  0xBD,0x37,0x86,0x35,0x0E,0x00,0x00,0x07,0x22,0x00,0x10,0x00,0x01,0x00,0x00,0x00,
  0x1A,0x00,0x10,0x00,0x02,0x00,0x00,0x00,0x1A,0x00,0x10,0x00,0x01,0x00,0x00,0x00,
  0x1A,0x00,0x00,0x05,0x22,0x00,0x10,0x00,0x01,0x00,0x00,0x00,0x1A,0x00,0x10,0x00,
  0x01,0x00,0x00,0x00,0x31,0x00,0x00,0x07,0x22,0x00,0x10,0x00,0x01,0x00,0x00,0x00,
  0x1A,0x00,0x10,0x00,0x01,0x00,0x00,0x00,0x01,0x40,0x00,0x00,0x00,0x00,0x00,0x3F,
  0x38,0x00,0x00,0x0A,0x72,0x00,0x10,0x00,0x06,0x00,0x00,0x00,0x46,0x02,0x10,0x00,
  0x05,0x00,0x00,0x00,0x02,0x40,0x00,0x00,0x33,0x33,0x33,0x3F,0x33,0x33,0x33,0x3F,
  0x33,0x33,0x33,0x3F,0x00,0x00,0x00,0x00,0x37,0x00,0x00,0x09,0x72,0x00,0x10,0x00,
  0x05,0x00,0x00,0x00,0x56,0x05,0x10,0x00,0x01,0x00,0x00,0x00,0x46,0x02,0x10,0x00,
  0x06,0x00,0x00,0x00,0x46,0x02,0x10,0x00,0x05,0x00,0x00,0x00,0x00,0x00,0x00,0x0A,
  0x32,0x00,0x10,0x00,0x06,0x00,0x00,0x00,0x46,0x00,0x10,0x00,0x02,0x00,0x00,0x00,
  0x02,0x40,0x00,0x00,0x00,0x00,0x00,0xBF,0x00,0x00,0x00,0xBF,0x00,0x00,0x00,0x00,
  0x00,0x00,0x00,0x00,0x0F,0x00,0x00,0x07,0x22,0x00,0x10,0x00,0x01,0x00,0x00,0x00,
  0x46,0x00,0x10,0x00,0x06,0x00,0x00,0x00,0x46,0x00,0x10,0x00,0x06,0x00,0x00,0x00,
  0x32,0x00,0x00,0x0A,0x22,0x00,0x10,0x00,0x01,0x00,0x00,0x00,0x1A,0x00,0x10,0x80,
  0x41,0x00,0x00,0x00,0x01,0x00,0x00,0x00,0x01,0x40,0x00,0x00,0x00,0x00,0x00,0x40,
  0x01,0x40,0x00,0x00,0x00,0x00,0x80,0x3F,0x34,0x00,0x00,0x07,0x22,0x00,0x10,0x00,
  0x01,0x00,0x00,0x00,0x1A,0x00,0x10,0x00,0x01,0x00,0x00,0x00,0x01,0x40,0x00,0x00,
  0xCD,0xCC,0x4C,0x3E,0x32,0x00,0x00,0x0A,0x72,0x00,0x10,0x00,0x05,0x00,0x00,0x00,
  0x46,0x02,0x10,0x00,0x05,0x00,0x00,0x00,0x56,0x05,0x10,0x00,0x01,0x00,0x00,0x00,
  0x46,0x02,0x10,0x80,0x41,0x00,0x00,0x00,0x04,0x00,0x00,0x00,0x32,0x00,0x00,0x09,
  0x72,0x00,0x10,0x00,0x04,0x00,0x00,0x00,0xA6,0x0A,0x10,0x00,0x02,0x00,0x00,0x00,
  0x46,0x02,0x10,0x00,0x05,0x00,0x00,0x00,0x46,0x02,0x10,0x00,0x04,0x00,0x00,0x00,
  0x12,0x00,0x00,0x01,0x20,0x00,0x00,0x07,0x22,0x00,0x10,0x00,0x01,0x00,0x00,0x00,
  0x0A,0x00,0x10,0x00,0x00,0x00,0x00,0x00,0x01,0x40,0x00,0x00,0x1B,0x00,0x00,0x00,
  0x1F,0x00,0x04,0x03,0x1A,0x00,0x10,0x00,0x01,0x00,0x00,0x00,0x32,0x00,0x00,0x09,
  0x22,0x00,0x10,0x00,0x01,0x00,0x00,0x00,0x1A,0x00,0x10,0x00,0x00,0x00,0x00,0x00,
  0x01,0x40,0x00,0x00,0x66,0x66,0x66,0x3F,0x01,0x40,0x00,0x00,0xCD,0xCC,0xCC,0x3E,
  0x4D,0x00,0x00,0x07,0x12,0x00,0x10,0x00,0x05,0x00,0x00,0x00,0x12,0x00,0x10,0x00,
  0x06,0x00,0x00,0x00,0x1A,0x00,0x10,0x00,0x01,0x00,0x00,0x00,0x38,0x00,0x00,0x0A,
  0xE2,0x00,0x10,0x00,0x05,0x00,0x00,0x00,0xA6,0x04,0x10,0x00,0x04,0x00,0x00,0x00,
  0x02,0x40,0x00,0x00,0x00,0x00,0x00,0x00,0x3A,0xCD,0x13,0x3F,0x3A,0xCD,0x13,0x3F,
  0x3A,0xCD,0x13,0x3F,0x32,0x00,0x00,0x0D,0xE2,0x00,0x10,0x00,0x05,0x00,0x00,0x00,
  0xA6,0x04,0x10,0x00,0x04,0x00,0x00,0x00,0x02,0x40,0x00,0x00,0x00,0x00,0x00,0x00,
  0x3A,0xCD,0x13,0x3F,0x3A,0xCD,0x13,0x3F,0x3A,0xCD,0x13,0x3F,0xF6,0x09,0x10,0x80,
  0x41,0x00,0x00,0x00,0x05,0x00,0x00,0x00,0x38,0x00,0x00,0x07,0x72,0x00,0x10,0x00,
  0x05,0x00,0x00,0x00,0x06,0x00,0x10,0x00,0x05,0x00,0x00,0x00,0x96,0x07,0x10,0x00,
  0x05,0x00,0x00,0x00,0x32,0x00,0x00,0x09,0x72,0x00,0x10,0x00,0x05,0x00,0x00,0x00,
  0x46,0x02,0x10,0x00,0x04,0x00,0x00,0x00,0x06,0x00,0x10,0x00,0x06,0x00,0x00,0x00,
  0x46,0x02,0x10,0x00,0x05,0x00,0x00,0x00,0x10,0x00,0x00,0x0A,0x22,0x00,0x10,0x00,
  0x01,0x00,0x00,0x00,0x02,0x40,0x00,0x00,0x3A,0xCD,0x13,0x3F,0x3A,0xCD,0x13,0x3F,
  0x3A,0xCD,0x13,0x3F,0x00,0x00,0x00,0x00,0x46,0x02,0x10,0x00,0x04,0x00,0x00,0x00,
  0x38,0x00,0x00,0x07,0x22,0x00,0x10,0x00,0x01,0x00,0x00,0x00,0x1A,0x00,0x10,0x00,
  0x01,0x00,0x00,0x00,0x01,0x40,0x00,0x00,0x3A,0xCD,0x13,0x3F,0x00,0x00,0x00,0x08,
  0x82,0x00,0x10,0x00,0x02,0x00,0x00,0x00,0x0A,0x00,0x10,0x80,0x41,0x00,0x00,0x00,
  0x06,0x00,0x00,0x00,0x01,0x40,0x00,0x00,0x00,0x00,0x80,0x3F,0x32,0x20,0x00,0x09,
  0x72,0x00,0x10,0x00,0x04,0x00,0x00,0x00,0x56,0x05,0x10,0x00,0x01,0x00,0x00,0x00,
  0xF6,0x0F,0x10,0x00,0x02,0x00,0x00,0x00,0x46,0x02,0x10,0x00,0x05,0x00,0x00,0x00,
  0x12,0x00,0x00,0x01,0x20,0x00,0x00,0x07,0x22,0x00,0x10,0x00,0x01,0x00,0x00,0x00,
  0x0A,0x00,0x10,0x00,0x00,0x00,0x00,0x00,0x01,0x40,0x00,0x00,0x1C,0x00,0x00,0x00,
  0x1F,0x00,0x04,0x03,0x1A,0x00,0x10,0x00,0x01,0x00,0x00,0x00,0x00,0x00,0x00,0x0A,
  0x72,0x00,0x10,0x00,0x05,0x00,0x00,0x00,0x46,0x02,0x10,0x00,0x04,0x00,0x00,0x00,
  0x02,0x40,0x00,0x00,0x00,0x00,0x00,0xBF,0x00,0x00,0x00,0xBF,0x00,0x00,0x00,0xBF,
  0x00,0x00,0x00,0x00,0x32,0x00,0x00,0x09,0x22,0x00,0x10,0x00,0x01,0x00,0x00,0x00,
  0x1A,0x00,0x10,0x00,0x00,0x00,0x00,0x00,0x01,0x40,0x00,0x00,0x66,0x66,0xA6,0x3F,
  0x01,0x40,0x00,0x00,0x00,0x00,0x80,0x3F,0x32,0x20,0x00,0x0C,0x72,0x00,0x10,0x00,
  0x04,0x00,0x00,0x00,0x46,0x02,0x10,0x00,0x05,0x00,0x00,0x00,0x56,0x05,0x10,0x00,
  0x01,0x00,0x00,0x00,0x02,0x40,0x00,0x00,0x00,0x00,0x00,0x3F,0x00,0x00,0x00,0x3F,
  0x00,0x00,0x00,0x3F,0x00,0x00,0x00,0x00,0x12,0x00,0x00,0x01,0x20,0x00,0x00,0x07,
  0x22,0x00,0x10,0x00,0x01,0x00,0x00,0x00,0x0A,0x00,0x10,0x00,0x00,0x00,0x00,0x00,
  0x01,0x40,0x00,0x00,0x1D,0x00,0x00,0x00,0x1F,0x00,0x04,0x03,0x1A,0x00,0x10,0x00,
  0x01,0x00,0x00,0x00,0x32,0x20,0x00,0x0C,0x72,0x00,0x10,0x00,0x04,0x00,0x00,0x00,
  0x56,0x05,0x10,0x00,0x00,0x00,0x00,0x00,0x02,0x40,0x00,0x00,0xEC,0x51,0x38,0x3E,
  0xEC,0x51,0x38,0x3E,0xEC,0x51,0x38,0x3E,0x00,0x00,0x00,0x00,0x46,0x02,0x10,0x00,
  0x04,0x00,0x00,0x00,0x12,0x00,0x00,0x01,0x20,0x00,0x00,0x07,0x22,0x00,0x10,0x00,
  0x01,0x00,0x00,0x00,0x0A,0x00,0x10,0x00,0x00,0x00,0x00,0x00,0x01,0x40,0x00,0x00,
  0x1E,0x00,0x00,0x00,0x1F,0x00,0x04,0x03,0x1A,0x00,0x10,0x00,0x01,0x00,0x00,0x00,
  0x10,0x00,0x00,0x0A,0x22,0x00,0x10,0x00,0x01,0x00,0x00,0x00,0x46,0x02,0x10,0x00,
  0x04,0x00,0x00,0x00,0x02,0x40,0x00,0x00,0x87,0x16,0x99,0x3E,0xA2,0x45,0x16,0x3F,
  0xD5,0x78,0xE9,0x3D,0x00,0x00,0x00,0x00,0x32,0x00,0x00,0x09,0x82,0x00,0x10,0x00,
  0x02,0x00,0x00,0x00,0x1A,0x00,0x10,0x00,0x00,0x00,0x00,0x00,0x01,0x40,0x00,0x00,
  0x9A,0x99,0x99,0x3F,0x01,0x40,0x00,0x00,0x00,0x00,0x80,0x3F,0x00,0x00,0x00,0x08,
  0x72,0x00,0x10,0x00,0x05,0x00,0x00,0x00,0x56,0x05,0x10,0x80,0x41,0x00,0x00,0x00,
  0x01,0x00,0x00,0x00,0x46,0x02,0x10,0x00,0x04,0x00,0x00,0x00,0x32,0x20,0x00,0x09,
  0x72,0x00,0x10,0x00,0x04,0x00,0x00,0x00,0xF6,0x0F,0x10,0x00,0x02,0x00,0x00,0x00,
  0x46,0x02,0x10,0x00,0x05,0x00,0x00,0x00,0x56,0x05,0x10,0x00,0x01,0x00,0x00,0x00,
  0x12,0x00,0x00,0x01,0x20,0x00,0x00,0x07,0x22,0x00,0x10,0x00,0x01,0x00,0x00,0x00,
  0x0A,0x00,0x10,0x00,0x00,0x00,0x00,0x00,0x01,0x40,0x00,0x00,0x1F,0x00,0x00,0x00,
  0x1F,0x00,0x04,0x03,0x1A,0x00,0x10,0x00,0x01,0x00,0x00,0x00,0x10,0x00,0x00,0x0A,
  0x22,0x00,0x10,0x00,0x01,0x00,0x00,0x00,0x46,0x02,0x10,0x00,0x04,0x00,0x00,0x00,
  0x02,0x40,0x00,0x00,0x87,0x16,0x99,0x3E,0xA2,0x45,0x16,0x3F,0xD5,0x78,0xE9,0x3D,
  0x00,0x00,0x00,0x00,0x32,0x00,0x00,0x09,0x82,0x00,0x10,0x00,0x02,0x00,0x00,0x00,
  0x1A,0x00,0x10,0x00,0x00,0x00,0x00,0x00,0x01,0x40,0x00,0x00,0xCD,0xCC,0x0C,0x3F,
  0x01,0x40,0x00,0x00,0xCD,0xCC,0xCC,0x3E,0x00,0x00,0x00,0x08,0x72,0x00,0x10,0x00,
  0x05,0x00,0x00,0x00,0x46,0x02,0x10,0x80,0x41,0x00,0x00,0x00,0x04,0x00,0x00,0x00,
  0x56,0x05,0x10,0x00,0x01,0x00,0x00,0x00,0x32,0x20,0x00,0x09,0x72,0x00,0x10,0x00,
  0x04,0x00,0x00,0x00,0xF6,0x0F,0x10,0x00,0x02,0x00,0x00,0x00,0x46,0x02,0x10,0x00,
  0x05,0x00,0x00,0x00,0x46,0x02,0x10,0x00,0x04,0x00,0x00,0x00,0x12,0x00,0x00,0x01,
  0x20,0x00,0x00,0x07,0x22,0x00,0x10,0x00,0x01,0x00,0x00,0x00,0x0A,0x00,0x10,0x00,
  0x00,0x00,0x00,0x00,0x01,0x40,0x00,0x00,0x20,0x00,0x00,0x00,0x1F,0x00,0x04,0x03,
  0x1A,0x00,0x10,0x00,0x01,0x00,0x00,0x00,0x10,0x00,0x00,0x0A,0x22,0x00,0x10,0x00,
  0x01,0x00,0x00,0x00,0x46,0x02,0x10,0x00,0x04,0x00,0x00,0x00,0x02,0x40,0x00,0x00,
  0x87,0x16,0x99,0x3E,0xA2,0x45,0x16,0x3F,0xD5,0x78,0xE9,0x3D,0x00,0x00,0x00,0x00,
  0x32,0x00,0x00,0x09,0x82,0x00,0x10,0x00,0x02,0x00,0x00,0x00,0x2A,0x00,0x10,0x00,
  0x00,0x00,0x00,0x00,0x01,0x40,0x00,0x00,0x00,0x00,0x80,0x3E,0x01,0x40,0x00,0x00,
  0x33,0x33,0xB3,0x3E,0x31,0x00,0x00,0x07,0x22,0x00,0x10,0x00,0x01,0x00,0x00,0x00,
  0x3A,0x00,0x10,0x00,0x02,0x00,0x00,0x00,0x1A,0x00,0x10,0x00,0x01,0x00,0x00,0x00,
  0x01,0x00,0x00,0x0A,0x72,0x00,0x10,0x00,0x04,0x00,0x00,0x00,0x56,0x05,0x10,0x00,
  0x01,0x00,0x00,0x00,0x02,0x40,0x00,0x00,0x00,0x00,0x80,0x3F,0x00,0x00,0x80,0x3F,
  0x00,0x00,0x80,0x3F,0x00,0x00,0x00,0x00,0x12,0x00,0x00,0x01,0x20,0x00,0x00,0x07,
  0x22,0x00,0x10,0x00,0x01,0x00,0x00,0x00,0x0A,0x00,0x10,0x00,0x00,0x00,0x00,0x00,
  0x01,0x40,0x00,0x00,0x21,0x00,0x00,0x00,0x1F,0x00,0x04,0x03,0x1A,0x00,0x10,0x00,
  0x01,0x00,0x00,0x00,0x32,0x00,0x00,0x0F,0x72,0x00,0x10,0x00,0x05,0x00,0x00,0x00,
  0x46,0x02,0x10,0x00,0x04,0x00,0x00,0x00,0x02,0x40,0x00,0x00,0x9A,0x99,0xB9,0x3F,
  0xCD,0xCC,0x4C,0x3F,0x00,0x00,0x40,0x3F,0x00,0x00,0x00,0x00,0x02,0x40,0x00,0x00,
  0x0A,0xD7,0xA3,0x3D,0x00,0x00,0x00,0x00,0x00,0x00,0x00,0x00,0x00,0x00,0x00,0x00,
  0x00,0x00,0x00,0x08,0x72,0x00,0x10,0x00,0x05,0x00,0x00,0x00,0x46,0x02,0x10,0x80,
  0x41,0x00,0x00,0x00,0x04,0x00,0x00,0x00,0x46,0x02,0x10,0x00,0x05,0x00,0x00,0x00,
  0x32,0x20,0x00,0x09,0x72,0x00,0x10,0x00,0x04,0x00,0x00,0x00,0xA6,0x0A,0x10,0x00,
  0x02,0x00,0x00,0x00,0x46,0x02,0x10,0x00,0x05,0x00,0x00,0x00,0x46,0x02,0x10,0x00,
  0x04,0x00,0x00,0x00,0x12,0x00,0x00,0x01,0x20,0x00,0x00,0x07,0x22,0x00,0x10,0x00,
  0x01,0x00,0x00,0x00,0x0A,0x00,0x10,0x00,0x00,0x00,0x00,0x00,0x01,0x40,0x00,0x00,
  0x22,0x00,0x00,0x00,0x1F,0x00,0x04,0x03,0x1A,0x00,0x10,0x00,0x01,0x00,0x00,0x00,
  0x32,0x00,0x00,0x0F,0x72,0x00,0x10,0x00,0x05,0x00,0x00,0x00,0x46,0x02,0x10,0x00,
  0x04,0x00,0x00,0x00,0x02,0x40,0x00,0x00,0x00,0x00,0x40,0x3F,0x33,0x33,0xB3,0x3F,
  0xCD,0xCC,0x4C,0x3F,0x00,0x00,0x00,0x00,0x02,0x40,0x00,0x00,0x00,0x00,0x00,0x00,
  0x8F,0xC2,0x75,0x3D,0x00,0x00,0x00,0x00,0x00,0x00,0x00,0x00,0x00,0x00,0x00,0x08,
  0x72,0x00,0x10,0x00,0x05,0x00,0x00,0x00,0x46,0x02,0x10,0x80,0x41,0x00,0x00,0x00,
  0x04,0x00,0x00,0x00,0x46,0x02,0x10,0x00,0x05,0x00,0x00,0x00,0x32,0x20,0x00,0x09,
  0x72,0x00,0x10,0x00,0x04,0x00,0x00,0x00,0xA6,0x0A,0x10,0x00,0x02,0x00,0x00,0x00,
  0x46,0x02,0x10,0x00,0x05,0x00,0x00,0x00,0x46,0x02,0x10,0x00,0x04,0x00,0x00,0x00,
  0x12,0x00,0x00,0x01,0x20,0x00,0x00,0x07,0x22,0x00,0x10,0x00,0x01,0x00,0x00,0x00,
  0x0A,0x00,0x10,0x00,0x00,0x00,0x00,0x00,0x01,0x40,0x00,0x00,0x23,0x00,0x00,0x00,
  0x1F,0x00,0x04,0x03,0x1A,0x00,0x10,0x00,0x01,0x00,0x00,0x00,0x32,0x00,0x00,0x0F,
  0x72,0x00,0x10,0x00,0x05,0x00,0x00,0x00,0x46,0x02,0x10,0x00,0x04,0x00,0x00,0x00,
  0x02,0x40,0x00,0x00,0x00,0x00,0x40,0x3F,0x9A,0x99,0x59,0x3F,0x9A,0x99,0xB9,0x3F,
  0x00,0x00,0x00,0x00,0x02,0x40,0x00,0x00,0x00,0x00,0x00,0x00,0x00,0x00,0x00,0x00,
  0x29,0x5C,0x8F,0x3D,0x00,0x00,0x00,0x00,0x00,0x00,0x00,0x08,0x72,0x00,0x10,0x00,
  0x05,0x00,0x00,0x00,0x46,0x02,0x10,0x80,0x41,0x00,0x00,0x00,0x04,0x00,0x00,0x00,
  0x46,0x02,0x10,0x00,0x05,0x00,0x00,0x00,0x32,0x20,0x00,0x09,0x72,0x00,0x10,0x00,
  0x04,0x00,0x00,0x00,0xA6,0x0A,0x10,0x00,0x02,0x00,0x00,0x00,0x46,0x02,0x10,0x00,
  0x05,0x00,0x00,0x00,0x46,0x02,0x10,0x00,0x04,0x00,0x00,0x00,0x12,0x00,0x00,0x01,
  0x20,0x00,0x00,0x07,0x22,0x00,0x10,0x00,0x01,0x00,0x00,0x00,0x0A,0x00,0x10,0x00,
  0x00,0x00,0x00,0x00,0x01,0x40,0x00,0x00,0x24,0x00,0x00,0x00,0x1F,0x00,0x04,0x03,
  0x1A,0x00,0x10,0x00,0x01,0x00,0x00,0x00,0x38,0x00,0x00,0x07,0x72,0x00,0x10,0x00,
  0x05,0x00,0x00,0x00,0xA6,0x0A,0x10,0x00,0x02,0x00,0x00,0x00,0x46,0x02,0x10,0x00,
  0x04,0x00,0x00,0x00,0x32,0x20,0x00,0x0C,0x72,0x00,0x10,0x00,0x04,0x00,0x00,0x00,
  0x46,0x02,0x10,0x00,0x05,0x00,0x00,0x00,0x02,0x40,0x00,0x00,0x34,0x33,0xB3,0xBE,
  0xD0,0xCC,0x4C,0x3E,0x34,0x33,0xB3,0x3E,0x00,0x00,0x00,0x00,0x46,0x02,0x10,0x00,
  0x04,0x00,0x00,0x00,0x12,0x00,0x00,0x01,0x20,0x00,0x00,0x07,0x22,0x00,0x10,0x00,
  0x01,0x00,0x00,0x00,0x0A,0x00,0x10,0x00,0x00,0x00,0x00,0x00,0x01,0x40,0x00,0x00,
  0x25,0x00,0x00,0x00,0x1F,0x00,0x04,0x03,0x1A,0x00,0x10,0x00,0x01,0x00,0x00,0x00,
  0x38,0x00,0x00,0x07,0x72,0x00,0x10,0x00,0x05,0x00,0x00,0x00,0xA6,0x0A,0x10,0x00,
  0x02,0x00,0x00,0x00,0x46,0x02,0x10,0x00,0x04,0x00,0x00,0x00,0x32,0x20,0x00,0x0C,
  0x72,0x00,0x10,0x00,0x04,0x00,0x00,0x00,0x46,0x02,0x10,0x00,0x05,0x00,0x00,0x00,
  0x02,0x40,0x00,0x00,0x34,0x33,0xB3,0x3E,0x9A,0x99,0x99,0xBE,0x98,0x99,0x99,0x3E,
  0x00,0x00,0x00,0x00,0x46,0x02,0x10,0x00,0x04,0x00,0x00,0x00,0x12,0x00,0x00,0x01,
  0x20,0x00,0x00,0x07,0x22,0x00,0x10,0x00,0x01,0x00,0x00,0x00,0x0A,0x00,0x10,0x00,
  0x00,0x00,0x00,0x00,0x01,0x40,0x00,0x00,0x26,0x00,0x00,0x00,0x1F,0x00,0x04,0x03,
  0x1A,0x00,0x10,0x00,0x01,0x00,0x00,0x00,0x38,0x00,0x00,0x07,0x72,0x00,0x10,0x00,
  0x05,0x00,0x00,0x00,0xA6,0x0A,0x10,0x00,0x02,0x00,0x00,0x00,0x46,0x02,0x10,0x00,
  0x04,0x00,0x00,0x00,0x32,0x20,0x00,0x0C,0x72,0x00,0x10,0x00,0x04,0x00,0x00,0x00,
  0x46,0x02,0x10,0x00,0x05,0x00,0x00,0x00,0x02,0x40,0x00,0x00,0x34,0x33,0xB3,0x3E,
  0x00,0x00,0x80,0x3E,0x34,0x33,0xB3,0xBE,0x00,0x00,0x00,0x00,0x46,0x02,0x10,0x00,
  0x04,0x00,0x00,0x00,0x12,0x00,0x00,0x01,0x20,0x00,0x00,0x07,0x22,0x00,0x10,0x00,
  0x01,0x00,0x00,0x00,0x0A,0x00,0x10,0x00,0x00,0x00,0x00,0x00,0x01,0x40,0x00,0x00,
  0x27,0x00,0x00,0x00,0x1F,0x00,0x04,0x03,0x1A,0x00,0x10,0x00,0x01,0x00,0x00,0x00,
  0x10,0x00,0x00,0x0A,0x22,0x00,0x10,0x00,0x01,0x00,0x00,0x00,0x46,0x02,0x10,0x00,
  0x04,0x00,0x00,0x00,0x02,0x40,0x00,0x00,0x87,0x16,0x99,0x3E,0xA2,0x45,0x16,0x3F,
  0xD5,0x78,0xE9,0x3D,0x00,0x00,0x00,0x00,0x32,0x00,0x00,0x0F,0x72,0x00,0x10,0x00,
  0x05,0x00,0x00,0x00,0x56,0x05,0x10,0x00,0x01,0x00,0x00,0x00,0x02,0x40,0x00,0x00,
  0x48,0xE1,0x7A,0x3F,0xEC,0x51,0x38,0x3E,0x1E,0x85,0x6B,0xBE,0x00,0x00,0x00,0x00,
  0x02,0x40,0x00,0x00,0x0A,0xD7,0xA3,0x3C,0x0A,0xD7,0xA3,0x3E,0x5C,0x8F,0xC2,0x3E,
  0x00,0x00,0x00,0x00,0x38,0x00,0x00,0x0A,0x72,0x00,0x10,0x00,0x06,0x00,0x00,0x00,
  0x46,0x02,0x10,0x00,0x04,0x00,0x00,0x00,0x02,0x40,0x00,0x00,0x66,0x66,0xE6,0x3E,
  0x66,0x66,0xE6,0x3E,0x66,0x66,0xE6,0x3E,0x00,0x00,0x00,0x00,0x32,0x20,0x00,0x0C,
  0x72,0x00,0x10,0x00,0x05,0x00,0x00,0x00,0x46,0x02,0x10,0x00,0x05,0x00,0x00,0x00,
  0x02,0x40,0x00,0x00,0x66,0x66,0x26,0x3F,0x66,0x66,0x26,0x3F,0x66,0x66,0x26,0x3F,
  0x00,0x00,0x00,0x00,0x46,0x02,0x10,0x00,0x06,0x00,0x00,0x00,0x00,0x00,0x00,0x08,
  0x72,0x00,0x10,0x00,0x05,0x00,0x00,0x00,0x46,0x02,0x10,0x80,0x41,0x00,0x00,0x00,
  0x04,0x00,0x00,0x00,0x46,0x02,0x10,0x00,0x05,0x00,0x00,0x00,0x32,0x00,0x00,0x09,
  0x72,0x00,0x10,0x00,0x04,0x00,0x00,0x00,0xA6,0x0A,0x10,0x00,0x02,0x00,0x00,0x00,
  0x46,0x02,0x10,0x00,0x05,0x00,0x00,0x00,0x46,0x02,0x10,0x00,0x04,0x00,0x00,0x00,
  0x12,0x00,0x00,0x01,0x20,0x00,0x00,0x07,0x22,0x00,0x10,0x00,0x01,0x00,0x00,0x00,
  0x0A,0x00,0x10,0x00,0x00,0x00,0x00,0x00,0x01,0x40,0x00,0x00,0x28,0x00,0x00,0x00,
  0x1F,0x00,0x04,0x03,0x1A,0x00,0x10,0x00,0x01,0x00,0x00,0x00,0x00,0x00,0x00,0x0B,
  0x72,0x00,0x10,0x00,0x05,0x00,0x00,0x00,0x46,0x02,0x10,0x80,0x41,0x00,0x00,0x00,
  0x04,0x00,0x00,0x00,0x02,0x40,0x00,0x00,0x7B,0x14,0x6E,0x3F,0x66,0x66,0x66,0x3F,
  0xF6,0x28,0x5C,0x3F,0x00,0x00,0x00,0x00,0x32,0x00,0x00,0x0F,0x72,0x00,0x10,0x00,
  0x05,0x00,0x00,0x00,0x46,0x02,0x10,0x00,0x05,0x00,0x00,0x00,0x02,0x40,0x00,0x00,
  0xCD,0xCC,0x0C,0x3F,0xCD,0xCC,0x0C,0x3F,0xCD,0xCC,0x0C,0x3F,0x00,0x00,0x00,0x00,
  0x02,0x40,0x00,0x00,0x0A,0xD7,0xA3,0x3D,0x0A,0xD7,0xA3,0x3D,0x0A,0xD7,0xA3,0x3D,
  0x00,0x00,0x00,0x00,0x32,0x20,0x00,0x09,0x72,0x00,0x10,0x00,0x04,0x00,0x00,0x00,
  0xA6,0x0A,0x10,0x00,0x02,0x00,0x00,0x00,0x46,0x02,0x10,0x00,0x05,0x00,0x00,0x00,
  0x46,0x02,0x10,0x00,0x04,0x00,0x00,0x00,0x12,0x00,0x00,0x01,0x20,0x00,0x00,0x07,
  0x22,0x00,0x10,0x00,0x01,0x00,0x00,0x00,0x0A,0x00,0x10,0x00,0x00,0x00,0x00,0x00,
  0x01,0x40,0x00,0x00,0x29,0x00,0x00,0x00,0x1F,0x00,0x04,0x03,0x1A,0x00,0x10,0x00,
  0x01,0x00,0x00,0x00,0x00,0x00,0x00,0x0A,0x32,0x00,0x10,0x00,0x05,0x00,0x00,0x00,
  0x46,0x00,0x10,0x00,0x02,0x00,0x00,0x00,0x02,0x40,0x00,0x00,0x00,0x00,0x00,0xBF,
  0x00,0x00,0x00,0xBF,0x00,0x00,0x00,0x00,0x00,0x00,0x00,0x00,0x0F,0x00,0x00,0x07,
  0x22,0x00,0x10,0x00,0x01,0x00,0x00,0x00,0x46,0x00,0x10,0x00,0x05,0x00,0x00,0x00,
  0x46,0x00,0x10,0x00,0x05,0x00,0x00,0x00,0x32,0x00,0x00,0x0F,0x32,0x00,0x10,0x00,
  0x05,0x00,0x00,0x00,0x66,0x0A,0x10,0x00,0x00,0x00,0x00,0x00,0x02,0x40,0x00,0x00,
  0x00,0x00,0x00,0x3F,0xCD,0xCC,0xCC,0x3F,0x00,0x00,0x00,0x00,0x00,0x00,0x00,0x00,
  0x02,0x40,0x00,0x00,0xCD,0xCC,0x8C,0x3F,0x33,0x33,0xB3,0x3F,0x00,0x00,0x00,0x00,
  0x00,0x00,0x00,0x00,0x32,0x00,0x00,0x0A,0x22,0x00,0x10,0x00,0x01,0x00,0x00,0x00,
  0x1A,0x00,0x10,0x80,0x41,0x00,0x00,0x00,0x01,0x00,0x00,0x00,0x1A,0x00,0x10,0x00,
  0x05,0x00,0x00,0x00,0x0A,0x00,0x10,0x00,0x05,0x00,0x00,0x00,0x34,0x00,0x00,0x07,
  0x22,0x00,0x10,0x00,0x01,0x00,0x00,0x00,0x1A,0x00,0x10,0x00,0x01,0x00,0x00,0x00,
  0x01,0x40,0x00,0x00,0x9A,0x99,0x19,0x3E,0x33,0x00,0x00,0x07,0x22,0x00,0x10,0x00,
  0x01,0x00,0x00,0x00,0x1A,0x00,0x10,0x00,0x01,0x00,0x00,0x00,0x01,0x40,0x00,0x00,
  0x00,0x00,0x80,0x3F,0x38,0x00,0x00,0x07,0x72,0x00,0x10,0x00,0x04,0x00,0x00,0x00,
  0x56,0x05,0x10,0x00,0x01,0x00,0x00,0x00,0x46,0x02,0x10,0x00,0x04,0x00,0x00,0x00,
  0x12,0x00,0x00,0x01,0x20,0x00,0x00,0x07,0x22,0x00,0x10,0x00,0x01,0x00,0x00,0x00,
  0x0A,0x00,0x10,0x00,0x00,0x00,0x00,0x00,0x01,0x40,0x00,0x00,0x2A,0x00,0x00,0x00,
  0x1F,0x00,0x04,0x03,0x1A,0x00,0x10,0x00,0x01,0x00,0x00,0x00,0x32,0x00,0x00,0x09,
  0x22,0x00,0x10,0x00,0x01,0x00,0x00,0x00,0x2A,0x00,0x10,0x00,0x00,0x00,0x00,0x00,
  0x01,0x40,0x00,0x00,0x00,0x00,0x80,0x40,0x01,0x40,0x00,0x00,0x00,0x00,0x40,0x40,
  0x32,0x00,0x00,0x0A,0x22,0x00,0x10,0x00,0x01,0x00,0x00,0x00,0x3A,0x80,0x20,0x00,
  0x00,0x00,0x00,0x00,0x00,0x00,0x00,0x00,0x1A,0x00,0x10,0x00,0x01,0x00,0x00,0x00,
  0x01,0x40,0x00,0x00,0xBD,0x37,0x86,0x35,0x0E,0x00,0x00,0x07,0x22,0x00,0x10,0x00,
  0x01,0x00,0x00,0x00,0x1A,0x00,0x10,0x00,0x02,0x00,0x00,0x00,0x1A,0x00,0x10,0x00,
  0x01,0x00,0x00,0x00,0x1A,0x00,0x00,0x05,0x22,0x00,0x10,0x00,0x01,0x00,0x00,0x00,
  0x1A,0x00,0x10,0x00,0x01,0x00,0x00,0x00,0x31,0x00,0x00,0x07,0x22,0x00,0x10,0x00,
  0x01,0x00,0x00,0x00,0x1A,0x00,0x10,0x00,0x01,0x00,0x00,0x00,0x01,0x40,0x00,0x00,
  0x00,0x00,0x00,0x3F,0x32,0x00,0x00,0x0A,0x82,0x00,0x10,0x00,0x02,0x00,0x00,0x00,
  0x1A,0x00,0x10,0x80,0x41,0x00,0x00,0x00,0x00,0x00,0x00,0x00,0x01,0x40,0x00,0x00,
  0xCD,0xCC,0x0C,0x3F,0x01,0x40,0x00,0x00,0x00,0x00,0x80,0x3F,0x34,0x00,0x00,0x07,
  0x82,0x00,0x10,0x00,0x02,0x00,0x00,0x00,0x3A,0x00,0x10,0x00,0x02,0x00,0x00,0x00,
  0x01,0x40,0x00,0x00,0x00,0x00,0x00,0x00,0x38,0x00,0x00,0x07,0x72,0x00,0x10,0x00,
  0x05,0x00,0x00,0x00,0xF6,0x0F,0x10,0x00,0x02,0x00,0x00,0x00,0x46,0x02,0x10,0x00,
  0x04,0x00,0x00,0x00,0x37,0x00,0x00,0x09,0x72,0x00,0x10,0x00,0x04,0x00,0x00,0x00,
  0x56,0x05,0x10,0x00,0x01,0x00,0x00,0x00,0x46,0x02,0x10,0x00,0x05,0x00,0x00,0x00,
  0x46,0x02,0x10,0x00,0x04,0x00,0x00,0x00,0x12,0x00,0x00,0x01,0x20,0x00,0x00,0x07,
  0x22,0x00,0x10,0x00,0x01,0x00,0x00,0x00,0x0A,0x00,0x10,0x00,0x00,0x00,0x00,0x00,
  0x01,0x40,0x00,0x00,0x2B,0x00,0x00,0x00,0x1F,0x00,0x04,0x03,0x1A,0x00,0x10,0x00,
  0x01,0x00,0x00,0x00,0x32,0x00,0x00,0x09,0x22,0x00,0x10,0x00,0x01,0x00,0x00,0x00,
  0x2A,0x00,0x10,0x00,0x00,0x00,0x00,0x00,0x01,0x40,0x00,0x00,0x00,0x00,0x80,0x40,
  0x01,0x40,0x00,0x00,0x00,0x00,0x40,0x40,0x32,0x00,0x00,0x0A,0x22,0x00,0x10,0x00,
  0x01,0x00,0x00,0x00,0x2A,0x80,0x20,0x00,0x00,0x00,0x00,0x00,0x00,0x00,0x00,0x00,
  0x1A,0x00,0x10,0x00,0x01,0x00,0x00,0x00,0x01,0x40,0x00,0x00,0xBD,0x37,0x86,0x35,
  0x0E,0x00,0x00,0x07,0x22,0x00,0x10,0x00,0x01,0x00,0x00,0x00,0x0A,0x00,0x10,0x00,
  0x02,0x00,0x00,0x00,0x1A,0x00,0x10,0x00,0x01,0x00,0x00,0x00,0x1A,0x00,0x00,0x05,
  0x22,0x00,0x10,0x00,0x01,0x00,0x00,0x00,0x1A,0x00,0x10,0x00,0x01,0x00,0x00,0x00,
  0x31,0x00,0x00,0x07,0x22,0x00,0x10,0x00,0x01,0x00,0x00,0x00,0x1A,0x00,0x10,0x00,
  0x01,0x00,0x00,0x00,0x01,0x40,0x00,0x00,0x00,0x00,0x00,0x3F,0x32,0x00,0x00,0x0A,
  0x82,0x00,0x10,0x00,0x02,0x00,0x00,0x00,0x1A,0x00,0x10,0x80,0x41,0x00,0x00,0x00,
  0x00,0x00,0x00,0x00,0x01,0x40,0x00,0x00,0xCD,0xCC,0x0C,0x3F,0x01,0x40,0x00,0x00,
  0x00,0x00,0x80,0x3F,0x34,0x00,0x00,0x07,0x82,0x00,0x10,0x00,0x02,0x00,0x00,0x00,
  0x3A,0x00,0x10,0x00,0x02,0x00,0x00,0x00,0x01,0x40,0x00,0x00,0x00,0x00,0x00,0x00,
  0x38,0x00,0x00,0x07,0x72,0x00,0x10,0x00,0x05,0x00,0x00,0x00,0xF6,0x0F,0x10,0x00,
  0x02,0x00,0x00,0x00,0x46,0x02,0x10,0x00,0x04,0x00,0x00,0x00,0x37,0x00,0x00,0x09,
  0x72,0x00,0x10,0x00,0x04,0x00,0x00,0x00,0x56,0x05,0x10,0x00,0x01,0x00,0x00,0x00,
  0x46,0x02,0x10,0x00,0x05,0x00,0x00,0x00,0x46,0x02,0x10,0x00,0x04,0x00,0x00,0x00,
  0x12,0x00,0x00,0x01,0x20,0x00,0x00,0x07,0x22,0x00,0x10,0x00,0x01,0x00,0x00,0x00,
  0x0A,0x00,0x10,0x00,0x00,0x00,0x00,0x00,0x01,0x40,0x00,0x00,0x2C,0x00,0x00,0x00,
  0x1F,0x00,0x04,0x03,0x1A,0x00,0x10,0x00,0x01,0x00,0x00,0x00,0x32,0x00,0x00,0x09,
  0x22,0x00,0x10,0x00,0x01,0x00,0x00,0x00,0x1A,0x00,0x10,0x00,0x00,0x00,0x00,0x00,
  0x01,0x40,0x00,0x00,0x00,0x00,0xC0,0x40,0x01,0x40,0x00,0x00,0x00,0x00,0x00,0x40,
  0x38,0x00,0x00,0x08,0x12,0x00,0x10,0x00,0x05,0x00,0x00,0x00,0x1A,0x00,0x10,0x00,
  0x01,0x00,0x00,0x00,0x2A,0x80,0x20,0x00,0x00,0x00,0x00,0x00,0x00,0x00,0x00,0x00,
  0x36,0x00,0x00,0x05,0x22,0x00,0x10,0x00,0x05,0x00,0x00,0x00,0x01,0x40,0x00,0x00,
  0x00,0x00,0x00,0x00,0x00,0x20,0x00,0x07,0xC2,0x00,0x10,0x00,0x05,0x00,0x00,0x00,
  0x06,0x04,0x10,0x00,0x02,0x00,0x00,0x00,0x06,0x04,0x10,0x00,0x05,0x00,0x00,0x00,
  0x48,0x00,0x00,0x0B,0xF2,0x00,0x10,0x00,0x06,0x00,0x00,0x00,0xE6,0x0A,0x10,0x00,
  0x05,0x00,0x00,0x00,0x46,0x7E,0x10,0x00,0x00,0x00,0x00,0x00,0x00,0x60,0x10,0x00,
  0x00,0x00,0x00,0x00,0x01,0x40,0x00,0x00,0x00,0x00,0x00,0x00,0x00,0x20,0x00,0x08,
  0x32,0x00,0x10,0x00,0x05,0x00,0x00,0x00,0x46,0x00,0x10,0x00,0x02,0x00,0x00,0x00,
  0x46,0x00,0x10,0x80,0x41,0x00,0x00,0x00,0x05,0x00,0x00,0x00,0x48,0x00,0x00,0x0B,
  0xF2,0x00,0x10,0x00,0x05,0x00,0x00,0x00,0x46,0x00,0x10,0x00,0x05,0x00,0x00,0x00,
  0x46,0x7E,0x10,0x00,0x00,0x00,0x00,0x00,0x00,0x60,0x10,0x00,0x00,0x00,0x00,0x00,
  0x01,0x40,0x00,0x00,0x00,0x00,0x00,0x00,0x36,0x20,0x00,0x05,0x12,0x00,0x10,0x00,
  0x04,0x00,0x00,0x00,0x0A,0x00,0x10,0x00,0x06,0x00,0x00,0x00,0x36,0x20,0x00,0x05,
  0x22,0x00,0x10,0x00,0x04,0x00,0x00,0x00,0x1A,0x00,0x10,0x00,0x04,0x00,0x00,0x00,
  0x36,0x20,0x00,0x05,0x42,0x00,0x10,0x00,0x04,0x00,0x00,0x00,0x2A,0x00,0x10,0x00,
  0x05,0x00,0x00,0x00,0x12,0x00,0x00,0x01,0x20,0x00,0x00,0x07,0x22,0x00,0x10,0x00,
  0x01,0x00,0x00,0x00,0x0A,0x00,0x10,0x00,0x00,0x00,0x00,0x00,0x01,0x40,0x00,0x00,
  0x2D,0x00,0x00,0x00,0x1F,0x00,0x04,0x03,0x1A,0x00,0x10,0x00,0x01,0x00,0x00,0x00,
  0x36,0x00,0x00,0x08,0x92,0x00,0x10,0x00,0x05,0x00,0x00,0x00,0x02,0x40,0x00,0x00,
  0x00,0x00,0x00,0x00,0x00,0x00,0x00,0x00,0x00,0x00,0x00,0x00,0x00,0x00,0x00,0x00,
  0x36,0x00,0x00,0x07,0x62,0x00,0x10,0x00,0x05,0x00,0x00,0x00,0xF6,0x8E,0x20,0x80,
  0x41,0x00,0x00,0x00,0x00,0x00,0x00,0x00,0x00,0x00,0x00,0x00,0x00,0x20,0x00,0x07,
  0xF2,0x00,0x10,0x00,0x05,0x00,0x00,0x00,0x46,0x04,0x10,0x00,0x02,0x00,0x00,0x00,
  0x46,0x0E,0x10,0x00,0x05,0x00,0x00,0x00,0x48,0x00,0x00,0x0B,0xF2,0x00,0x10,0x00,
  0x06,0x00,0x00,0x00,0x46,0x00,0x10,0x00,0x05,0x00,0x00,0x00,0x46,0x7E,0x10,0x00,
  0x00,0x00,0x00,0x00,0x00,0x60,0x10,0x00,0x00,0x00,0x00,0x00,0x01,0x40,0x00,0x00,
  0x00,0x00,0x00,0x00,0x48,0x00,0x00,0x0B,0xF2,0x00,0x10,0x00,0x05,0x00,0x00,0x00,
  0xE6,0x0A,0x10,0x00,0x05,0x00,0x00,0x00,0x46,0x7E,0x10,0x00,0x00,0x00,0x00,0x00,
  0x00,0x60,0x10,0x00,0x00,0x00,0x00,0x00,0x01,0x40,0x00,0x00,0x00,0x00,0x00,0x00,
  0x00,0x00,0x00,0x08,0x72,0x00,0x10,0x00,0x06,0x00,0x00,0x00,0x46,0x02,0x10,0x00,
  0x04,0x00,0x00,0x00,0x46,0x02,0x10,0x80,0x41,0x00,0x00,0x00,0x06,0x00,0x00,0x00,
  0x10,0x00,0x00,0x0A,0x22,0x00,0x10,0x00,0x01,0x00,0x00,0x00,0x46,0x02,0x10,0x00,
  0x06,0x00,0x00,0x00,0x02,0x40,0x00,0x00,0xFA,0x7E,0xAA,0x3E,0xFA,0x7E,0xAA,0x3E,
  0xFA,0x7E,0xAA,0x3E,0x00,0x00,0x00,0x00,0x00,0x00,0x00,0x08,0x72,0x00,0x10,0x00,
  0x05,0x00,0x00,0x00,0x46,0x02,0x10,0x00,0x04,0x00,0x00,0x00,0x46,0x02,0x10,0x80,
  0x41,0x00,0x00,0x00,0x05,0x00,0x00,0x00,0x10,0x00,0x00,0x0A,0x82,0x00,0x10,0x00,
  0x02,0x00,0x00,0x00,0x46,0x02,0x10,0x00,0x05,0x00,0x00,0x00,0x02,0x40,0x00,0x00,
  0xFA,0x7E,0xAA,0x3E,0xFA,0x7E,0xAA,0x3E,0xFA,0x7E,0xAA,0x3E,0x00,0x00,0x00,0x00,
  0x00,0x00,0x00,0x07,0x22,0x00,0x10,0x00,0x01,0x00,0x00,0x00,0x1A,0x00,0x10,0x00,
  0x01,0x00,0x00,0x00,0x3A,0x00,0x10,0x00,0x02,0x00,0x00,0x00,0x32,0x00,0x00,0x09,
  0x82,0x00,0x10,0x00,0x02,0x00,0x00,0x00,0x1A,0x00,0x10,0x00,0x00,0x00,0x00,0x00,
  0x01,0x40,0x00,0x00,0x00,0x00,0x00,0x40,0x01,0x40,0x00,0x00,0xCD,0xCC,0xCC,0x3F,
  0x32,0x00,0x00,0x09,0x22,0x00,0x10,0x00,0x01,0x00,0x00,0x00,0x1A,0x00,0x10,0x00,
  0x01,0x00,0x00,0x00,0x3A,0x00,0x10,0x00,0x02,0x00,0x00,0x00,0x01,0x40,0x00,0x00,
  0x00,0x00,0x00,0x3F,0x36,0x20,0x00,0x05,0x72,0x00,0x10,0x00,0x04,0x00,0x00,0x00,
  0x56,0x05,0x10,0x00,0x01,0x00,0x00,0x00,0x12,0x00,0x00,0x01,0x20,0x00,0x00,0x07,
  0x22,0x00,0x10,0x00,0x01,0x00,0x00,0x00,0x0A,0x00,0x10,0x00,0x00,0x00,0x00,0x00,
  0x01,0x40,0x00,0x00,0x2E,0x00,0x00,0x00,0x1F,0x00,0x04,0x03,0x1A,0x00,0x10,0x00,
  0x01,0x00,0x00,0x00,0x38,0x00,0x00,0x07,0x22,0x00,0x10,0x00,0x01,0x00,0x00,0x00,
  0x1A,0x00,0x10,0x00,0x00,0x00,0x00,0x00,0x01,0x40,0x00,0x00,0x29,0x5C,0x0F,0x3E,
  0x32,0x00,0x00,0x0A,0x82,0x00,0x10,0x00,0x02,0x00,0x00,0x00,0x1A,0x00,0x10,0x80,
  0x41,0x00,0x00,0x00,0x00,0x00,0x00,0x00,0x01,0x40,0x00,0x00,0xCD,0xCC,0x4C,0x3E,
  0x01,0x40,0x00,0x00,0x00,0x00,0x80,0x3F,0x32,0x20,0x00,0x09,0x72,0x00,0x10,0x00,
  0x04,0x00,0x00,0x00,0x46,0x02,0x10,0x00,0x04,0x00,0x00,0x00,0xF6,0x0F,0x10,0x00,
  0x02,0x00,0x00,0x00,0x56,0x05,0x10,0x00,0x01,0x00,0x00,0x00,0x12,0x00,0x00,0x01,
  0x20,0x00,0x00,0x07,0x22,0x00,0x10,0x00,0x01,0x00,0x00,0x00,0x0A,0x00,0x10,0x00,
  0x00,0x00,0x00,0x00,0x01,0x40,0x00,0x00,0x2F,0x00,0x00,0x00,0x1F,0x00,0x04,0x03,
  0x1A,0x00,0x10,0x00,0x01,0x00,0x00,0x00,0x10,0x00,0x00,0x0A,0x22,0x00,0x10,0x00,
  0x01,0x00,0x00,0x00,0x46,0x02,0x10,0x00,0x04,0x00,0x00,0x00,0x02,0x40,0x00,0x00,
  0x87,0x16,0x99,0x3E,0xA2,0x45,0x16,0x3F,0xD5,0x78,0xE9,0x3D,0x00,0x00,0x00,0x00,
  0x38,0x20,0x00,0x0A,0x72,0x00,0x10,0x00,0x05,0x00,0x00,0x00,0x56,0x05,0x10,0x00,
  0x01,0x00,0x00,0x00,0x02,0x40,0x00,0x00,0x33,0x33,0x33,0x3F,0xAE,0x47,0x61,0x3F,
  0xCD,0xCC,0xAC,0x3F,0x00,0x00,0x00,0x00,0x00,0x00,0x00,0x08,0x72,0x00,0x10,0x00,
  0x05,0x00,0x00,0x00,0x46,0x02,0x10,0x80,0x41,0x00,0x00,0x00,0x04,0x00,0x00,0x00,
  0x46,0x02,0x10,0x00,0x05,0x00,0x00,0x00,0x32,0x00,0x00,0x09,0x72,0x00,0x10,0x00,
  0x04,0x00,0x00,0x00,0xA6,0x0A,0x10,0x00,0x02,0x00,0x00,0x00,0x46,0x02,0x10,0x00,
  0x05,0x00,0x00,0x00,0x46,0x02,0x10,0x00,0x04,0x00,0x00,0x00,0x12,0x00,0x00,0x01,
  0x20,0x00,0x00,0x07,0x22,0x00,0x10,0x00,0x01,0x00,0x00,0x00,0x0A,0x00,0x10,0x00,
  0x00,0x00,0x00,0x00,0x01,0x40,0x00,0x00,0x30,0x00,0x00,0x00,0x1F,0x00,0x04,0x03,
  0x1A,0x00,0x10,0x00,0x01,0x00,0x00,0x00,0x10,0x00,0x00,0x0A,0x22,0x00,0x10,0x00,
  0x01,0x00,0x00,0x00,0x46,0x02,0x10,0x00,0x04,0x00,0x00,0x00,0x02,0x40,0x00,0x00,
  0x87,0x16,0x99,0x3E,0xA2,0x45,0x16,0x3F,0xD5,0x78,0xE9,0x3D,0x00,0x00,0x00,0x00,
  0x38,0x20,0x00,0x0A,0x72,0x00,0x10,0x00,0x05,0x00,0x00,0x00,0x56,0x05,0x10,0x00,
  0x01,0x00,0x00,0x00,0x02,0x40,0x00,0x00,0x33,0x33,0x33,0x3F,0x66,0x66,0xA6,0x3F,
  0x00,0x00,0x40,0x3F,0x00,0x00,0x00,0x00,0x00,0x00,0x00,0x08,0x72,0x00,0x10,0x00,
  0x05,0x00,0x00,0x00,0x46,0x02,0x10,0x80,0x41,0x00,0x00,0x00,0x04,0x00,0x00,0x00,
  0x46,0x02,0x10,0x00,0x05,0x00,0x00,0x00,0x32,0x00,0x00,0x09,0x72,0x00,0x10,0x00,
  0x04,0x00,0x00,0x00,0xA6,0x0A,0x10,0x00,0x02,0x00,0x00,0x00,0x46,0x02,0x10,0x00,
  0x05,0x00,0x00,0x00,0x46,0x02,0x10,0x00,0x04,0x00,0x00,0x00,0x12,0x00,0x00,0x01,
  0x20,0x00,0x00,0x07,0x22,0x00,0x10,0x00,0x01,0x00,0x00,0x00,0x0A,0x00,0x10,0x00,
  0x00,0x00,0x00,0x00,0x01,0x40,0x00,0x00,0x32,0x00,0x00,0x00,0x1F,0x00,0x04,0x03,
  0x1A,0x00,0x10,0x00,0x01,0x00,0x00,0x00,0x10,0x00,0x00,0x0A,0x22,0x00,0x10,0x00,
  0x01,0x00,0x00,0x00,0x46,0x02,0x10,0x00,0x04,0x00,0x00,0x00,0x02,0x40,0x00,0x00,
  0x87,0x16,0x99,0x3E,0xA2,0x45,0x16,0x3F,0xD5,0x78,0xE9,0x3D,0x00,0x00,0x00,0x00,
  0x32,0x00,0x00,0x0F,0x72,0x00,0x10,0x00,0x05,0x00,0x00,0x00,0x56,0x05,0x10,0x00,
  0x01,0x00,0x00,0x00,0x02,0x40,0x00,0x00,0x14,0xAE,0x47,0x3F,0x1F,0x85,0x2B,0x3F,
  0x8C,0xC2,0xF5,0xBD,0x00,0x00,0x00,0x00,0x02,0x40,0x00,0x00,0xAE,0x47,0x61,0x3E,
  0xCD,0xCC,0x4C,0x3D,0x3D,0x0A,0xD7,0x3E,0x00,0x00,0x00,0x00,0x38,0x00,0x00,0x0A,
  0x72,0x00,0x10,0x00,0x06,0x00,0x00,0x00,0x46,0x02,0x10,0x00,0x04,0x00,0x00,0x00,
  0x02,0x40,0x00,0x00,0x00,0x00,0x00,0x3F,0x00,0x00,0x00,0x3F,0x00,0x00,0x00,0x3F,
  0x00,0x00,0x00,0x00,0x32,0x20,0x00,0x0C,0x72,0x00,0x10,0x00,0x05,0x00,0x00,0x00,
  0x46,0x02,0x10,0x00,0x05,0x00,0x00,0x00,0x02,0x40,0x00,0x00,0x9A,0x99,0x19,0x3F,
  0x9A,0x99,0x19,0x3F,0x9A,0x99,0x19,0x3F,0x00,0x00,0x00,0x00,0x46,0x02,0x10,0x00,
  0x06,0x00,0x00,0x00,0x00,0x00,0x00,0x08,0x72,0x00,0x10,0x00,0x05,0x00,0x00,0x00,
  0x46,0x02,0x10,0x80,0x41,0x00,0x00,0x00,0x04,0x00,0x00,0x00,0x46,0x02,0x10,0x00,
  0x05,0x00,0x00,0x00,0x32,0x00,0x00,0x09,0x72,0x00,0x10,0x00,0x04,0x00,0x00,0x00,
  0xA6,0x0A,0x10,0x00,0x02,0x00,0x00,0x00,0x46,0x02,0x10,0x00,0x05,0x00,0x00,0x00,
  0x46,0x02,0x10,0x00,0x04,0x00,0x00,0x00,0x12,0x00,0x00,0x01,0x20,0x00,0x00,0x07,
  0x22,0x00,0x10,0x00,0x01,0x00,0x00,0x00,0x0A,0x00,0x10,0x00,0x00,0x00,0x00,0x00,
  0x01,0x40,0x00,0x00,0x34,0x00,0x00,0x00,0x1F,0x00,0x04,0x03,0x1A,0x00,0x10,0x00,
  0x01,0x00,0x00,0x00,0x32,0x00,0x00,0x09,0x22,0x00,0x10,0x00,0x01,0x00,0x00,0x00,
  0x1A,0x00,0x10,0x00,0x00,0x00,0x00,0x00,0x01,0x40,0x00,0x00,0x00,0x00,0x00,0x41,
  0x01,0x40,0x00,0x00,0x00,0x00,0x80,0x40,0x1B,0x00,0x00,0x05,0x22,0x00,0x10,0x00,
  0x01,0x00,0x00,0x00,0x1A,0x00,0x10,0x00,0x01,0x00,0x00,0x00,0x25,0x00,0x00,0x07,
  0x22,0x00,0x10,0x00,0x01,0x00,0x00,0x00,0x1A,0x00,0x10,0x00,0x01,0x00,0x00,0x00,
  0x01,0x40,0x00,0x00,0x0C,0x00,0x00,0x00,0x36,0x00,0x00,0x05,0x22,0x00,0x10,0x00,
  0x05,0x00,0x00,0x00,0x01,0x40,0x00,0x00,0x00,0x00,0x00,0x00,0x36,0x00,0x00,0x05,
  0x72,0x00,0x10,0x00,0x06,0x00,0x00,0x00,0x46,0x02,0x10,0x00,0x04,0x00,0x00,0x00,
  0x36,0x00,0x00,0x05,0x82,0x00,0x10,0x00,0x02,0x00,0x00,0x00,0x1A,0x00,0x10,0x00,
  0x01,0x00,0x00,0x00,0x36,0x00,0x00,0x05,0x82,0x00,0x10,0x00,0x03,0x00,0x00,0x00,
  0x01,0x40,0x00,0x00,0x01,0x00,0x00,0x00,0x30,0x00,0x00,0x01,0x22,0x00,0x00,0x07,
  0x42,0x00,0x10,0x00,0x05,0x00,0x00,0x00,0x01,0x40,0x00,0x00,0x0C,0x00,0x00,0x00,
  0x3A,0x00,0x10,0x00,0x03,0x00,0x00,0x00,0x03,0x00,0x04,0x03,0x2A,0x00,0x10,0x00,
  0x05,0x00,0x00,0x00,0x22,0x00,0x00,0x07,0x42,0x00,0x10,0x00,0x05,0x00,0x00,0x00,
  0x3A,0x00,0x10,0x00,0x02,0x00,0x00,0x00,0x3A,0x00,0x10,0x00,0x03,0x00,0x00,0x00,
  0x1F,0x00,0x04,0x03,0x2A,0x00,0x10,0x00,0x05,0x00,0x00,0x00,0x02,0x00,0x00,0x01,
  0x15,0x00,0x00,0x01,0x2B,0x00,0x00,0x05,0x42,0x00,0x10,0x00,0x05,0x00,0x00,0x00,
  0x3A,0x00,0x10,0x00,0x03,0x00,0x00,0x00,0x38,0x00,0x00,0x08,0x42,0x00,0x10,0x00,
  0x05,0x00,0x00,0x00,0x2A,0x00,0x10,0x00,0x05,0x00,0x00,0x00,0x2A,0x80,0x20,0x00,
  0x00,0x00,0x00,0x00,0x00,0x00,0x00,0x00,0x38,0x00,0x00,0x07,0x42,0x00,0x10,0x00,
  0x05,0x00,0x00,0x00,0x2A,0x00,0x10,0x00,0x00,0x00,0x00,0x00,0x2A,0x00,0x10,0x00,
  0x05,0x00,0x00,0x00,0x38,0x00,0x00,0x07,0x12,0x00,0x10,0x00,0x05,0x00,0x00,0x00,
  0x2A,0x00,0x10,0x00,0x05,0x00,0x00,0x00,0x01,0x40,0x00,0x00,0x00,0x00,0x40,0x40,
  0x00,0x20,0x00,0x07,0xC2,0x00,0x10,0x00,0x05,0x00,0x00,0x00,0x06,0x04,0x10,0x00,
  0x02,0x00,0x00,0x00,0x06,0x04,0x10,0x00,0x05,0x00,0x00,0x00,0x48,0x00,0x00,0x0B,
  0xF2,0x00,0x10,0x00,0x07,0x00,0x00,0x00,0xE6,0x0A,0x10,0x00,0x05,0x00,0x00,0x00,
  0x46,0x7E,0x10,0x00,0x00,0x00,0x00,0x00,0x00,0x60,0x10,0x00,0x00,0x00,0x00,0x00,
  0x01,0x40,0x00,0x00,0x00,0x00,0x00,0x00,0x00,0x00,0x00,0x07,0x72,0x00,0x10,0x00,
  0x07,0x00,0x00,0x00,0x46,0x02,0x10,0x00,0x06,0x00,0x00,0x00,0x46,0x02,0x10,0x00,
  0x07,0x00,0x00,0x00,0x00,0x20,0x00,0x08,0x52,0x00,0x10,0x00,0x05,0x00,0x00,0x00,
  0x06,0x01,0x10,0x00,0x02,0x00,0x00,0x00,0x06,0x01,0x10,0x80,0x41,0x00,0x00,0x00,
  0x05,0x00,0x00,0x00,0x48,0x00,0x00,0x0B,0xF2,0x00,0x10,0x00,0x08,0x00,0x00,0x00,
  0x86,0x00,0x10,0x00,0x05,0x00,0x00,0x00,0x46,0x7E,0x10,0x00,0x00,0x00,0x00,0x00,
  0x00,0x60,0x10,0x00,0x00,0x00,0x00,0x00,0x01,0x40,0x00,0x00,0x00,0x00,0x00,0x00,
  0x00,0x00,0x00,0x07,0x72,0x00,0x10,0x00,0x06,0x00,0x00,0x00,0x46,0x02,0x10,0x00,
  0x07,0x00,0x00,0x00,0x46,0x02,0x10,0x00,0x08,0x00,0x00,0x00,0x1E,0x00,0x00,0x07,
  0x82,0x00,0x10,0x00,0x03,0x00,0x00,0x00,0x3A,0x00,0x10,0x00,0x03,0x00,0x00,0x00,
  0x01,0x40,0x00,0x00,0x01,0x00,0x00,0x00,0x16,0x00,0x00,0x01,0x29,0x00,0x00,0x07,
  0x22,0x00,0x10,0x00,0x01,0x00,0x00,0x00,0x1A,0x00,0x10,0x00,0x01,0x00,0x00,0x00,
  0x01,0x40,0x00,0x00,0x01,0x00,0x00,0x00,0x1E,0x00,0x00,0x07,0x22,0x00,0x10,0x00,
  0x01,0x00,0x00,0x00,0x1A,0x00,0x10,0x00,0x01,0x00,0x00,0x00,0x01,0x40,0x00,0x00,
  0x01,0x00,0x00,0x00,0x2B,0x00,0x00,0x05,0x22,0x00,0x10,0x00,0x01,0x00,0x00,0x00,
  0x1A,0x00,0x10,0x00,0x01,0x00,0x00,0x00,0x0E,0x20,0x00,0x07,0x72,0x00,0x10,0x00,
  0x04,0x00,0x00,0x00,0x46,0x02,0x10,0x00,0x06,0x00,0x00,0x00,0x56,0x05,0x10,0x00,
  0x01,0x00,0x00,0x00,0x12,0x00,0x00,0x01,0x20,0x00,0x00,0x07,0x22,0x00,0x10,0x00,
  0x01,0x00,0x00,0x00,0x0A,0x00,0x10,0x00,0x00,0x00,0x00,0x00,0x01,0x40,0x00,0x00,
  0x35,0x00,0x00,0x00,0x1F,0x00,0x04,0x03,0x1A,0x00,0x10,0x00,0x01,0x00,0x00,0x00,
  0x00,0x00,0x00,0x0A,0x32,0x00,0x10,0x00,0x05,0x00,0x00,0x00,0x46,0x00,0x10,0x00,
  0x02,0x00,0x00,0x00,0x02,0x40,0x00,0x00,0xB0,0xFE,0xFF,0xBE,0xB0,0xFE,0xFF,0xBE,
  0x00,0x00,0x00,0x00,0x00,0x00,0x00,0x00,0x0F,0x00,0x00,0x07,0x22,0x00,0x10,0x00,
  0x01,0x00,0x00,0x00,0x46,0x00,0x10,0x00,0x05,0x00,0x00,0x00,0x46,0x00,0x10,0x00,
  0x05,0x00,0x00,0x00,0x44,0x00,0x00,0x05,0x22,0x00,0x10,0x00,0x01,0x00,0x00,0x00,
  0x1A,0x00,0x10,0x00,0x01,0x00,0x00,0x00,0x38,0x00,0x00,0x07,0x32,0x00,0x10,0x00,
  0x05,0x00,0x00,0x00,0x56,0x05,0x10,0x00,0x01,0x00,0x00,0x00,0x46,0x00,0x10,0x00,
  0x05,0x00,0x00,0x00,0x32,0x00,0x00,0x09,0x22,0x00,0x10,0x00,0x01,0x00,0x00,0x00,
  0x1A,0x00,0x10,0x00,0x00,0x00,0x00,0x00,0x01,0x40,0x00,0x00,0x00,0x00,0x00,0x41,
  0x01,0x40,0x00,0x00,0x00,0x00,0xA0,0x40,0x1B,0x00,0x00,0x05,0x22,0x00,0x10,0x00,
  0x01,0x00,0x00,0x00,0x1A,0x00,0x10,0x00,0x01,0x00,0x00,0x00,0x25,0x00,0x00,0x07,
  0x22,0x00,0x10,0x00,0x01,0x00,0x00,0x00,0x1A,0x00,0x10,0x00,0x01,0x00,0x00,0x00,
  0x01,0x40,0x00,0x00,0x0C,0x00,0x00,0x00,0x38,0x00,0x00,0x08,0x32,0x00,0x10,0x00,
  0x05,0x00,0x00,0x00,0x46,0x00,0x10,0x00,0x05,0x00,0x00,0x00,0xE6,0x8A,0x20,0x00,
  0x00,0x00,0x00,0x00,0x00,0x00,0x00,0x00,0x36,0x00,0x00,0x05,0x72,0x00,0x10,0x00,
  0x06,0x00,0x00,0x00,0x46,0x02,0x10,0x00,0x04,0x00,0x00,0x00,0x36,0x00,0x00,0x05,
  0x82,0x00,0x10,0x00,0x02,0x00,0x00,0x00,0x1A,0x00,0x10,0x00,0x01,0x00,0x00,0x00,
  0x36,0x00,0x00,0x05,0x82,0x00,0x10,0x00,0x03,0x00,0x00,0x00,0x01,0x40,0x00,0x00,
  0x01,0x00,0x00,0x00,0x30,0x00,0x00,0x01,0x22,0x00,0x00,0x07,0x42,0x00,0x10,0x00,
  0x05,0x00,0x00,0x00,0x01,0x40,0x00,0x00,0x0C,0x00,0x00,0x00,0x3A,0x00,0x10,0x00,
  0x03,0x00,0x00,0x00,0x03,0x00,0x04,0x03,0x2A,0x00,0x10,0x00,0x05,0x00,0x00,0x00,
  0x22,0x00,0x00,0x07,0x42,0x00,0x10,0x00,0x05,0x00,0x00,0x00,0x3A,0x00,0x10,0x00,
  0x02,0x00,0x00,0x00,0x3A,0x00,0x10,0x00,0x03,0x00,0x00,0x00,0x1F,0x00,0x04,0x03,
  0x2A,0x00,0x10,0x00,0x05,0x00,0x00,0x00,0x02,0x00,0x00,0x01,0x15,0x00,0x00,0x01,
  0x2B,0x00,0x00,0x05,0x42,0x00,0x10,0x00,0x05,0x00,0x00,0x00,0x3A,0x00,0x10,0x00,
  0x03,0x00,0x00,0x00,0x38,0x00,0x00,0x07,0xC2,0x00,0x10,0x00,0x05,0x00,0x00,0x00,
  0xA6,0x0A,0x10,0x00,0x05,0x00,0x00,0x00,0x06,0x04,0x10,0x00,0x05,0x00,0x00,0x00,
  0x38,0x00,0x00,0x07,0xC2,0x00,0x10,0x00,0x05,0x00,0x00,0x00,0xA6,0x0A,0x10,0x00,
  0x00,0x00,0x00,0x00,0xA6,0x0E,0x10,0x00,0x05,0x00,0x00,0x00,0x32,0x20,0x00,0x0D,
  0xC2,0x00,0x10,0x00,0x05,0x00,0x00,0x00,0xA6,0x0E,0x10,0x80,0x41,0x00,0x00,0x00,
  0x05,0x00,0x00,0x00,0x02,0x40,0x00,0x00,0x00,0x00,0x00,0x00,0x00,0x00,0x00,0x00,
  0x00,0x00,0x80,0x40,0x00,0x00,0x80,0x40,0x06,0x04,0x10,0x00,0x02,0x00,0x00,0x00,
  0x48,0x00,0x00,0x0B,0xF2,0x00,0x10,0x00,0x07,0x00,0x00,0x00,0xE6,0x0A,0x10,0x00,
  0x05,0x00,0x00,0x00,0x46,0x7E,0x10,0x00,0x00,0x00,0x00,0x00,0x00,0x60,0x10,0x00,
  0x00,0x00,0x00,0x00,0x01,0x40,0x00,0x00,0x00,0x00,0x00,0x00,0x00,0x00,0x00,0x07,
  0x72,0x00,0x10,0x00,0x06,0x00,0x00,0x00,0x46,0x02,0x10,0x00,0x06,0x00,0x00,0x00,
  0x46,0x02,0x10,0x00,0x07,0x00,0x00,0x00,0x1E,0x00,0x00,0x07,0x82,0x00,0x10,0x00,
  0x03,0x00,0x00,0x00,0x3A,0x00,0x10,0x00,0x03,0x00,0x00,0x00,0x01,0x40,0x00,0x00,
  0x01,0x00,0x00,0x00,0x16,0x00,0x00,0x01,0x1E,0x00,0x00,0x07,0x22,0x00,0x10,0x00,
  0x01,0x00,0x00,0x00,0x1A,0x00,0x10,0x00,0x01,0x00,0x00,0x00,0x01,0x40,0x00,0x00,
  0x01,0x00,0x00,0x00,0x2B,0x00,0x00,0x05,0x22,0x00,0x10,0x00,0x01,0x00,0x00,0x00,
  0x1A,0x00,0x10,0x00,0x01,0x00,0x00,0x00,0x0E,0x20,0x00,0x07,0x72,0x00,0x10,0x00,
  0x04,0x00,0x00,0x00,0x46,0x02,0x10,0x00,0x06,0x00,0x00,0x00,0x56,0x05,0x10,0x00,
  0x01,0x00,0x00,0x00,0x12,0x00,0x00,0x01,0x20,0x00,0x00,0x07,0x22,0x00,0x10,0x00,
  0x01,0x00,0x00,0x00,0x0A,0x00,0x10,0x00,0x00,0x00,0x00,0x00,0x01,0x40,0x00,0x00,
  0x36,0x00,0x00,0x00,0x1F,0x00,0x04,0x03,0x1A,0x00,0x10,0x00,0x01,0x00,0x00,0x00,
  0x00,0x00,0x00,0x0A,0x32,0x00,0x10,0x00,0x05,0x00,0x00,0x00,0x46,0x00,0x10,0x00,
  0x02,0x00,0x00,0x00,0x02,0x40,0x00,0x00,0x00,0x00,0x00,0xBF,0x00,0x00,0x00,0xBF,
  0x00,0x00,0x00,0x00,0x00,0x00,0x00,0x00,0x32,0x00,0x00,0x09,0x22,0x00,0x10,0x00,
  0x01,0x00,0x00,0x00,0x1A,0x00,0x10,0x00,0x00,0x00,0x00,0x00,0x01,0x40,0x00,0x00,
  0x00,0x00,0x20,0x41,0x01,0x40,0x00,0x00,0x00,0x00,0xA0,0x40,0x1B,0x00,0x00,0x05,
  0x22,0x00,0x10,0x00,0x01,0x00,0x00,0x00,0x1A,0x00,0x10,0x00,0x01,0x00,0x00,0x00,
  0x25,0x00,0x00,0x07,0x22,0x00,0x10,0x00,0x01,0x00,0x00,0x00,0x1A,0x00,0x10,0x00,
  0x01,0x00,0x00,0x00,0x01,0x40,0x00,0x00,0x0E,0x00,0x00,0x00,0x36,0x00,0x00,0x05,
  0x72,0x00,0x10,0x00,0x06,0x00,0x00,0x00,0x46,0x02,0x10,0x00,0x04,0x00,0x00,0x00,
  0x36,0x00,0x00,0x05,0x82,0x00,0x10,0x00,0x02,0x00,0x00,0x00,0x1A,0x00,0x10,0x00,
  0x01,0x00,0x00,0x00,0x36,0x00,0x00,0x05,0x82,0x00,0x10,0x00,0x03,0x00,0x00,0x00,
  0x01,0x40,0x00,0x00,0x01,0x00,0x00,0x00,0x30,0x00,0x00,0x01,0x22,0x00,0x00,0x07,
  0x42,0x00,0x10,0x00,0x05,0x00,0x00,0x00,0x01,0x40,0x00,0x00,0x0E,0x00,0x00,0x00,
  0x3A,0x00,0x10,0x00,0x03,0x00,0x00,0x00,0x03,0x00,0x04,0x03,0x2A,0x00,0x10,0x00,
  0x05,0x00,0x00,0x00,0x22,0x00,0x00,0x07,0x42,0x00,0x10,0x00,0x05,0x00,0x00,0x00,
  0x3A,0x00,0x10,0x00,0x02,0x00,0x00,0x00,0x3A,0x00,0x10,0x00,0x03,0x00,0x00,0x00,
  0x1F,0x00,0x04,0x03,0x2A,0x00,0x10,0x00,0x05,0x00,0x00,0x00,0x02,0x00,0x00,0x01,
  0x15,0x00,0x00,0x01,0x2B,0x00,0x00,0x05,0x42,0x00,0x10,0x00,0x05,0x00,0x00,0x00,
  0x3A,0x00,0x10,0x00,0x03,0x00,0x00,0x00,0x1E,0x00,0x00,0x07,0x82,0x00,0x10,0x00,
  0x05,0x00,0x00,0x00,0x3A,0x00,0x10,0x00,0x02,0x00,0x00,0x00,0x01,0x40,0x00,0x00,
  0x01,0x00,0x00,0x00,0x2B,0x00,0x00,0x05,0x82,0x00,0x10,0x00,0x05,0x00,0x00,0x00,
  0x3A,0x00,0x10,0x00,0x05,0x00,0x00,0x00,0x0E,0x00,0x00,0x07,0x42,0x00,0x10,0x00,
  0x05,0x00,0x00,0x00,0x2A,0x00,0x10,0x00,0x05,0x00,0x00,0x00,0x3A,0x00,0x10,0x00,
  0x05,0x00,0x00,0x00,0x00,0x00,0x00,0x08,0x42,0x00,0x10,0x00,0x05,0x00,0x00,0x00,
  0x2A,0x00,0x10,0x80,0x41,0x00,0x00,0x00,0x05,0x00,0x00,0x00,0x01,0x40,0x00,0x00,
  0x00,0x00,0x80,0x3F,0x32,0x20,0x00,0x0C,0xC2,0x00,0x10,0x00,0x05,0x00,0x00,0x00,
  0x06,0x04,0x10,0x00,0x05,0x00,0x00,0x00,0xA6,0x0A,0x10,0x00,0x05,0x00,0x00,0x00,
  0x02,0x40,0x00,0x00,0x00,0x00,0x00,0x00,0x00,0x00,0x00,0x00,0x00,0x00,0x00,0x3F,
  0x00,0x00,0x00,0x3F,0x48,0x00,0x00,0x0B,0xF2,0x00,0x10,0x00,0x07,0x00,0x00,0x00,
  0xE6,0x0A,0x10,0x00,0x05,0x00,0x00,0x00,0x46,0x7E,0x10,0x00,0x00,0x00,0x00,0x00,
  0x00,0x60,0x10,0x00,0x00,0x00,0x00,0x00,0x01,0x40,0x00,0x00,0x00,0x00,0x00,0x00,
  0x00,0x00,0x00,0x07,0x72,0x00,0x10,0x00,0x06,0x00,0x00,0x00,0x46,0x02,0x10,0x00,
  0x06,0x00,0x00,0x00,0x46,0x02,0x10,0x00,0x07,0x00,0x00,0x00,0x1E,0x00,0x00,0x07,
  0x82,0x00,0x10,0x00,0x03,0x00,0x00,0x00,0x3A,0x00,0x10,0x00,0x03,0x00,0x00,0x00,
  0x01,0x40,0x00,0x00,0x01,0x00,0x00,0x00,0x16,0x00,0x00,0x01,0x1E,0x00,0x00,0x07,
  0x22,0x00,0x10,0x00,0x01,0x00,0x00,0x00,0x1A,0x00,0x10,0x00,0x01,0x00,0x00,0x00,
  0x01,0x40,0x00,0x00,0x01,0x00,0x00,0x00,0x2B,0x00,0x00,0x05,0x22,0x00,0x10,0x00,
  0x01,0x00,0x00,0x00,0x1A,0x00,0x10,0x00,0x01,0x00,0x00,0x00,0x0E,0x20,0x00,0x07,
  0x72,0x00,0x10,0x00,0x04,0x00,0x00,0x00,0x46,0x02,0x10,0x00,0x06,0x00,0x00,0x00,
  0x56,0x05,0x10,0x00,0x01,0x00,0x00,0x00,0x12,0x00,0x00,0x01,0x20,0x00,0x00,0x07,
  0x22,0x00,0x10,0x00,0x01,0x00,0x00,0x00,0x0A,0x00,0x10,0x00,0x00,0x00,0x00,0x00,
  0x01,0x40,0x00,0x00,0x3B,0x00,0x00,0x00,0x1F,0x00,0x04,0x03,0x1A,0x00,0x10,0x00,
  0x01,0x00,0x00,0x00,0x32,0x00,0x00,0x09,0x12,0x00,0x10,0x00,0x05,0x00,0x00,0x00,
  0x1A,0x00,0x10,0x00,0x00,0x00,0x00,0x00,0x01,0x40,0x00,0x00,0x0A,0xD7,0x23,0x3D,
  0x01,0x40,0x00,0x00,0x0A,0xD7,0xA3,0x3C,0x36,0x00,0x00,0x05,0x22,0x00,0x10,0x00,
  0x05,0x00,0x00,0x00,0x01,0x40,0x00,0x00,0x00,0x00,0x00,0x00,0x00,0x00,0x00,0x07,
  0xC2,0x00,0x10,0x00,0x05,0x00,0x00,0x00,0x06,0x04,0x10,0x00,0x02,0x00,0x00,0x00,
  0x06,0x04,0x10,0x00,0x05,0x00,0x00,0x00,0x33,0x00,0x00,0x0A,0xC2,0x00,0x10,0x00,
  0x05,0x00,0x00,0x00,0xA6,0x0E,0x10,0x00,0x05,0x00,0x00,0x00,0x02,0x40,0x00,0x00,
  0x00,0x00,0x00,0x00,0x00,0x00,0x00,0x00,0x00,0x00,0x80,0x3F,0x00,0x00,0x80,0x3F,
  0x48,0x00,0x00,0x0B,0xF2,0x00,0x10,0x00,0x06,0x00,0x00,0x00,0xE6,0x0A,0x10,0x00,
  0x05,0x00,0x00,0x00,0x46,0x7E,0x10,0x00,0x00,0x00,0x00,0x00,0x00,0x60,0x10,0x00,
  0x00,0x00,0x00,0x00,0x01,0x40,0x00,0x00,0x00,0x00,0x00,0x00,0x00,0x00,0x00,0x08,
  0x32,0x00,0x10,0x00,0x05,0x00,0x00,0x00,0x46,0x00,0x10,0x00,0x02,0x00,0x00,0x00,
  0x46,0x00,0x10,0x80,0x41,0x00,0x00,0x00,0x05,0x00,0x00,0x00,0x34,0x00,0x00,0x0A,
  0x32,0x00,0x10,0x00,0x05,0x00,0x00,0x00,0x46,0x00,0x10,0x00,0x05,0x00,0x00,0x00,
  0x02,0x40,0x00,0x00,0x00,0x00,0x00,0x00,0x00,0x00,0x00,0x00,0x00,0x00,0x00,0x00,
  0x00,0x00,0x00,0x00,0x48,0x00,0x00,0x0B,0xF2,0x00,0x10,0x00,0x05,0x00,0x00,0x00,
  0x46,0x00,0x10,0x00,0x05,0x00,0x00,0x00,0x46,0x7E,0x10,0x00,0x00,0x00,0x00,0x00,
  0x00,0x60,0x10,0x00,0x00,0x00,0x00,0x00,0x01,0x40,0x00,0x00,0x00,0x00,0x00,0x00,
  0x36,0x20,0x00,0x05,0x12,0x00,0x10,0x00,0x05,0x00,0x00,0x00,0x0A,0x00,0x10,0x00,
  0x06,0x00,0x00,0x00,0x36,0x20,0x00,0x05,0x22,0x00,0x10,0x00,0x05,0x00,0x00,0x00,
  0x1A,0x00,0x10,0x00,0x04,0x00,0x00,0x00,0x36,0x20,0x00,0x05,0x42,0x00,0x10,0x00,
  0x05,0x00,0x00,0x00,0x2A,0x00,0x10,0x00,0x05,0x00,0x00,0x00,0x32,0x00,0x00,0x0A,
  0x32,0x00,0x10,0x00,0x06,0x00,0x00,0x00,0x56,0x85,0x20,0x00,0x00,0x00,0x00,0x00,
  0x00,0x00,0x00,0x00,0xA6,0x0A,0x10,0x00,0x00,0x00,0x00,0x00,0x46,0x00,0x10,0x00,
  0x02,0x00,0x00,0x00,0x0F,0x00,0x00,0x0A,0x22,0x00,0x10,0x00,0x01,0x00,0x00,0x00,
  0x46,0x00,0x10,0x00,0x06,0x00,0x00,0x00,0x02,0x40,0x00,0x00,0x33,0x33,0xFE,0x42,
  0x9A,0xD9,0x9B,0x43,0x00,0x00,0x00,0x00,0x00,0x00,0x00,0x00,0x4D,0x00,0x00,0x06,
  0x22,0x00,0x10,0x00,0x01,0x00,0x00,0x00,0x00,0xD0,0x00,0x00,0x1A,0x00,0x10,0x00,
  0x01,0x00,0x00,0x00,0x38,0x00,0x00,0x07,0x22,0x00,0x10,0x00,0x01,0x00,0x00,0x00,
  0x1A,0x00,0x10,0x00,0x01,0x00,0x00,0x00,0x01,0x40,0x00,0x00,0x8C,0xEE,0x2A,0x47,
  0x1A,0x00,0x00,0x05,0x22,0x00,0x10,0x00,0x01,0x00,0x00,0x00,0x1A,0x00,0x10,0x00,
  0x01,0x00,0x00,0x00,0x32,0x00,0x00,0x0A,0x82,0x00,0x10,0x00,0x02,0x00,0x00,0x00,
  0x3A,0x00,0x10,0x80,0x41,0x00,0x00,0x00,0x00,0x00,0x00,0x00,0x01,0x40,0x00,0x00,
  0x8F,0xC2,0x75,0x3D,0x01,0x40,0x00,0x00,0x00,0x00,0x80,0x3F,0x31,0x00,0x00,0x07,
  0x22,0x00,0x10,0x00,0x01,0x00,0x00,0x00,0x3A,0x00,0x10,0x00,0x02,0x00,0x00,0x00,
  0x1A,0x00,0x10,0x00,0x01,0x00,0x00,0x00,0x00,0x00,0x00,0x0B,0x72,0x00,0x10,0x00,
  0x06,0x00,0x00,0x00,0x46,0x02,0x10,0x80,0x41,0x00,0x00,0x00,0x05,0x00,0x00,0x00,
  0x02,0x40,0x00,0x00,0x00,0x00,0x80,0x3F,0x00,0x00,0x80,0x3F,0x00,0x00,0x80,0x3F,
  0x00,0x00,0x00,0x00,0x37,0x00,0x00,0x09,0x72,0x00,0x10,0x00,0x04,0x00,0x00,0x00,
  0x56,0x05,0x10,0x00,0x01,0x00,0x00,0x00,0x46,0x02,0x10,0x00,0x06,0x00,0x00,0x00,
  0x46,0x02,0x10,0x00,0x05,0x00,0x00,0x00,0x12,0x00,0x00,0x01,0x20,0x00,0x00,0x07,
  0x22,0x00,0x10,0x00,0x01,0x00,0x00,0x00,0x0A,0x00,0x10,0x00,0x00,0x00,0x00,0x00,
  0x01,0x40,0x00,0x00,0x3C,0x00,0x00,0x00,0x1F,0x00,0x04,0x03,0x1A,0x00,0x10,0x00,
  0x01,0x00,0x00,0x00,0x32,0x00,0x00,0x0A,0x22,0x00,0x10,0x00,0x01,0x00,0x00,0x00,
  0x3A,0x80,0x20,0x00,0x00,0x00,0x00,0x00,0x00,0x00,0x00,0x00,0x01,0x40,0x00,0x00,
  0x00,0x00,0x00,0x40,0x01,0x40,0x00,0x00,0xBD,0x37,0x86,0x35,0x0E,0x00,0x00,0x07,
  0x22,0x00,0x10,0x00,0x01,0x00,0x00,0x00,0x1A,0x00,0x10,0x00,0x02,0x00,0x00,0x00,
  0x1A,0x00,0x10,0x00,0x01,0x00,0x00,0x00,0x1A,0x00,0x00,0x05,0x22,0x00,0x10,0x00,
  0x01,0x00,0x00,0x00,0x1A,0x00,0x10,0x00,0x01,0x00,0x00,0x00,0x31,0x00,0x00,0x07,
  0x22,0x00,0x10,0x00,0x01,0x00,0x00,0x00,0x1A,0x00,0x10,0x00,0x01,0x00,0x00,0x00,
  0x01,0x40,0x00,0x00,0x00,0x00,0x00,0x3F,0x32,0x00,0x00,0x0A,0x82,0x00,0x10,0x00,
  0x02,0x00,0x00,0x00,0x2A,0x00,0x10,0x80,0x41,0x00,0x00,0x00,0x00,0x00,0x00,0x00,
  0x01,0x40,0x00,0x00,0xCD,0xCC,0x0C,0x3F,0x01,0x40,0x00,0x00,0x00,0x00,0x80,0x3F,
  0x34,0x00,0x00,0x07,0x82,0x00,0x10,0x00,0x02,0x00,0x00,0x00,0x3A,0x00,0x10,0x00,
  0x02,0x00,0x00,0x00,0x01,0x40,0x00,0x00,0x00,0x00,0x00,0x00,0x38,0x00,0x00,0x07,
  0x72,0x00,0x10,0x00,0x05,0x00,0x00,0x00,0xF6,0x0F,0x10,0x00,0x02,0x00,0x00,0x00,
  0x46,0x02,0x10,0x00,0x04,0x00,0x00,0x00,0x37,0x00,0x00,0x09,0x72,0x00,0x10,0x00,
  0x05,0x00,0x00,0x00,0x56,0x05,0x10,0x00,0x01,0x00,0x00,0x00,0x46,0x02,0x10,0x00,
  0x05,0x00,0x00,0x00,0x46,0x02,0x10,0x00,0x04,0x00,0x00,0x00,0x00,0x00,0x00,0x0A,
  0x32,0x00,0x10,0x00,0x06,0x00,0x00,0x00,0x46,0x00,0x10,0x00,0x02,0x00,0x00,0x00,
  0x02,0x40,0x00,0x00,0x00,0x00,0x00,0xBF,0x00,0x00,0x00,0xBF,0x00,0x00,0x00,0x00,
  0x00,0x00,0x00,0x00,0x0F,0x00,0x00,0x07,0x22,0x00,0x10,0x00,0x01,0x00,0x00,0x00,
  0x46,0x00,0x10,0x00,0x06,0x00,0x00,0x00,0x46,0x00,0x10,0x00,0x06,0x00,0x00,0x00,
  0x32,0x00,0x00,0x09,0x82,0x00,0x10,0x00,0x02,0x00,0x00,0x00,0x1A,0x00,0x10,0x00,
  0x00,0x00,0x00,0x00,0x01,0x40,0x00,0x00,0x9A,0x99,0x99,0x3F,0x01,0x40,0x00,0x00,
  0x00,0x00,0x80,0x3F,0x32,0x20,0x00,0x0A,0x22,0x00,0x10,0x00,0x01,0x00,0x00,0x00,
  0x1A,0x00,0x10,0x80,0x41,0x00,0x00,0x00,0x01,0x00,0x00,0x00,0x3A,0x00,0x10,0x00,
  0x02,0x00,0x00,0x00,0x01,0x40,0x00,0x00,0xCD,0xCC,0x8C,0x3F,0x38,0x00,0x00,0x07,
  0x72,0x00,0x10,0x00,0x04,0x00,0x00,0x00,0x56,0x05,0x10,0x00,0x01,0x00,0x00,0x00,
  0x46,0x02,0x10,0x00,0x05,0x00,0x00,0x00,0x12,0x00,0x00,0x01,0x34,0x00,0x00,0x08,
  0x22,0x00,0x10,0x00,0x01,0x00,0x00,0x00,0x3A,0x80,0x20,0x00,0x00,0x00,0x00,0x00,
  0x01,0x00,0x00,0x00,0x01,0x40,0x00,0x00,0xCD,0xCC,0x4C,0x3D,0x20,0x00,0x00,0x07,
  0x82,0x00,0x10,0x00,0x02,0x00,0x00,0x00,0x0A,0x00,0x10,0x00,0x00,0x00,0x00,0x00,
  0x01,0x40,0x00,0x00,0x3E,0x00,0x00,0x00,0x1F,0x00,0x04,0x03,0x3A,0x00,0x10,0x00,
  0x02,0x00,0x00,0x00,0x34,0x00,0x00,0x08,0x82,0x00,0x10,0x00,0x02,0x00,0x00,0x00,
  0x0A,0x80,0x20,0x00,0x00,0x00,0x00,0x00,0x02,0x00,0x00,0x00,0x01,0x40,0x00,0x00,
  0xCD,0xCC,0x4C,0x3D,0x32,0x00,0x00,0x0F,0xF2,0x00,0x10,0x00,0x05,0x00,0x00,0x00,
  0xF6,0x09,0x10,0x00,0x00,0x00,0x00,0x00,0x02,0x40,0x00,0x00,0x00,0x00,0x00,0x42,
  0x00,0x00,0xC0,0x41,0x00,0x00,0xA0,0x40,0x00,0x00,0x40,0x40,0x02,0x40,0x00,0x00,
  0x00,0x00,0x00,0x42,0x00,0x00,0xC0,0x41,0x00,0x00,0x40,0x40,0x00,0x00,0x40,0x40,
  0x38,0x00,0x00,0x07,0x32,0x00,0x10,0x00,0x05,0x00,0x00,0x00,0x46,0x00,0x10,0x00,
  0x02,0x00,0x00,0x00,0x46,0x00,0x10,0x00,0x05,0x00,0x00,0x00,0x41,0x00,0x00,0x05,
  0x32,0x00,0x10,0x00,0x05,0x00,0x00,0x00,0x46,0x00,0x10,0x00,0x05,0x00,0x00,0x00,
  0x32,0x00,0x00,0x09,0x12,0x00,0x10,0x00,0x05,0x00,0x00,0x00,0x1A,0x00,0x10,0x00,
  0x05,0x00,0x00,0x00,0x01,0x40,0x00,0x00,0x00,0x00,0x88,0x41,0x0A,0x00,0x10,0x00,
  0x05,0x00,0x00,0x00,0x38,0x00,0x00,0x07,0x22,0x00,0x10,0x00,0x05,0x00,0x00,0x00,
  0x0A,0x00,0x10,0x00,0x05,0x00,0x00,0x00,0x01,0x40,0x00,0x00,0xA4,0x70,0xBD,0x3E,
  0x0F,0x00,0x00,0x0A,0x82,0x00,0x10,0x00,0x03,0x00,0x00,0x00,0x46,0x00,0x10,0x00,
  0x05,0x00,0x00,0x00,0x02,0x40,0x00,0x00,0x33,0x33,0xFE,0x42,0x9A,0xD9,0x9B,0x43,
  0x00,0x00,0x00,0x00,0x00,0x00,0x00,0x00,0x4D,0x00,0x00,0x06,0x82,0x00,0x10,0x00,
  0x03,0x00,0x00,0x00,0x00,0xD0,0x00,0x00,0x3A,0x00,0x10,0x00,0x03,0x00,0x00,0x00,
  0x38,0x00,0x00,0x07,0x82,0x00,0x10,0x00,0x03,0x00,0x00,0x00,0x3A,0x00,0x10,0x00,
  0x03,0x00,0x00,0x00,0x01,0x40,0x00,0x00,0x8C,0xEE,0x2A,0x47,0x1A,0x00,0x00,0x05,
  0x82,0x00,0x10,0x00,0x03,0x00,0x00,0x00,0x3A,0x00,0x10,0x00,0x03,0x00,0x00,0x00,
  0x38,0x00,0x00,0x07,0x82,0x00,0x10,0x00,0x03,0x00,0x00,0x00,0x3A,0x00,0x10,0x00,
  0x03,0x00,0x00,0x00,0x01,0x40,0x00,0x00,0xDB,0x0F,0xC9,0x40,0x4D,0x00,0x00,0x07,
  0x12,0x00,0x10,0x00,0x05,0x00,0x00,0x00,0x12,0x00,0x10,0x00,0x06,0x00,0x00,0x00,
  0x3A,0x00,0x10,0x00,0x03,0x00,0x00,0x00,0x36,0x00,0x00,0x06,0x12,0x00,0x10,0x00,
  0x07,0x00,0x00,0x00,0x0A,0x00,0x10,0x80,0x41,0x00,0x00,0x00,0x05,0x00,0x00,0x00,
  0x1B,0x00,0x00,0x05,0x82,0x00,0x10,0x00,0x03,0x00,0x00,0x00,0x2A,0x00,0x10,0x00,
  0x05,0x00,0x00,0x00,0x25,0x00,0x00,0x07,0x82,0x00,0x10,0x00,0x03,0x00,0x00,0x00,
  0x3A,0x00,0x10,0x00,0x03,0x00,0x00,0x00,0x01,0x40,0x00,0x00,0x08,0x00,0x00,0x00,
  0x28,0x00,0x00,0x05,0x22,0x00,0x10,0x00,0x05,0x00,0x00,0x00,0x3A,0x00,0x10,0x00,
  0x03,0x00,0x00,0x00,0x1E,0x00,0x00,0x07,0x42,0x00,0x10,0x00,0x05,0x00,0x00,0x00,
  0x3A,0x00,0x10,0x00,0x03,0x00,0x00,0x00,0x01,0x40,0x00,0x00,0x01,0x00,0x00,0x00,
  0x2B,0x00,0x00,0x05,0x42,0x00,0x10,0x00,0x05,0x00,0x00,0x00,0x2A,0x00,0x10,0x00,
  0x05,0x00,0x00,0x00,0x36,0x00,0x00,0x05,0x22,0x00,0x10,0x00,0x07,0x00,0x00,0x00,
  0x0A,0x00,0x10,0x00,0x06,0x00,0x00,0x00,0x36,0x00,0x00,0x05,0x42,0x00,0x10,0x00,
  0x07,0x00,0x00,0x00,0x0A,0x00,0x10,0x00,0x05,0x00,0x00,0x00,0x38,0x00,0x00,0x08,
  0xF2,0x00,0x10,0x00,0x06,0x00,0x00,0x00,0x96,0x04,0x10,0x00,0x07,0x00,0x00,0x00,
  0xE6,0x8E,0x20,0x00,0x00,0x00,0x00,0x00,0x00,0x00,0x00,0x00,0x36,0x00,0x00,0x08,
  0x72,0x00,0x10,0x00,0x08,0x00,0x00,0x00,0x02,0x40,0x00,0x00,0x00,0x00,0x00,0x00,
  0x00,0x00,0x00,0x00,0x00,0x00,0x00,0x00,0x00,0x00,0x00,0x00,0x36,0x00,0x00,0x05,
  0x12,0x00,0x10,0x00,0x05,0x00,0x00,0x00,0x01,0x40,0x00,0x00,0x00,0x00,0x00,0x00,
  0x36,0x00,0x00,0x05,0x12,0x00,0x10,0x00,0x07,0x00,0x00,0x00,0x01,0x40,0x00,0x00,
  0xF8,0xFF,0xFF,0xFF,0x30,0x00,0x00,0x01,0x22,0x00,0x00,0x07,0x82,0x00,0x10,0x00,
  0x07,0x00,0x00,0x00,0x01,0x40,0x00,0x00,0x08,0x00,0x00,0x00,0x0A,0x00,0x10,0x00,
  0x07,0x00,0x00,0x00,0x03,0x00,0x04,0x03,0x3A,0x00,0x10,0x00,0x07,0x00,0x00,0x00,
  0x22,0x00,0x00,0x07,0x82,0x00,0x10,0x00,0x07,0x00,0x00,0x00,0x0A,0x00,0x10,0x00,
  0x07,0x00,0x00,0x00,0x1A,0x00,0x10,0x00,0x05,0x00,0x00,0x00,0x22,0x00,0x00,0x07,
  0x82,0x00,0x10,0x00,0x08,0x00,0x00,0x00,0x3A,0x00,0x10,0x00,0x03,0x00,0x00,0x00,
  0x0A,0x00,0x10,0x00,0x07,0x00,0x00,0x00,0x3C,0x00,0x00,0x07,0x82,0x00,0x10,0x00,
  0x07,0x00,0x00,0x00,0x3A,0x00,0x10,0x00,0x07,0x00,0x00,0x00,0x3A,0x00,0x10,0x00,
  0x08,0x00,0x00,0x00,0x1F,0x00,0x04,0x03,0x3A,0x00,0x10,0x00,0x07,0x00,0x00,0x00,
  0x1E,0x00,0x00,0x07,0x82,0x00,0x10,0x00,0x07,0x00,0x00,0x00,0x0A,0x00,0x10,0x00,
  0x07,0x00,0x00,0x00,0x01,0x40,0x00,0x00,0x01,0x00,0x00,0x00,0x36,0x00,0x00,0x05,
  0x12,0x00,0x10,0x00,0x07,0x00,0x00,0x00,0x3A,0x00,0x10,0x00,0x07,0x00,0x00,0x00,
  0x07,0x00,0x00,0x01,0x15,0x00,0x00,0x01,0x2B,0x00,0x00,0x05,0x82,0x00,0x10,0x00,
  0x07,0x00,0x00,0x00,0x0A,0x00,0x10,0x00,0x07,0x00,0x00,0x00,0x0E,0x00,0x00,0x08,
  0x82,0x00,0x10,0x00,0x08,0x00,0x00,0x00,0x3A,0x00,0x10,0x80,0x81,0x00,0x00,0x00,
  0x07,0x00,0x00,0x00,0x2A,0x00,0x10,0x00,0x05,0x00,0x00,0x00,0x00,0x00,0x00,0x08,
  0x82,0x00,0x10,0x00,0x08,0x00,0x00,0x00,0x3A,0x00,0x10,0x80,0x41,0x00,0x00,0x00,
  0x08,0x00,0x00,0x00,0x01,0x40,0x00,0x00,0x00,0x00,0x80,0x3F,0x38,0x00,0x00,0x07,
  0x32,0x00,0x10,0x00,0x09,0x00,0x00,0x00,0x46,0x00,0x10,0x00,0x06,0x00,0x00,0x00,
  0xF6,0x0F,0x10,0x00,0x07,0x00,0x00,0x00,0x38,0x00,0x00,0x07,0x82,0x00,0x10,0x00,
  0x07,0x00,0x00,0x00,0x3A,0x00,0x10,0x00,0x07,0x00,0x00,0x00,0x01,0x40,0x00,0x00,
  0x66,0x66,0x66,0x3F,0x4D,0x00,0x00,0x06,0x82,0x00,0x10,0x00,0x07,0x00,0x00,0x00,
  0x00,0xD0,0x00,0x00,0x3A,0x00,0x10,0x00,0x07,0x00,0x00,0x00,0x38,0x00,0x00,0x07,
  0xC2,0x00,0x10,0x00,0x09,0x00,0x00,0x00,0xA6,0x0E,0x10,0x00,0x06,0x00,0x00,0x00,
  0xF6,0x0F,0x10,0x00,0x07,0x00,0x00,0x00,0x38,0x00,0x00,0x0A,0xC2,0x00,0x10,0x00,
  0x09,0x00,0x00,0x00,0xA6,0x0E,0x10,0x00,0x09,0x00,0x00,0x00,0x02,0x40,0x00,0x00,
  0x00,0x00,0x00,0x00,0x00,0x00,0x00,0x00,0x9A,0x99,0x99,0x3F,0x9A,0x99,0x99,0x3F,
  0x32,0x00,0x00,0x09,0x32,0x00,0x10,0x00,0x09,0x00,0x00,0x00,0x46,0x00,0x10,0x00,
  0x09,0x00,0x00,0x00,0xF6,0x0F,0x10,0x00,0x05,0x00,0x00,0x00,0xE6,0x0A,0x10,0x00,
  0x09,0x00,0x00,0x00,0x00,0x20,0x00,0x07,0x32,0x00,0x10,0x00,0x09,0x00,0x00,0x00,
  0x46,0x00,0x10,0x00,0x02,0x00,0x00,0x00,0x46,0x00,0x10,0x00,0x09,0x00,0x00,0x00,
  0x48,0x00,0x00,0x0B,0xF2,0x00,0x10,0x00,0x09,0x00,0x00,0x00,0x46,0x00,0x10,0x00,
  0x09,0x00,0x00,0x00,0x46,0x7E,0x10,0x00,0x00,0x00,0x00,0x00,0x00,0x60,0x10,0x00,
  0x00,0x00,0x00,0x00,0x01,0x40,0x00,0x00,0x00,0x00,0x00,0x00,0x32,0x00,0x00,0x09,
  0x72,0x00,0x10,0x00,0x08,0x00,0x00,0x00,0x46,0x02,0x10,0x00,0x09,0x00,0x00,0x00,
  0xF6,0x0F,0x10,0x00,0x08,0x00,0x00,0x00,0x46,0x02,0x10,0x00,0x08,0x00,0x00,0x00,
  0x00,0x00,0x00,0x07,0x12,0x00,0x10,0x00,0x05,0x00,0x00,0x00,0x0A,0x00,0x10,0x00,
  0x05,0x00,0x00,0x00,0x3A,0x00,0x10,0x00,0x08,0x00,0x00,0x00,0x1E,0x00,0x00,0x07,
  0x12,0x00,0x10,0x00,0x07,0x00,0x00,0x00,0x0A,0x00,0x10,0x00,0x07,0x00,0x00,0x00,
  0x01,0x40,0x00,0x00,0x01,0x00,0x00,0x00,0x16,0x00,0x00,0x01,0x34,0x00,0x00,0x07,
  0x82,0x00,0x10,0x00,0x03,0x00,0x00,0x00,0x0A,0x00,0x10,0x00,0x05,0x00,0x00,0x00,
  0x01,0x40,0x00,0x00,0x6F,0x12,0x83,0x3A,0x0E,0x00,0x00,0x07,0x72,0x00,0x10,0x00,
  0x05,0x00,0x00,0x00,0x46,0x02,0x10,0x00,0x08,0x00,0x00,0x00,0xF6,0x0F,0x10,0x00,
  0x03,0x00,0x00,0x00,0x32,0x00,0x00,0x09,0x82,0x00,0x10,0x00,0x03,0x00,0x00,0x00,
  0x1A,0x00,0x10,0x00,0x01,0x00,0x00,0x00,0x01,0x40,0x00,0x00,0x00,0x00,0xA0,0x40,
  0x01,0x40,0x00,0x00,0x00,0x00,0x40,0x40,0x32,0x00,0x00,0x0C,0x72,0x00,0x10,0x00,
  0x05,0x00,0x00,0x00,0x46,0x02,0x10,0x00,0x05,0x00,0x00,0x00,0xF6,0x0F,0x10,0x00,
  0x03,0x00,0x00,0x00,0x02,0x40,0x00,0x00,0x00,0x00,0x00,0x3F,0x00,0x00,0x00,0x3F,
  0x00,0x00,0x00,0x3F,0x00,0x00,0x00,0x00,0x41,0x00,0x00,0x05,0x72,0x00,0x10,0x00,
  0x05,0x00,0x00,0x00,0x46,0x02,0x10,0x00,0x05,0x00,0x00,0x00,0x0E,0x00,0x00,0x07,
  0x72,0x00,0x10,0x00,0x05,0x00,0x00,0x00,0x46,0x02,0x10,0x00,0x05,0x00,0x00,0x00,
  0xF6,0x0F,0x10,0x00,0x03,0x00,0x00,0x00,0x10,0x00,0x00,0x0A,0x82,0x00,0x10,0x00,
  0x03,0x00,0x00,0x00,0x46,0x02,0x10,0x00,0x05,0x00,0x00,0x00,0x02,0x40,0x00,0x00,
  0x87,0x16,0x99,0x3E,0xA2,0x45,0x16,0x3F,0xD5,0x78,0xE9,0x3D,0x00,0x00,0x00,0x00,
  0x32,0x00,0x00,0x09,0x82,0x00,0x10,0x00,0x05,0x00,0x00,0x00,0x1A,0x00,0x10,0x00,
  0x00,0x00,0x00,0x00,0x01,0x40,0x00,0x00,0x00,0x00,0x00,0x3F,0x01,0x40,0x00,0x00,
  0x9A,0x99,0x99,0x3F,0x00,0x00,0x00,0x08,0x72,0x00,0x10,0x00,0x05,0x00,0x00,0x00,
  0xF6,0x0F,0x10,0x80,0x41,0x00,0x00,0x00,0x03,0x00,0x00,0x00,0x46,0x02,0x10,0x00,
  0x05,0x00,0x00,0x00,0x32,0x20,0x00,0x09,0x72,0x00,0x10,0x00,0x05,0x00,0x00,0x00,
  0xF6,0x0F,0x10,0x00,0x05,0x00,0x00,0x00,0x46,0x02,0x10,0x00,0x05,0x00,0x00,0x00,
  0xF6,0x0F,0x10,0x00,0x03,0x00,0x00,0x00,0x00,0x00,0x00,0x0A,0x72,0x00,0x10,0x00,
  0x05,0x00,0x00,0x00,0x46,0x02,0x10,0x00,0x05,0x00,0x00,0x00,0x02,0x40,0x00,0x00,
  0x00,0x00,0x00,0xBF,0x00,0x00,0x00,0xBF,0x00,0x00,0x00,0xBF,0x00,0x00,0x00,0x00,
  0x32,0x20,0x00,0x0F,0x72,0x00,0x10,0x00,0x05,0x00,0x00,0x00,0x46,0x02,0x10,0x00,
  0x05,0x00,0x00,0x00,0x02,0x40,0x00,0x00,0x00,0x00,0xA0,0x3F,0x00,0x00,0xA0,0x3F,
  0x00,0x00,0xA0,0x3F,0x00,0x00,0x00,0x00,0x02,0x40,0x00,0x00,0x00,0x00,0x00,0x3F,
  0x00,0x00,0x00,0x3F,0x00,0x00,0x00,0x3F,0x00,0x00,0x00,0x00,0x38,0x00,0x00,0x0A,
  0x32,0x00,0x10,0x00,0x06,0x00,0x00,0x00,0x96,0x05,0x10,0x00,0x07,0x00,0x00,0x00,
  0x02,0x40,0x00,0x00,0x00,0x00,0xB4,0x42,0x00,0x00,0x8C,0x42,0x00,0x00,0x00,0x00,
  0x00,0x00,0x00,0x00,0x0F,0x00,0x00,0x07,0x82,0x00,0x10,0x00,0x03,0x00,0x00,0x00,
  0x46,0x00,0x10,0x00,0x02,0x00,0x00,0x00,0x46,0x00,0x10,0x00,0x06,0x00,0x00,0x00,
  0x4D,0x00,0x00,0x06,0x82,0x00,0x10,0x00,0x03,0x00,0x00,0x00,0x00,0xD0,0x00,0x00,
  0x3A,0x00,0x10,0x00,0x03,0x00,0x00,0x00,0x38,0x00,0x00,0x08,0x82,0x00,0x10,0x00,
  0x02,0x00,0x00,0x00,0x3A,0x00,0x10,0x00,0x02,0x00,0x00,0x00,0x3A,0x00,0x10,0x80,
  0x81,0x00,0x00,0x00,0x03,0x00,0x00,0x00,0x32,0x00,0x00,0x0D,0x72,0x00,0x10,0x00,
  0x05,0x00,0x00,0x00,0xF6,0x0F,0x10,0x80,0x41,0x00,0x00,0x00,0x02,0x00,0x00,0x00,
  0x02,0x40,0x00,0x00,0x0A,0xD7,0xA3,0x3D,0x0A,0xD7,0xA3,0x3D,0x0A,0xD7,0xA3,0x3D,
  0x00,0x00,0x00,0x00,0x46,0x02,0x10,0x00,0x05,0x00,0x00,0x00,0x34,0x00,0x00,0x0A,
  0x72,0x00,0x10,0x00,0x04,0x00,0x00,0x00,0x46,0x02,0x10,0x00,0x05,0x00,0x00,0x00,
  0x02,0x40,0x00,0x00,0x00,0x00,0x00,0x00,0x00,0x00,0x00,0x00,0x00,0x00,0x00,0x00,
  0x00,0x00,0x00,0x00,0x12,0x00,0x00,0x01,0x20,0x00,0x00,0x07,0x82,0x00,0x10,0x00,
  0x02,0x00,0x00,0x00,0x0A,0x00,0x10,0x00,0x00,0x00,0x00,0x00,0x01,0x40,0x00,0x00,
  0x3F,0x00,0x00,0x00,0x1F,0x00,0x04,0x03,0x3A,0x00,0x10,0x00,0x02,0x00,0x00,0x00,
  0x38,0x00,0x00,0x08,0x82,0x00,0x10,0x00,0x02,0x00,0x00,0x00,0x2A,0x80,0x20,0x00,
  0x00,0x00,0x00,0x00,0x00,0x00,0x00,0x00,0x01,0x40,0x00,0x00,0x00,0x00,0x00,0xC0,
  0x32,0x00,0x00,0x0F,0xF2,0x00,0x10,0x00,0x05,0x00,0x00,0x00,0x56,0x0E,0x10,0x00,
  0x00,0x00,0x00,0x00,0x02,0x40,0x00,0x00,0x00,0x00,0x00,0x40,0xCD,0xCC,0xCC,0x3E,
  0x00,0x00,0x80,0x3E,0xCD,0xCC,0x4C,0x3E,0x02,0x40,0x00,0x00,0x00,0x00,0x80,0x3F,
  0x33,0x33,0xB3,0x3E,0x9A,0x99,0x19,0x3E,0x8F,0xC2,0xF5,0x3D,0x38,0x00,0x00,0x07,
  0x12,0x00,0x10,0x00,0x06,0x00,0x00,0x00,0x3A,0x00,0x10,0x00,0x02,0x00,0x00,0x00,
  0x0A,0x00,0x10,0x00,0x05,0x00,0x00,0x00,0x38,0x00,0x00,0x08,0x32,0x00,0x10,0x00,
  0x07,0x00,0x00,0x00,0x06,0x00,0x10,0x00,0x05,0x00,0x00,0x00,0xB6,0x8F,0x20,0x00,
  0x00,0x00,0x00,0x00,0x00,0x00,0x00,0x00,0x38,0x00,0x00,0x0A,0xA2,0x00,0x10,0x00,
  0x06,0x00,0x00,0x00,0x06,0x00,0x10,0x00,0x07,0x00,0x00,0x00,0x02,0x40,0x00,0x00,
  0x00,0x00,0x00,0x00,0x00,0x00,0x00,0xC0,0x00,0x00,0x00,0x00,0x00,0x00,0x00,0x40,
  0x00,0x20,0x00,0x07,0xF2,0x00,0x10,0x00,0x08,0x00,0x00,0x00,0x46,0x04,0x10,0x00,
  0x02,0x00,0x00,0x00,0x46,0x0C,0x10,0x00,0x06,0x00,0x00,0x00,0x48,0x00,0x00,0x0B,
  0xF2,0x00,0x10,0x00,0x09,0x00,0x00,0x00,0x46,0x00,0x10,0x00,0x08,0x00,0x00,0x00,
  0x46,0x7E,0x10,0x00,0x00,0x00,0x00,0x00,0x00,0x60,0x10,0x00,0x00,0x00,0x00,0x00,
  0x01,0x40,0x00,0x00,0x00,0x00,0x00,0x00,0x33,0x00,0x00,0x07,0x72,0x00,0x10,0x00,
  0x0A,0x00,0x00,0x00,0x46,0x02,0x10,0x00,0x04,0x00,0x00,0x00,0x46,0x02,0x10,0x00,
  0x09,0x00,0x00,0x00,0x34,0x00,0x00,0x07,0x72,0x00,0x10,0x00,0x09,0x00,0x00,0x00,
  0x46,0x02,0x10,0x00,0x04,0x00,0x00,0x00,0x46,0x02,0x10,0x00,0x09,0x00,0x00,0x00,
  0x36,0x00,0x00,0x06,0x62,0x00,0x10,0x00,0x06,0x00,0x00,0x00,0x56,0x04,0x10,0x80,
  0x41,0x00,0x00,0x00,0x07,0x00,0x00,0x00,0x38,0x00,0x00,0x0A,0xC2,0x00,0x10,0x00,
  0x07,0x00,0x00,0x00,0x56,0x01,0x10,0x00,0x07,0x00,0x00,0x00,0x02,0x40,0x00,0x00,
  0x00,0x00,0x00,0x00,0x00,0x00,0x00,0x00,0x00,0x00,0x80,0xBF,0x00,0x00,0x00,0xC0,
  0x00,0x20,0x00,0x07,0xF2,0x00,0x10,0x00,0x0B,0x00,0x00,0x00,0x46,0x04,0x10,0x00,
  0x02,0x00,0x00,0x00,0xE6,0x0D,0x10,0x00,0x07,0x00,0x00,0x00,0x48,0x00,0x00,0x0B,
  0xF2,0x00,0x10,0x00,0x0C,0x00,0x00,0x00,0x46,0x00,0x10,0x00,0x0B,0x00,0x00,0x00,
  0x46,0x7E,0x10,0x00,0x00,0x00,0x00,0x00,0x00,0x60,0x10,0x00,0x00,0x00,0x00,0x00,
  0x01,0x40,0x00,0x00,0x00,0x00,0x00,0x00,0x33,0x00,0x00,0x07,0x72,0x00,0x10,0x00,
  0x0A,0x00,0x00,0x00,0x46,0x02,0x10,0x00,0x0A,0x00,0x00,0x00,0x46,0x02,0x10,0x00,
  0x0C,0x00,0x00,0x00,0x34,0x00,0x00,0x07,0x72,0x00,0x10,0x00,0x09,0x00,0x00,0x00,
  0x46,0x02,0x10,0x00,0x09,0x00,0x00,0x00,0x46,0x02,0x10,0x00,0x0C,0x00,0x00,0x00,
  0x36,0x00,0x00,0x05,0x12,0x00,0x10,0x00,0x0C,0x00,0x00,0x00,0x01,0x40,0x00,0x00,
  0x00,0x00,0x00,0x00,0x38,0x00,0x00,0x0A,0xE2,0x00,0x10,0x00,0x0C,0x00,0x00,0x00,
  0x06,0x01,0x10,0x00,0x07,0x00,0x00,0x00,0x02,0x40,0x00,0x00,0x00,0x00,0x00,0x00,
  0x00,0x00,0x00,0xC0,0x00,0x00,0x00,0x40,0x00,0x00,0x80,0x3F,0x00,0x20,0x00,0x07,
  0xF2,0x00,0x10,0x00,0x0C,0x00,0x00,0x00,0x46,0x04,0x10,0x00,0x02,0x00,0x00,0x00,
  0x46,0x0E,0x10,0x00,0x0C,0x00,0x00,0x00,0x48,0x00,0x00,0x0B,0xF2,0x00,0x10,0x00,
  0x0D,0x00,0x00,0x00,0x46,0x00,0x10,0x00,0x0C,0x00,0x00,0x00,0x46,0x7E,0x10,0x00,
  0x00,0x00,0x00,0x00,0x00,0x60,0x10,0x00,0x00,0x00,0x00,0x00,0x01,0x40,0x00,0x00,
  0x00,0x00,0x00,0x00,0x33,0x00,0x00,0x07,0x72,0x00,0x10,0x00,0x0A,0x00,0x00,0x00,
  0x46,0x02,0x10,0x00,0x0A,0x00,0x00,0x00,0x46,0x02,0x10,0x00,0x0D,0x00,0x00,0x00,
  0x34,0x00,0x00,0x07,0x72,0x00,0x10,0x00,0x09,0x00,0x00,0x00,0x46,0x02,0x10,0x00,
  0x09,0x00,0x00,0x00,0x46,0x02,0x10,0x00,0x0D,0x00,0x00,0x00,0x48,0x00,0x00,0x0B,
  0xF2,0x00,0x10,0x00,0x0B,0x00,0x00,0x00,0xE6,0x0A,0x10,0x00,0x0B,0x00,0x00,0x00,
  0x46,0x7E,0x10,0x00,0x00,0x00,0x00,0x00,0x00,0x60,0x10,0x00,0x00,0x00,0x00,0x00,
  0x01,0x40,0x00,0x00,0x00,0x00,0x00,0x00,0x33,0x00,0x00,0x07,0x72,0x00,0x10,0x00,
  0x0A,0x00,0x00,0x00,0x46,0x02,0x10,0x00,0x0A,0x00,0x00,0x00,0x46,0x02,0x10,0x00,
  0x0B,0x00,0x00,0x00,0x34,0x00,0x00,0x07,0x72,0x00,0x10,0x00,0x09,0x00,0x00,0x00,
  0x46,0x02,0x10,0x00,0x09,0x00,0x00,0x00,0x46,0x02,0x10,0x00,0x0B,0x00,0x00,0x00,
  0x32,0x20,0x00,0x0C,0xF2,0x00,0x10,0x00,0x0B,0x00,0x00,0x00,0x16,0x01,0x10,0x00,
  0x07,0x00,0x00,0x00,0x02,0x40,0x00,0x00,0x00,0x00,0x00,0x40,0x00,0x00,0x00,0xC0,
  0x00,0x00,0x00,0x40,0x00,0x00,0x00,0x40,0x46,0x04,0x10,0x00,0x02,0x00,0x00,0x00,
  0x48,0x00,0x00,0x0B,0xF2,0x00,0x10,0x00,0x0D,0x00,0x00,0x00,0x46,0x00,0x10,0x00,
  0x0B,0x00,0x00,0x00,0x46,0x7E,0x10,0x00,0x00,0x00,0x00,0x00,0x00,0x60,0x10,0x00,
  0x00,0x00,0x00,0x00,0x01,0x40,0x00,0x00,0x00,0x00,0x00,0x00,0x33,0x00,0x00,0x07,
  0x72,0x00,0x10,0x00,0x0A,0x00,0x00,0x00,0x46,0x02,0x10,0x00,0x0A,0x00,0x00,0x00,
  0x46,0x02,0x10,0x00,0x0D,0x00,0x00,0x00,0x34,0x00,0x00,0x07,0x72,0x00,0x10,0x00,
  0x09,0x00,0x00,0x00,0x46,0x02,0x10,0x00,0x09,0x00,0x00,0x00,0x46,0x02,0x10,0x00,
  0x0D,0x00,0x00,0x00,0x00,0x20,0x00,0x07,0xF2,0x00,0x10,0x00,0x0D,0x00,0x00,0x00,
  0x46,0x04,0x10,0x00,0x02,0x00,0x00,0x00,0x86,0x09,0x10,0x00,0x06,0x00,0x00,0x00,
  0x48,0x00,0x00,0x0B,0xF2,0x00,0x10,0x00,0x0E,0x00,0x00,0x00,0x46,0x00,0x10,0x00,
  0x0D,0x00,0x00,0x00,0x46,0x7E,0x10,0x00,0x00,0x00,0x00,0x00,0x00,0x60,0x10,0x00,
  0x00,0x00,0x00,0x00,0x01,0x40,0x00,0x00,0x00,0x00,0x00,0x00,0x33,0x00,0x00,0x07,
  0x72,0x00,0x10,0x00,0x0A,0x00,0x00,0x00,0x46,0x02,0x10,0x00,0x0A,0x00,0x00,0x00,
  0x46,0x02,0x10,0x00,0x0E,0x00,0x00,0x00,0x34,0x00,0x00,0x07,0x72,0x00,0x10,0x00,
  0x09,0x00,0x00,0x00,0x46,0x02,0x10,0x00,0x09,0x00,0x00,0x00,0x46,0x02,0x10,0x00,
  0x0E,0x00,0x00,0x00,0x48,0x00,0x00,0x0B,0xF2,0x00,0x10,0x00,0x0D,0x00,0x00,0x00,
  0xE6,0x0A,0x10,0x00,0x0D,0x00,0x00,0x00,0x46,0x7E,0x10,0x00,0x00,0x00,0x00,0x00,
  0x00,0x60,0x10,0x00,0x00,0x00,0x00,0x00,0x01,0x40,0x00,0x00,0x00,0x00,0x00,0x00,
  0x33,0x00,0x00,0x07,0x72,0x00,0x10,0x00,0x0A,0x00,0x00,0x00,0x46,0x02,0x10,0x00,
  0x0A,0x00,0x00,0x00,0x46,0x02,0x10,0x00,0x0D,0x00,0x00,0x00,0x34,0x00,0x00,0x07,
  0x72,0x00,0x10,0x00,0x09,0x00,0x00,0x00,0x46,0x02,0x10,0x00,0x09,0x00,0x00,0x00,
  0x46,0x02,0x10,0x00,0x0D,0x00,0x00,0x00,0x36,0x00,0x00,0x05,0x82,0x00,0x10,0x00,
  0x06,0x00,0x00,0x00,0x01,0x40,0x00,0x00,0x00,0x00,0x00,0x00,0x00,0x20,0x00,0x07,
  0xF2,0x00,0x10,0x00,0x0D,0x00,0x00,0x00,0x46,0x04,0x10,0x00,0x02,0x00,0x00,0x00,
  0xB6,0x0C,0x10,0x00,0x06,0x00,0x00,0x00,0x48,0x00,0x00,0x0B,0xF2,0x00,0x10,0x00,
  0x0E,0x00,0x00,0x00,0x46,0x00,0x10,0x00,0x0D,0x00,0x00,0x00,0x46,0x7E,0x10,0x00,
  0x00,0x00,0x00,0x00,0x00,0x60,0x10,0x00,0x00,0x00,0x00,0x00,0x01,0x40,0x00,0x00,
  0x00,0x00,0x00,0x00,0x33,0x00,0x00,0x07,0x72,0x00,0x10,0x00,0x0A,0x00,0x00,0x00,
  0x46,0x02,0x10,0x00,0x0A,0x00,0x00,0x00,0x46,0x02,0x10,0x00,0x0E,0x00,0x00,0x00,
  0x34,0x00,0x00,0x07,0x72,0x00,0x10,0x00,0x09,0x00,0x00,0x00,0x46,0x02,0x10,0x00,
  0x09,0x00,0x00,0x00,0x46,0x02,0x10,0x00,0x0E,0x00,0x00,0x00,0x38,0x00,0x00,0x07,
  0x12,0x00,0x10,0x00,0x0E,0x00,0x00,0x00,0x1A,0x00,0x10,0x00,0x07,0x00,0x00,0x00,
  0x01,0x40,0x00,0x00,0x00,0x00,0x80,0x3F,0x32,0x20,0x00,0x0C,0xC2,0x00,0x10,0x00,
  0x07,0x00,0x00,0x00,0x56,0x01,0x10,0x00,0x07,0x00,0x00,0x00,0x02,0x40,0x00,0x00,
  0x00,0x00,0x00,0x00,0x00,0x00,0x00,0x00,0x00,0x00,0x80,0x3F,0x00,0x00,0x80,0xBF,
  0x06,0x04,0x10,0x00,0x02,0x00,0x00,0x00,0x48,0x00,0x00,0x0B,0xF2,0x00,0x10,0x00,
  0x0F,0x00,0x00,0x00,0xE6,0x0A,0x10,0x00,0x07,0x00,0x00,0x00,0x46,0x7E,0x10,0x00,
  0x00,0x00,0x00,0x00,0x00,0x60,0x10,0x00,0x00,0x00,0x00,0x00,0x01,0x40,0x00,0x00,
  0x00,0x00,0x00,0x00,0x33,0x00,0x00,0x07,0x72,0x00,0x10,0x00,0x0A,0x00,0x00,0x00,
  0x46,0x02,0x10,0x00,0x0A,0x00,0x00,0x00,0x46,0x02,0x10,0x00,0x0F,0x00,0x00,0x00,
  0x34,0x00,0x00,0x07,0x72,0x00,0x10,0x00,0x09,0x00,0x00,0x00,0x46,0x02,0x10,0x00,
  0x09,0x00,0x00,0x00,0x46,0x02,0x10,0x00,0x0F,0x00,0x00,0x00,0x38,0x00,0x00,0x07,
  0x12,0x00,0x10,0x00,0x0F,0x00,0x00,0x00,0x1A,0x00,0x10,0x00,0x07,0x00,0x00,0x00,
  0x01,0x40,0x00,0x00,0x00,0x00,0x00,0x40,0x32,0x20,0x00,0x0C,0xC2,0x00,0x10,0x00,
  0x07,0x00,0x00,0x00,0x56,0x01,0x10,0x00,0x07,0x00,0x00,0x00,0x02,0x40,0x00,0x00,
  0x00,0x00,0x00,0x00,0x00,0x00,0x00,0x00,0x00,0x00,0x00,0x40,0x00,0x00,0x80,0xBF,
  0x06,0x04,0x10,0x00,0x02,0x00,0x00,0x00,0x48,0x00,0x00,0x0B,0xF2,0x00,0x10,0x00,
  0x10,0x00,0x00,0x00,0xE6,0x0A,0x10,0x00,0x07,0x00,0x00,0x00,0x46,0x7E,0x10,0x00,
  0x00,0x00,0x00,0x00,0x00,0x60,0x10,0x00,0x00,0x00,0x00,0x00,0x01,0x40,0x00,0x00,
  0x00,0x00,0x00,0x00,0x33,0x00,0x00,0x07,0x72,0x00,0x10,0x00,0x0A,0x00,0x00,0x00,
  0x46,0x02,0x10,0x00,0x0A,0x00,0x00,0x00,0x46,0x02,0x10,0x00,0x10,0x00,0x00,0x00,
  0x34,0x00,0x00,0x07,0x72,0x00,0x10,0x00,0x09,0x00,0x00,0x00,0x46,0x02,0x10,0x00,
  0x09,0x00,0x00,0x00,0x46,0x02,0x10,0x00,0x10,0x00,0x00,0x00,0x48,0x00,0x00,0x0B,
  0xF2,0x00,0x10,0x00,0x0D,0x00,0x00,0x00,0xE6,0x0A,0x10,0x00,0x0D,0x00,0x00,0x00,
  0x46,0x7E,0x10,0x00,0x00,0x00,0x00,0x00,0x00,0x60,0x10,0x00,0x00,0x00,0x00,0x00,
  0x01,0x40,0x00,0x00,0x00,0x00,0x00,0x00,0x33,0x00,0x00,0x07,0x72,0x00,0x10,0x00,
  0x0A,0x00,0x00,0x00,0x46,0x02,0x10,0x00,0x0A,0x00,0x00,0x00,0x46,0x02,0x10,0x00,
  0x0D,0x00,0x00,0x00,0x34,0x00,0x00,0x07,0x72,0x00,0x10,0x00,0x09,0x00,0x00,0x00,
  0x46,0x02,0x10,0x00,0x09,0x00,0x00,0x00,0x46,0x02,0x10,0x00,0x0D,0x00,0x00,0x00,
  0x00,0x20,0x00,0x07,0xC2,0x00,0x10,0x00,0x06,0x00,0x00,0x00,0x06,0x04,0x10,0x00,
  0x02,0x00,0x00,0x00,0x56,0x0D,0x10,0x00,0x06,0x00,0x00,0x00,0x48,0x00,0x00,0x0B,
  0xF2,0x00,0x10,0x00,0x0D,0x00,0x00,0x00,0xE6,0x0A,0x10,0x00,0x06,0x00,0x00,0x00,
  0x46,0x7E,0x10,0x00,0x00,0x00,0x00,0x00,0x00,0x60,0x10,0x00,0x00,0x00,0x00,0x00,
  0x01,0x40,0x00,0x00,0x00,0x00,0x00,0x00,0x33,0x00,0x00,0x07,0x72,0x00,0x10,0x00,
  0x0A,0x00,0x00,0x00,0x46,0x02,0x10,0x00,0x0A,0x00,0x00,0x00,0x46,0x02,0x10,0x00,
  0x0D,0x00,0x00,0x00,0x34,0x00,0x00,0x07,0x72,0x00,0x10,0x00,0x09,0x00,0x00,0x00,
  0x46,0x02,0x10,0x00,0x09,0x00,0x00,0x00,0x46,0x02,0x10,0x00,0x0D,0x00,0x00,0x00,
  0x36,0x00,0x00,0x05,0x42,0x00,0x10,0x00,0x0E,0x00,0x00,0x00,0x01,0x40,0x00,0x00,
  0x00,0x00,0x00,0x00,0x00,0x20,0x00,0x07,0xC2,0x00,0x10,0x00,0x06,0x00,0x00,0x00,
  0x06,0x04,0x10,0x00,0x02,0x00,0x00,0x00,0x06,0x08,0x10,0x00,0x0E,0x00,0x00,0x00,
  0x48,0x00,0x00,0x0B,0xF2,0x00,0x10,0x00,0x0D,0x00,0x00,0x00,0xE6,0x0A,0x10,0x00,
  0x06,0x00,0x00,0x00,0x46,0x7E,0x10,0x00,0x00,0x00,0x00,0x00,0x00,0x60,0x10,0x00,
  0x00,0x00,0x00,0x00,0x01,0x40,0x00,0x00,0x00,0x00,0x00,0x00,0x33,0x00,0x00,0x07,
  0x72,0x00,0x10,0x00,0x0A,0x00,0x00,0x00,0x46,0x02,0x10,0x00,0x0A,0x00,0x00,0x00,
  0x46,0x02,0x10,0x00,0x0D,0x00,0x00,0x00,0x34,0x00,0x00,0x07,0x72,0x00,0x10,0x00,
  0x09,0x00,0x00,0x00,0x46,0x02,0x10,0x00,0x09,0x00,0x00,0x00,0x46,0x02,0x10,0x00,
  0x0D,0x00,0x00,0x00,0x36,0x00,0x00,0x05,0x42,0x00,0x10,0x00,0x0F,0x00,0x00,0x00,
  0x01,0x40,0x00,0x00,0x00,0x00,0x00,0x00,0x00,0x20,0x00,0x07,0xC2,0x00,0x10,0x00,
  0x06,0x00,0x00,0x00,0x06,0x04,0x10,0x00,0x02,0x00,0x00,0x00,0x06,0x08,0x10,0x00,
  0x0F,0x00,0x00,0x00,0x48,0x00,0x00,0x0B,0xF2,0x00,0x10,0x00,0x0D,0x00,0x00,0x00,
  0xE6,0x0A,0x10,0x00,0x06,0x00,0x00,0x00,0x46,0x7E,0x10,0x00,0x00,0x00,0x00,0x00,
  0x00,0x60,0x10,0x00,0x00,0x00,0x00,0x00,0x01,0x40,0x00,0x00,0x00,0x00,0x00,0x00,
  0x33,0x00,0x00,0x07,0x72,0x00,0x10,0x00,0x0A,0x00,0x00,0x00,0x46,0x02,0x10,0x00,
  0x0A,0x00,0x00,0x00,0x46,0x02,0x10,0x00,0x0D,0x00,0x00,0x00,0x34,0x00,0x00,0x07,
  0x72,0x00,0x10,0x00,0x09,0x00,0x00,0x00,0x46,0x02,0x10,0x00,0x09,0x00,0x00,0x00,
  0x46,0x02,0x10,0x00,0x0D,0x00,0x00,0x00,0x36,0x00,0x00,0x05,0x22,0x00,0x10,0x00,
  0x06,0x00,0x00,0x00,0x0A,0x00,0x10,0x00,0x07,0x00,0x00,0x00,0x00,0x20,0x00,0x07,
  0x32,0x00,0x10,0x00,0x06,0x00,0x00,0x00,0x46,0x00,0x10,0x00,0x02,0x00,0x00,0x00,
  0x46,0x00,0x10,0x00,0x06,0x00,0x00,0x00,0x48,0x00,0x00,0x0B,0xF2,0x00,0x10,0x00,
  0x06,0x00,0x00,0x00,0x46,0x00,0x10,0x00,0x06,0x00,0x00,0x00,0x46,0x7E,0x10,0x00,
  0x00,0x00,0x00,0x00,0x00,0x60,0x10,0x00,0x00,0x00,0x00,0x00,0x01,0x40,0x00,0x00,
  0x00,0x00,0x00,0x00,0x33,0x00,0x00,0x07,0x72,0x00,0x10,0x00,0x0A,0x00,0x00,0x00,
  0x46,0x02,0x10,0x00,0x06,0x00,0x00,0x00,0x46,0x02,0x10,0x00,0x0A,0x00,0x00,0x00,
  0x34,0x00,0x00,0x07,0x72,0x00,0x10,0x00,0x06,0x00,0x00,0x00,0x46,0x02,0x10,0x00,
  0x06,0x00,0x00,0x00,0x46,0x02,0x10,0x00,0x09,0x00,0x00,0x00,0x38,0x00,0x00,0x07,
  0x22,0x00,0x10,0x00,0x09,0x00,0x00,0x00,0x0A,0x00,0x10,0x00,0x07,0x00,0x00,0x00,
  0x01,0x40,0x00,0x00,0x00,0x00,0x80,0x3F,0x32,0x20,0x00,0x0C,0xC2,0x00,0x10,0x00,
  0x07,0x00,0x00,0x00,0x56,0x01,0x10,0x00,0x07,0x00,0x00,0x00,0x02,0x40,0x00,0x00,
  0x00,0x00,0x00,0x00,0x00,0x00,0x00,0x00,0x00,0x00,0x80,0xBF,0x00,0x00,0x80,0x3F,
  0x06,0x04,0x10,0x00,0x02,0x00,0x00,0x00,0x48,0x00,0x00,0x0B,0xF2,0x00,0x10,0x00,
  0x0D,0x00,0x00,0x00,0xE6,0x0A,0x10,0x00,0x07,0x00,0x00,0x00,0x46,0x7E,0x10,0x00,
  0x00,0x00,0x00,0x00,0x00,0x60,0x10,0x00,0x00,0x00,0x00,0x00,0x01,0x40,0x00,0x00,
  0x00,0x00,0x00,0x00,0x33,0x00,0x00,0x07,0x72,0x00,0x10,0x00,0x0A,0x00,0x00,0x00,
  0x46,0x02,0x10,0x00,0x0A,0x00,0x00,0x00,0x46,0x02,0x10,0x00,0x0D,0x00,0x00,0x00,
  0x34,0x00,0x00,0x07,0x72,0x00,0x10,0x00,0x06,0x00,0x00,0x00,0x46,0x02,0x10,0x00,
  0x06,0x00,0x00,0x00,0x46,0x02,0x10,0x00,0x0D,0x00,0x00,0x00,0x36,0x00,0x00,0x05,
  0x42,0x00,0x10,0x00,0x09,0x00,0x00,0x00,0x01,0x40,0x00,0x00,0x00,0x00,0x00,0x00,
  0x00,0x20,0x00,0x07,0xC2,0x00,0x10,0x00,0x07,0x00,0x00,0x00,0x06,0x04,0x10,0x00,
  0x02,0x00,0x00,0x00,0xA6,0x06,0x10,0x00,0x09,0x00,0x00,0x00,0x48,0x00,0x00,0x0B,
  0xF2,0x00,0x10,0x00,0x09,0x00,0x00,0x00,0xE6,0x0A,0x10,0x00,0x07,0x00,0x00,0x00,
  0x46,0x7E,0x10,0x00,0x00,0x00,0x00,0x00,0x00,0x60,0x10,0x00,0x00,0x00,0x00,0x00,
  0x01,0x40,0x00,0x00,0x00,0x00,0x00,0x00,0x33,0x00,0x00,0x07,0x72,0x00,0x10,0x00,
  0x0A,0x00,0x00,0x00,0x46,0x02,0x10,0x00,0x09,0x00,0x00,0x00,0x46,0x02,0x10,0x00,
  0x0A,0x00,0x00,0x00,0x34,0x00,0x00,0x07,0x72,0x00,0x10,0x00,0x06,0x00,0x00,0x00,
  0x46,0x02,0x10,0x00,0x06,0x00,0x00,0x00,0x46,0x02,0x10,0x00,0x09,0x00,0x00,0x00,
  0x32,0x20,0x00,0x0A,0xC2,0x00,0x10,0x00,0x07,0x00,0x00,0x00,0xA6,0x8E,0x20,0x00,
  0x00,0x00,0x00,0x00,0x00,0x00,0x00,0x00,0x06,0x00,0x10,0x00,0x05,0x00,0x00,0x00,
  0x06,0x04,0x10,0x00,0x02,0x00,0x00,0x00,0x48,0x00,0x00,0x0B,0xF2,0x00,0x10,0x00,
  0x09,0x00,0x00,0x00,0xE6,0x0A,0x10,0x00,0x07,0x00,0x00,0x00,0x46,0x7E,0x10,0x00,
  0x00,0x00,0x00,0x00,0x00,0x60,0x10,0x00,0x00,0x00,0x00,0x00,0x01,0x40,0x00,0x00,
  0x00,0x00,0x00,0x00,0x33,0x00,0x00,0x07,0x72,0x00,0x10,0x00,0x0A,0x00,0x00,0x00,
  0x46,0x02,0x10,0x00,0x09,0x00,0x00,0x00,0x46,0x02,0x10,0x00,0x0A,0x00,0x00,0x00,
  0x34,0x00,0x00,0x07,0x72,0x00,0x10,0x00,0x06,0x00,0x00,0x00,0x46,0x02,0x10,0x00,
  0x06,0x00,0x00,0x00,0x46,0x02,0x10,0x00,0x09,0x00,0x00,0x00,0x48,0x00,0x00,0x0B,
  0xF2,0x00,0x10,0x00,0x09,0x00,0x00,0x00,0xE6,0x0A,0x10,0x00,0x0C,0x00,0x00,0x00,
  0x46,0x7E,0x10,0x00,0x00,0x00,0x00,0x00,0x00,0x60,0x10,0x00,0x00,0x00,0x00,0x00,
  0x01,0x40,0x00,0x00,0x00,0x00,0x00,0x00,0x33,0x00,0x00,0x07,0x72,0x00,0x10,0x00,
  0x0A,0x00,0x00,0x00,0x46,0x02,0x10,0x00,0x09,0x00,0x00,0x00,0x46,0x02,0x10,0x00,
  0x0A,0x00,0x00,0x00,0x34,0x00,0x00,0x07,0x72,0x00,0x10,0x00,0x06,0x00,0x00,0x00,
  0x46,0x02,0x10,0x00,0x06,0x00,0x00,0x00,0x46,0x02,0x10,0x00,0x09,0x00,0x00,0x00,
  0x48,0x00,0x00,0x0B,0xF2,0x00,0x10,0x00,0x08,0x00,0x00,0x00,0xE6,0x0A,0x10,0x00,
  0x08,0x00,0x00,0x00,0x46,0x7E,0x10,0x00,0x00,0x00,0x00,0x00,0x00,0x60,0x10,0x00,
  0x00,0x00,0x00,0x00,0x01,0x40,0x00,0x00,0x00,0x00,0x00,0x00,0x33,0x00,0x00,0x07,
  0x72,0x00,0x10,0x00,0x09,0x00,0x00,0x00,0x46,0x02,0x10,0x00,0x08,0x00,0x00,0x00,
  0x46,0x02,0x10,0x00,0x0A,0x00,0x00,0x00,0x34,0x00,0x00,0x07,0x72,0x00,0x10,0x00,
  0x06,0x00,0x00,0x00,0x46,0x02,0x10,0x00,0x06,0x00,0x00,0x00,0x46,0x02,0x10,0x00,
  0x08,0x00,0x00,0x00,0x38,0x00,0x00,0x07,0x22,0x00,0x10,0x00,0x08,0x00,0x00,0x00,
  0x0A,0x00,0x10,0x00,0x07,0x00,0x00,0x00,0x01,0x40,0x00,0x00,0x00,0x00,0x00,0x40,
  0x32,0x20,0x00,0x0C,0xC2,0x00,0x10,0x00,0x07,0x00,0x00,0x00,0x56,0x01,0x10,0x00,
  0x07,0x00,0x00,0x00,0x02,0x40,0x00,0x00,0x00,0x00,0x00,0x00,0x00,0x00,0x00,0x00,
  0x00,0x00,0x80,0xBF,0x00,0x00,0x00,0x40,0x06,0x04,0x10,0x00,0x02,0x00,0x00,0x00,
  0x48,0x00,0x00,0x0B,0xF2,0x00,0x10,0x00,0x0A,0x00,0x00,0x00,0xE6,0x0A,0x10,0x00,
  0x07,0x00,0x00,0x00,0x46,0x7E,0x10,0x00,0x00,0x00,0x00,0x00,0x00,0x60,0x10,0x00,
  0x00,0x00,0x00,0x00,0x01,0x40,0x00,0x00,0x00,0x00,0x00,0x00,0x33,0x00,0x00,0x07,
  0x72,0x00,0x10,0x00,0x09,0x00,0x00,0x00,0x46,0x02,0x10,0x00,0x09,0x00,0x00,0x00,
  0x46,0x02,0x10,0x00,0x0A,0x00,0x00,0x00,0x34,0x00,0x00,0x07,0x72,0x00,0x10,0x00,
  0x06,0x00,0x00,0x00,0x46,0x02,0x10,0x00,0x06,0x00,0x00,0x00,0x46,0x02,0x10,0x00,
  0x0A,0x00,0x00,0x00,0x36,0x00,0x00,0x05,0x42,0x00,0x10,0x00,0x08,0x00,0x00,0x00,
  0x01,0x40,0x00,0x00,0x00,0x00,0x00,0x00,0x00,0x20,0x00,0x07,0xC2,0x00,0x10,0x00,
  0x07,0x00,0x00,0x00,0x06,0x04,0x10,0x00,0x02,0x00,0x00,0x00,0xA6,0x06,0x10,0x00,
  0x08,0x00,0x00,0x00,0x48,0x00,0x00,0x0B,0xF2,0x00,0x10,0x00,0x08,0x00,0x00,0x00,
  0xE6,0x0A,0x10,0x00,0x07,0x00,0x00,0x00,0x46,0x7E,0x10,0x00,0x00,0x00,0x00,0x00,
  0x00,0x60,0x10,0x00,0x00,0x00,0x00,0x00,0x01,0x40,0x00,0x00,0x00,0x00,0x00,0x00,
  0x33,0x00,0x00,0x07,0x72,0x00,0x10,0x00,0x09,0x00,0x00,0x00,0x46,0x02,0x10,0x00,
  0x08,0x00,0x00,0x00,0x46,0x02,0x10,0x00,0x09,0x00,0x00,0x00,0x34,0x00,0x00,0x07,
  0x72,0x00,0x10,0x00,0x06,0x00,0x00,0x00,0x46,0x02,0x10,0x00,0x06,0x00,0x00,0x00,
  0x46,0x02,0x10,0x00,0x08,0x00,0x00,0x00,0x32,0x20,0x00,0x0C,0x32,0x00,0x10,0x00,
  0x07,0x00,0x00,0x00,0x16,0x05,0x10,0x00,0x07,0x00,0x00,0x00,0x02,0x40,0x00,0x00,
  0x00,0x00,0x80,0x3F,0x00,0x00,0x00,0x40,0x00,0x00,0x00,0x00,0x00,0x00,0x00,0x00,
  0x46,0x00,0x10,0x00,0x02,0x00,0x00,0x00,0x48,0x00,0x00,0x0B,0xF2,0x00,0x10,0x00,
  0x07,0x00,0x00,0x00,0x46,0x00,0x10,0x00,0x07,0x00,0x00,0x00,0x46,0x7E,0x10,0x00,
  0x00,0x00,0x00,0x00,0x00,0x60,0x10,0x00,0x00,0x00,0x00,0x00,0x01,0x40,0x00,0x00,
  0x00,0x00,0x00,0x00,0x33,0x00,0x00,0x07,0x72,0x00,0x10,0x00,0x08,0x00,0x00,0x00,
  0x46,0x02,0x10,0x00,0x07,0x00,0x00,0x00,0x46,0x02,0x10,0x00,0x09,0x00,0x00,0x00,
  0x34,0x00,0x00,0x07,0x72,0x00,0x10,0x00,0x06,0x00,0x00,0x00,0x46,0x02,0x10,0x00,
  0x06,0x00,0x00,0x00,0x46,0x02,0x10,0x00,0x07,0x00,0x00,0x00,0x48,0x00,0x00,0x0B,
  0xF2,0x00,0x10,0x00,0x07,0x00,0x00,0x00,0xE6,0x0A,0x10,0x00,0x0B,0x00,0x00,0x00,
  0x46,0x7E,0x10,0x00,0x00,0x00,0x00,0x00,0x00,0x60,0x10,0x00,0x00,0x00,0x00,0x00,
  0x01,0x40,0x00,0x00,0x00,0x00,0x00,0x00,0x33,0x00,0x00,0x07,0x72,0x00,0x10,0x00,
  0x08,0x00,0x00,0x00,0x46,0x02,0x10,0x00,0x07,0x00,0x00,0x00,0x46,0x02,0x10,0x00,
  0x08,0x00,0x00,0x00,0x34,0x00,0x00,0x07,0x72,0x00,0x10,0x00,0x06,0x00,0x00,0x00,
  0x46,0x02,0x10,0x00,0x06,0x00,0x00,0x00,0x46,0x02,0x10,0x00,0x07,0x00,0x00,0x00,
  0x00,0x00,0x00,0x08,0x72,0x00,0x10,0x00,0x06,0x00,0x00,0x00,0x46,0x02,0x10,0x80,
  0x41,0x00,0x00,0x00,0x08,0x00,0x00,0x00,0x46,0x02,0x10,0x00,0x06,0x00,0x00,0x00,
  0x10,0x00,0x00,0x07,0x82,0x00,0x10,0x00,0x02,0x00,0x00,0x00,0x46,0x02,0x10,0x00,
  0x06,0x00,0x00,0x00,0x46,0x02,0x10,0x00,0x06,0x00,0x00,0x00,0x4B,0x00,0x00,0x05,
  0x82,0x00,0x10,0x00,0x02,0x00,0x00,0x00,0x3A,0x00,0x10,0x00,0x02,0x00,0x00,0x00,
  0x38,0x00,0x00,0x07,0x82,0x00,0x10,0x00,0x02,0x00,0x00,0x00,0x3A,0x00,0x10,0x00,
  0x02,0x00,0x00,0x00,0x01,0x40,0x00,0x00,0xCD,0xCC,0x0C,0x40,0x33,0x00,0x00,0x07,
  0x82,0x00,0x10,0x00,0x02,0x00,0x00,0x00,0x3A,0x00,0x10,0x00,0x02,0x00,0x00,0x00,
  0x01,0x40,0x00,0x00,0x00,0x00,0x80,0x3F,0x00,0x00,0x00,0x08,0x72,0x00,0x10,0x00,
  0x06,0x00,0x00,0x00,0x46,0x02,0x10,0x80,0x41,0x00,0x00,0x00,0x04,0x00,0x00,0x00,
  0x46,0x02,0x10,0x00,0x08,0x00,0x00,0x00,0x32,0x00,0x00,0x09,0x72,0x00,0x10,0x00,
  0x06,0x00,0x00,0x00,0x56,0x05,0x10,0x00,0x05,0x00,0x00,0x00,0x46,0x02,0x10,0x00,
  0x06,0x00,0x00,0x00,0x46,0x02,0x10,0x00,0x04,0x00,0x00,0x00,0x10,0x00,0x00,0x0A,
  0x82,0x00,0x10,0x00,0x03,0x00,0x00,0x00,0x46,0x02,0x10,0x00,0x06,0x00,0x00,0x00,
  0x02,0x40,0x00,0x00,0x87,0x16,0x99,0x3E,0xA2,0x45,0x16,0x3F,0xD5,0x78,0xE9,0x3D,
  0x00,0x00,0x00,0x00,0x00,0x00,0x00,0x08,0x72,0x00,0x10,0x00,0x07,0x00,0x00,0x00,
  0x46,0x02,0x10,0x80,0x41,0x00,0x00,0x00,0x06,0x00,0x00,0x00,0xF6,0x0F,0x10,0x00,
  0x03,0x00,0x00,0x00,0x32,0x00,0x00,0x09,0x72,0x00,0x10,0x00,0x05,0x00,0x00,0x00,
  0xA6,0x0A,0x10,0x00,0x05,0x00,0x00,0x00,0x46,0x02,0x10,0x00,0x07,0x00,0x00,0x00,
  0x46,0x02,0x10,0x00,0x06,0x00,0x00,0x00,0x32,0x20,0x00,0x0F,0x72,0x00,0x10,0x00,
  0x05,0x00,0x00,0x00,0x46,0x02,0x10,0x00,0x05,0x00,0x00,0x00,0x02,0x40,0x00,0x00,
  0x1F,0x85,0x6B,0x3F,0x1F,0x85,0x6B,0x3F,0x1F,0x85,0x6B,0x3F,0x00,0x00,0x00,0x00,
  0x02,0x40,0x00,0x00,0x8F,0xC2,0x75,0x3D,0x8F,0xC2,0x75,0x3D,0x8F,0xC2,0x75,0x3D,
  0x00,0x00,0x00,0x00,0x38,0x00,0x00,0x0A,0x32,0x00,0x10,0x00,0x06,0x00,0x00,0x00,
  0x46,0x00,0x10,0x00,0x02,0x00,0x00,0x00,0x02,0x40,0x00,0x00,0x00,0x00,0xD2,0x43,
  0x00,0x00,0x9B,0x43,0x00,0x00,0x00,0x00,0x00,0x00,0x00,0x00,0x0F,0x00,0x00,0x0A,
  0x82,0x00,0x10,0x00,0x03,0x00,0x00,0x00,0x46,0x00,0x10,0x00,0x06,0x00,0x00,0x00,
  0x02,0x40,0x00,0x00,0x33,0x33,0xFE,0x42,0x9A,0xD9,0x9B,0x43,0x00,0x00,0x00,0x00,
  0x00,0x00,0x00,0x00,0x4D,0x00,0x00,0x06,0x82,0x00,0x10,0x00,0x03,0x00,0x00,0x00,
  0x00,0xD0,0x00,0x00,0x3A,0x00,0x10,0x00,0x03,0x00,0x00,0x00,0x38,0x00,0x00,0x07,
  0x82,0x00,0x10,0x00,0x03,0x00,0x00,0x00,0x3A,0x00,0x10,0x00,0x03,0x00,0x00,0x00,
  0x01,0x40,0x00,0x00,0x8C,0xEE,0x2A,0x47,0x1A,0x00,0x00,0x05,0x82,0x00,0x10,0x00,
  0x03,0x00,0x00,0x00,0x3A,0x00,0x10,0x00,0x03,0x00,0x00,0x00,0x32,0x00,0x00,0x09,
  0x82,0x00,0x10,0x00,0x03,0x00,0x00,0x00,0x3A,0x00,0x10,0x00,0x03,0x00,0x00,0x00,
  0x3A,0x00,0x10,0x00,0x05,0x00,0x00,0x00,0x01,0x40,0x00,0x00,0xAE,0x47,0x61,0x3F,
  0x32,0x00,0x00,0x09,0x82,0x00,0x10,0x00,0x05,0x00,0x00,0x00,0x1A,0x00,0x10,0x00,
  0x01,0x00,0x00,0x00,0x01,0x40,0x00,0x00,0xCD,0xCC,0x4C,0x3E,0x01,0x40,0x00,0x00,
  0x8F,0xC2,0xF5,0x3D,0x38,0x00,0x00,0x07,0x82,0x00,0x10,0x00,0x02,0x00,0x00,0x00,
  0x3A,0x00,0x10,0x00,0x02,0x00,0x00,0x00,0x3A,0x00,0x10,0x00,0x05,0x00,0x00,0x00,
  0x32,0x20,0x00,0x0A,0x72,0x00,0x10,0x00,0x04,0x00,0x00,0x00,0x46,0x02,0x10,0x00,
  0x05,0x00,0x00,0x00,0xF6,0x0F,0x10,0x00,0x03,0x00,0x00,0x00,0xF6,0x0F,0x10,0x80,
  0x41,0x00,0x00,0x00,0x02,0x00,0x00,0x00,0x12,0x00,0x00,0x01,0x20,0x00,0x00,0x07,
  0x82,0x00,0x10,0x00,0x02,0x00,0x00,0x00,0x0A,0x00,0x10,0x00,0x00,0x00,0x00,0x00,
  0x01,0x40,0x00,0x00,0x40,0x00,0x00,0x00,0x1F,0x00,0x04,0x03,0x3A,0x00,0x10,0x00,
  0x02,0x00,0x00,0x00,0x36,0x00,0x00,0x08,0x52,0x00,0x10,0x00,0x05,0x00,0x00,0x00,
  0x02,0x40,0x00,0x00,0x00,0x00,0x00,0x00,0x00,0x00,0x00,0x00,0x00,0x00,0x00,0x00,
  0x00,0x00,0x00,0x00,0x36,0x00,0x00,0x07,0x22,0x00,0x10,0x00,0x05,0x00,0x00,0x00,
  0x3A,0x80,0x20,0x80,0x41,0x00,0x00,0x00,0x00,0x00,0x00,0x00,0x00,0x00,0x00,0x00,
  0x00,0x20,0x00,0x07,0x32,0x00,0x10,0x00,0x05,0x00,0x00,0x00,0x46,0x00,0x10,0x00,
  0x02,0x00,0x00,0x00,0x46,0x00,0x10,0x00,0x05,0x00,0x00,0x00,0x48,0x00,0x00,0x0B,
  0xF2,0x00,0x10,0x00,0x06,0x00,0x00,0x00,0x46,0x00,0x10,0x00,0x05,0x00,0x00,0x00,
  0x46,0x7E,0x10,0x00,0x00,0x00,0x00,0x00,0x00,0x60,0x10,0x00,0x00,0x00,0x00,0x00,
  0x01,0x40,0x00,0x00,0x00,0x00,0x00,0x00,0x36,0x00,0x00,0x06,0x82,0x00,0x10,0x00,
  0x05,0x00,0x00,0x00,0x3A,0x80,0x20,0x00,0x00,0x00,0x00,0x00,0x00,0x00,0x00,0x00,
  0x00,0x20,0x00,0x07,0x32,0x00,0x10,0x00,0x05,0x00,0x00,0x00,0x46,0x00,0x10,0x00,
  0x02,0x00,0x00,0x00,0xE6,0x0A,0x10,0x00,0x05,0x00,0x00,0x00,0x48,0x00,0x00,0x0B,
  0xF2,0x00,0x10,0x00,0x05,0x00,0x00,0x00,0x46,0x00,0x10,0x00,0x05,0x00,0x00,0x00,
  0x46,0x7E,0x10,0x00,0x00,0x00,0x00,0x00,0x00,0x60,0x10,0x00,0x00,0x00,0x00,0x00,
  0x01,0x40,0x00,0x00,0x00,0x00,0x00,0x00,0x36,0x00,0x00,0x07,0x12,0x00,0x10,0x00,
  0x07,0x00,0x00,0x00,0x2A,0x80,0x20,0x80,0x41,0x00,0x00,0x00,0x00,0x00,0x00,0x00,
  0x00,0x00,0x00,0x00,0x36,0x00,0x00,0x08,0xA2,0x00,0x10,0x00,0x07,0x00,0x00,0x00,
  0x02,0x40,0x00,0x00,0x00,0x00,0x00,0x00,0x00,0x00,0x00,0x00,0x00,0x00,0x00,0x00,
  0x00,0x00,0x00,0x00,0x00,0x20,0x00,0x07,0x32,0x00,0x10,0x00,0x07,0x00,0x00,0x00,
  0x46,0x00,0x10,0x00,0x02,0x00,0x00,0x00,0x46,0x00,0x10,0x00,0x07,0x00,0x00,0x00,
  0x48,0x00,0x00,0x0B,0xF2,0x00,0x10,0x00,0x08,0x00,0x00,0x00,0x46,0x00,0x10,0x00,
  0x07,0x00,0x00,0x00,0x46,0x7E,0x10,0x00,0x00,0x00,0x00,0x00,0x00,0x60,0x10,0x00,
  0x00,0x00,0x00,0x00,0x01,0x40,0x00,0x00,0x00,0x00,0x00,0x00,0x36,0x00,0x00,0x06,
  0x42,0x00,0x10,0x00,0x07,0x00,0x00,0x00,0x2A,0x80,0x20,0x00,0x00,0x00,0x00,0x00,
  0x00,0x00,0x00,0x00,0x00,0x20,0x00,0x07,0x32,0x00,0x10,0x00,0x07,0x00,0x00,0x00,
  0x46,0x00,0x10,0x00,0x02,0x00,0x00,0x00,0xE6,0x0A,0x10,0x00,0x07,0x00,0x00,0x00,
  0x48,0x00,0x00,0x0B,0xF2,0x00,0x10,0x00,0x07,0x00,0x00,0x00,0x46,0x00,0x10,0x00,
  0x07,0x00,0x00,0x00,0x46,0x7E,0x10,0x00,0x00,0x00,0x00,0x00,0x00,0x60,0x10,0x00,
  0x00,0x00,0x00,0x00,0x01,0x40,0x00,0x00,0x00,0x00,0x00,0x00,0x00,0x00,0x00,0x08,
  0x72,0x00,0x10,0x00,0x07,0x00,0x00,0x00,0x46,0x02,0x10,0x80,0x41,0x00,0x00,0x00,
  0x08,0x00,0x00,0x00,0x46,0x02,0x10,0x00,0x07,0x00,0x00,0x00,0x10,0x00,0x00,0x07,
  0x82,0x00,0x10,0x00,0x02,0x00,0x00,0x00,0x46,0x02,0x10,0x00,0x07,0x00,0x00,0x00,
  0x46,0x02,0x10,0x00,0x07,0x00,0x00,0x00,0x4B,0x00,0x00,0x05,0x82,0x00,0x10,0x00,
  0x02,0x00,0x00,0x00,0x3A,0x00,0x10,0x00,0x02,0x00,0x00,0x00,0x00,0x00,0x00,0x08,
  0x72,0x00,0x10,0x00,0x05,0x00,0x00,0x00,0x46,0x02,0x10,0x80,0x41,0x00,0x00,0x00,
  0x06,0x00,0x00,0x00,0x46,0x02,0x10,0x00,0x05,0x00,0x00,0x00,0x10,0x00,0x00,0x07,
  0x82,0x00,0x10,0x00,0x03,0x00,0x00,0x00,0x46,0x02,0x10,0x00,0x05,0x00,0x00,0x00,
  0x46,0x02,0x10,0x00,0x05,0x00,0x00,0x00,0x4B,0x00,0x00,0x05,0x82,0x00,0x10,0x00,
  0x03,0x00,0x00,0x00,0x3A,0x00,0x10,0x00,0x03,0x00,0x00,0x00,0x00,0x00,0x00,0x07,
  0x82,0x00,0x10,0x00,0x02,0x00,0x00,0x00,0x3A,0x00,0x10,0x00,0x02,0x00,0x00,0x00,
  0x3A,0x00,0x10,0x00,0x03,0x00,0x00,0x00,0x33,0x00,0x00,0x07,0x82,0x00,0x10,0x00,
  0x02,0x00,0x00,0x00,0x3A,0x00,0x10,0x00,0x02,0x00,0x00,0x00,0x01,0x40,0x00,0x00,
  0x00,0x00,0x80,0x3F,0x10,0x00,0x00,0x0A,0x82,0x00,0x10,0x00,0x03,0x00,0x00,0x00,
  0x46,0x02,0x10,0x00,0x04,0x00,0x00,0x00,0x02,0x40,0x00,0x00,0x87,0x16,0x99,0x3E,
  0xA2,0x45,0x16,0x3F,0xD5,0x78,0xE9,0x3D,0x00,0x00,0x00,0x00,0x00,0x00,0x00,0x07,
  0x12,0x00,0x10,0x00,0x05,0x00,0x00,0x00,0x1A,0x00,0x10,0x00,0x02,0x00,0x00,0x00,
  0x0A,0x00,0x10,0x00,0x02,0x00,0x00,0x00,0x32,0x00,0x00,0x0F,0xE2,0x00,0x10,0x00,
  0x05,0x00,0x00,0x00,0xA6,0x07,0x10,0x00,0x00,0x00,0x00,0x00,0x02,0x40,0x00,0x00,
  0x00,0x00,0x00,0x00,0x00,0x00,0x70,0x42,0x00,0x00,0x20,0x42,0x9A,0x99,0x99,0x3F,
  0x02,0x40,0x00,0x00,0x00,0x00,0x00,0x00,0x00,0x00,0x70,0x42,0x00,0x00,0x48,0x42,
  0x9A,0x99,0x99,0x3F,0x38,0x00,0x00,0x07,0x12,0x00,0x10,0x00,0x05,0x00,0x00,0x00,
  0x1A,0x00,0x10,0x00,0x05,0x00,0x00,0x00,0x0A,0x00,0x10,0x00,0x05,0x00,0x00,0x00,
  0x1A,0x00,0x00,0x05,0x12,0x00,0x10,0x00,0x05,0x00,0x00,0x00,0x0A,0x00,0x10,0x00,
  0x05,0x00,0x00,0x00,0x1D,0x00,0x00,0x07,0x12,0x00,0x10,0x00,0x05,0x00,0x00,0x00,
  0x0A,0x00,0x10,0x00,0x05,0x00,0x00,0x00,0x01,0x40,0x00,0x00,0xCD,0xCC,0x0C,0x3F,
  0x00,0x00,0x00,0x08,0x22,0x00,0x10,0x00,0x05,0x00,0x00,0x00,0x1A,0x00,0x10,0x80,
  0x41,0x00,0x00,0x00,0x02,0x00,0x00,0x00,0x0A,0x00,0x10,0x00,0x02,0x00,0x00,0x00,
  0x38,0x00,0x00,0x07,0x22,0x00,0x10,0x00,0x05,0x00,0x00,0x00,0x2A,0x00,0x10,0x00,
  0x05,0x00,0x00,0x00,0x1A,0x00,0x10,0x00,0x05,0x00,0x00,0x00,0x1A,0x00,0x00,0x05,
  0x22,0x00,0x10,0x00,0x05,0x00,0x00,0x00,0x1A,0x00,0x10,0x00,0x05,0x00,0x00,0x00,
  0x1D,0x00,0x00,0x07,0x22,0x00,0x10,0x00,0x05,0x00,0x00,0x00,0x1A,0x00,0x10,0x00,
  0x05,0x00,0x00,0x00,0x01,0x40,0x00,0x00,0xCD,0xCC,0x0C,0x3F,0x01,0x00,0x00,0x0A,
  0x32,0x00,0x10,0x00,0x05,0x00,0x00,0x00,0x46,0x00,0x10,0x00,0x05,0x00,0x00,0x00,
  0x02,0x40,0x00,0x00,0x00,0x00,0x80,0x3F,0x00,0x00,0x80,0x3F,0x00,0x00,0x00,0x00,
  0x00,0x00,0x00,0x00,0x00,0x20,0x00,0x08,0x82,0x00,0x10,0x00,0x03,0x00,0x00,0x00,
  0x3A,0x00,0x10,0x80,0x41,0x00,0x00,0x00,0x03,0x00,0x00,0x00,0x01,0x40,0x00,0x00,
  0x00,0x00,0x80,0x3F,0x38,0x00,0x00,0x07,0x12,0x00,0x10,0x00,0x05,0x00,0x00,0x00,
  0x0A,0x00,0x10,0x00,0x05,0x00,0x00,0x00,0x3A,0x00,0x10,0x00,0x03,0x00,0x00,0x00,
  0x38,0x00,0x00,0x07,0x12,0x00,0x10,0x00,0x05,0x00,0x00,0x00,0x0A,0x00,0x10,0x00,
  0x05,0x00,0x00,0x00,0x01,0x40,0x00,0x00,0x66,0x66,0xE6,0x3E,0x32,0x00,0x00,0x09,
  0x82,0x00,0x10,0x00,0x02,0x00,0x00,0x00,0x3A,0x00,0x10,0x00,0x02,0x00,0x00,0x00,
  0x3A,0x00,0x10,0x00,0x05,0x00,0x00,0x00,0x0A,0x00,0x10,0x00,0x05,0x00,0x00,0x00,
  0x38,0x00,0x00,0x07,0x82,0x00,0x10,0x00,0x03,0x00,0x00,0x00,0x1A,0x00,0x10,0x00,
  0x05,0x00,0x00,0x00,0x3A,0x00,0x10,0x00,0x03,0x00,0x00,0x00,0x32,0x00,0x00,0x09,
  0x82,0x00,0x10,0x00,0x02,0x00,0x00,0x00,0x3A,0x00,0x10,0x00,0x03,0x00,0x00,0x00,
  0x01,0x40,0x00,0x00,0x00,0x00,0x80,0x3E,0x3A,0x00,0x10,0x00,0x02,0x00,0x00,0x00,
  0x33,0x00,0x00,0x07,0x82,0x00,0x10,0x00,0x02,0x00,0x00,0x00,0x3A,0x00,0x10,0x00,
  0x02,0x00,0x00,0x00,0x01,0x40,0x00,0x00,0x00,0x00,0x80,0x3F,0x00,0x00,0x00,0x0B,
  0x72,0x00,0x10,0x00,0x04,0x00,0x00,0x00,0xF6,0x0F,0x10,0x80,0x41,0x00,0x00,0x00,
  0x02,0x00,0x00,0x00,0x02,0x40,0x00,0x00,0x00,0x00,0x80,0x3F,0x00,0x00,0x80,0x3F,
  0x00,0x00,0x80,0x3F,0x00,0x00,0x00,0x00,0x12,0x00,0x00,0x01,0x20,0x00,0x00,0x07,
  0x82,0x00,0x10,0x00,0x02,0x00,0x00,0x00,0x0A,0x00,0x10,0x00,0x00,0x00,0x00,0x00,
  0x01,0x40,0x00,0x00,0x41,0x00,0x00,0x00,0x1F,0x00,0x04,0x03,0x3A,0x00,0x10,0x00,
  0x02,0x00,0x00,0x00,0x32,0x00,0x00,0x0F,0x72,0x00,0x10,0x00,0x05,0x00,0x00,0x00,
  0xE6,0x09,0x10,0x00,0x00,0x00,0x00,0x00,0x02,0x40,0x00,0x00,0x00,0x00,0xA0,0x40,
  0x00,0x00,0x00,0x40,0x9A,0x99,0x99,0x3F,0x00,0x00,0x00,0x00,0x02,0x40,0x00,0x00,
  0x00,0x00,0x40,0x40,0x00,0x00,0x20,0x40,0x00,0x00,0x80,0x3F,0x00,0x00,0x00,0x00,
  0x1B,0x00,0x00,0x05,0x82,0x00,0x10,0x00,0x02,0x00,0x00,0x00,0x0A,0x00,0x10,0x00,
  0x05,0x00,0x00,0x00,0x25,0x00,0x00,0x07,0x82,0x00,0x10,0x00,0x02,0x00,0x00,0x00,
  0x3A,0x00,0x10,0x00,0x02,0x00,0x00,0x00,0x01,0x40,0x00,0x00,0x08,0x00,0x00,0x00,
  0x36,0x00,0x00,0x05,0x42,0x00,0x10,0x00,0x06,0x00,0x00,0x00,0x01,0x40,0x00,0x00,
  0x00,0x00,0x00,0x00,0x36,0x00,0x00,0x08,0x72,0x00,0x10,0x00,0x07,0x00,0x00,0x00,
  0x02,0x40,0x00,0x00,0x00,0x00,0x00,0x00,0x00,0x00,0x00,0x00,0x00,0x00,0x00,0x00,
  0x00,0x00,0x00,0x00,0x36,0x00,0x00,0x05,0x82,0x00,0x10,0x00,0x03,0x00,0x00,0x00,
  0x3A,0x00,0x10,0x00,0x02,0x00,0x00,0x00,0x36,0x00,0x00,0x05,0x12,0x00,0x10,0x00,
  0x05,0x00,0x00,0x00,0x01,0x40,0x00,0x00,0x01,0x00,0x00,0x00,0x30,0x00,0x00,0x01,
  0x22,0x00,0x00,0x07,0x82,0x00,0x10,0x00,0x05,0x00,0x00,0x00,0x01,0x40,0x00,0x00,
  0x08,0x00,0x00,0x00,0x0A,0x00,0x10,0x00,0x05,0x00,0x00,0x00,0x03,0x00,0x04,0x03,
  0x3A,0x00,0x10,0x00,0x05,0x00,0x00,0x00,0x22,0x00,0x00,0x07,0x82,0x00,0x10,0x00,
  0x05,0x00,0x00,0x00,0x3A,0x00,0x10,0x00,0x03,0x00,0x00,0x00,0x0A,0x00,0x10,0x00,
  0x05,0x00,0x00,0x00,0x1F,0x00,0x04,0x03,0x3A,0x00,0x10,0x00,0x05,0x00,0x00,0x00,
  0x02,0x00,0x00,0x01,0x15,0x00,0x00,0x01,0x2B,0x00,0x00,0x05,0x82,0x00,0x10,0x00,
  0x05,0x00,0x00,0x00,0x0A,0x00,0x10,0x00,0x05,0x00,0x00,0x00,0x38,0x00,0x00,0x07,
  0x82,0x00,0x10,0x00,0x05,0x00,0x00,0x00,0x1A,0x00,0x10,0x00,0x05,0x00,0x00,0x00,
  0x3A,0x00,0x10,0x00,0x05,0x00,0x00,0x00,0x38,0x00,0x00,0x08,0x32,0x00,0x10,0x00,
  0x06,0x00,0x00,0x00,0xF6,0x0F,0x10,0x00,0x05,0x00,0x00,0x00,0xE6,0x8A,0x20,0x00,
  0x00,0x00,0x00,0x00,0x00,0x00,0x00,0x00,0x00,0x20,0x00,0x07,0xF2,0x00,0x10,0x00,
  0x08,0x00,0x00,0x00,0x46,0x04,0x10,0x00,0x02,0x00,0x00,0x00,0x86,0x06,0x10,0x00,
  0x06,0x00,0x00,0x00,0x48,0x00,0x00,0x0B,0xF2,0x00,0x10,0x00,0x09,0x00,0x00,0x00,
  0x46,0x00,0x10,0x00,0x08,0x00,0x00,0x00,0x46,0x7E,0x10,0x00,0x00,0x00,0x00,0x00,
  0x00,0x60,0x10,0x00,0x00,0x00,0x00,0x00,0x01,0x40,0x00,0x00,0x00,0x00,0x00,0x00,
  0x00,0x20,0x00,0x08,0xF2,0x00,0x10,0x00,0x0A,0x00,0x00,0x00,0x46,0x04,0x10,0x00,
  0x02,0x00,0x00,0x00,0x86,0x06,0x10,0x80,0x41,0x00,0x00,0x00,0x06,0x00,0x00,0x00,
  0x48,0x00,0x00,0x0B,0xF2,0x00,0x10,0x00,0x0B,0x00,0x00,0x00,0x46,0x00,0x10,0x00,
  0x0A,0x00,0x00,0x00,0x46,0x7E,0x10,0x00,0x00,0x00,0x00,0x00,0x00,0x60,0x10,0x00,
  0x00,0x00,0x00,0x00,0x01,0x40,0x00,0x00,0x00,0x00,0x00,0x00,0x48,0x00,0x00,0x0B,
  0xF2,0x00,0x10,0x00,0x08,0x00,0x00,0x00,0xE6,0x0A,0x10,0x00,0x08,0x00,0x00,0x00,
  0x46,0x7E,0x10,0x00,0x00,0x00,0x00,0x00,0x00,0x60,0x10,0x00,0x00,0x00,0x00,0x00,
  0x01,0x40,0x00,0x00,0x00,0x00,0x00,0x00,0x48,0x00,0x00,0x0B,0xF2,0x00,0x10,0x00,
  0x0A,0x00,0x00,0x00,0xE6,0x0A,0x10,0x00,0x0A,0x00,0x00,0x00,0x46,0x7E,0x10,0x00,
  0x00,0x00,0x00,0x00,0x00,0x60,0x10,0x00,0x00,0x00,0x00,0x00,0x01,0x40,0x00,0x00,
  0x00,0x00,0x00,0x00,0x00,0x00,0x00,0x0A,0xB2,0x00,0x10,0x00,0x06,0x00,0x00,0x00,
  0x46,0x08,0x10,0x00,0x09,0x00,0x00,0x00,0x02,0x40,0x00,0x00,0x66,0x66,0xE6,0xBE,
  0x66,0x66,0xE6,0xBE,0x00,0x00,0x00,0x00,0x66,0x66,0xE6,0xBE,0x34,0x00,0x00,0x0A,
  0xB2,0x00,0x10,0x00,0x06,0x00,0x00,0x00,0x46,0x0C,0x10,0x00,0x06,0x00,0x00,0x00,
  0x02,0x40,0x00,0x00,0x00,0x00,0x00,0x00,0x00,0x00,0x00,0x00,0x00,0x00,0x00,0x00,
  0x00,0x00,0x00,0x00,0x00,0x00,0x00,0x0A,0x72,0x00,0x10,0x00,0x09,0x00,0x00,0x00,
  0x46,0x02,0x10,0x00,0x0B,0x00,0x00,0x00,0x02,0x40,0x00,0x00,0x66,0x66,0xE6,0xBE,
  0x66,0x66,0xE6,0xBE,0x66,0x66,0xE6,0xBE,0x00,0x00,0x00,0x00,0x34,0x00,0x00,0x0A,
  0x72,0x00,0x10,0x00,0x09,0x00,0x00,0x00,0x46,0x02,0x10,0x00,0x09,0x00,0x00,0x00,
  0x02,0x40,0x00,0x00,0x00,0x00,0x00,0x00,0x00,0x00,0x00,0x00,0x00,0x00,0x00,0x00,
  0x00,0x00,0x00,0x00,0x00,0x00,0x00,0x07,0xB2,0x00,0x10,0x00,0x06,0x00,0x00,0x00,
  0x46,0x0C,0x10,0x00,0x06,0x00,0x00,0x00,0x46,0x08,0x10,0x00,0x09,0x00,0x00,0x00,
  0x00,0x00,0x00,0x0A,0x72,0x00,0x10,0x00,0x08,0x00,0x00,0x00,0x46,0x02,0x10,0x00,
  0x08,0x00,0x00,0x00,0x02,0x40,0x00,0x00,0x66,0x66,0xE6,0xBE,0x66,0x66,0xE6,0xBE,
  0x66,0x66,0xE6,0xBE,0x00,0x00,0x00,0x00,0x34,0x00,0x00,0x0A,0x72,0x00,0x10,0x00,
  0x08,0x00,0x00,0x00,0x46,0x02,0x10,0x00,0x08,0x00,0x00,0x00,0x02,0x40,0x00,0x00,
  0x00,0x00,0x00,0x00,0x00,0x00,0x00,0x00,0x00,0x00,0x00,0x00,0x00,0x00,0x00,0x00,
  0x00,0x00,0x00,0x07,0xB2,0x00,0x10,0x00,0x06,0x00,0x00,0x00,0x46,0x0C,0x10,0x00,
  0x06,0x00,0x00,0x00,0x46,0x08,0x10,0x00,0x08,0x00,0x00,0x00,0x00,0x00,0x00,0x0A,
  0x72,0x00,0x10,0x00,0x08,0x00,0x00,0x00,0x46,0x02,0x10,0x00,0x0A,0x00,0x00,0x00,
  0x02,0x40,0x00,0x00,0x66,0x66,0xE6,0xBE,0x66,0x66,0xE6,0xBE,0x66,0x66,0xE6,0xBE,
  0x00,0x00,0x00,0x00,0x34,0x00,0x00,0x0A,0x72,0x00,0x10,0x00,0x08,0x00,0x00,0x00,
  0x46,0x02,0x10,0x00,0x08,0x00,0x00,0x00,0x02,0x40,0x00,0x00,0x00,0x00,0x00,0x00,
  0x00,0x00,0x00,0x00,0x00,0x00,0x00,0x00,0x00,0x00,0x00,0x00,0x00,0x00,0x00,0x07,
  0xB2,0x00,0x10,0x00,0x06,0x00,0x00,0x00,0x46,0x0C,0x10,0x00,0x06,0x00,0x00,0x00,
  0x46,0x08,0x10,0x00,0x08,0x00,0x00,0x00,0x00,0x00,0x00,0x07,0x72,0x00,0x10,0x00,
  0x07,0x00,0x00,0x00,0x46,0x03,0x10,0x00,0x06,0x00,0x00,0x00,0x46,0x02,0x10,0x00,
  0x07,0x00,0x00,0x00,0x1E,0x00,0x00,0x07,0x12,0x00,0x10,0x00,0x05,0x00,0x00,0x00,
  0x0A,0x00,0x10,0x00,0x05,0x00,0x00,0x00,0x01,0x40,0x00,0x00,0x01,0x00,0x00,0x00,
  0x16,0x00,0x00,0x01,0x38,0x00,0x00,0x0A,0xB2,0x00,0x10,0x00,0x05,0x00,0x00,0x00,
  0x46,0x08,0x10,0x00,0x07,0x00,0x00,0x00,0x02,0x40,0x00,0x00,0xAB,0xAA,0x2A,0x3D,
  0xAB,0xAA,0x2A,0x3D,0x00,0x00,0x00,0x00,0xAB,0xAA,0x2A,0x3D,0x32,0x00,0x00,0x0A,
  0x82,0x00,0x10,0x00,0x02,0x00,0x00,0x00,0x1A,0x00,0x10,0x80,0x41,0x00,0x00,0x00,
  0x00,0x00,0x00,0x00,0x01,0x40,0x00,0x00,0xCD,0xCC,0x4C,0x3E,0x01,0x40,0x00,0x00,
  0x66,0x66,0x66,0x3F,0x38,0x00,0x00,0x07,0x72,0x00,0x10,0x00,0x05,0x00,0x00,0x00,
  0xA6,0x0A,0x10,0x00,0x05,0x00,0x00,0x00,0x46,0x03,0x10,0x00,0x05,0x00,0x00,0x00,
  0x32,0x00,0x00,0x09,0x72,0x00,0x10,0x00,0x05,0x00,0x00,0x00,0x46,0x02,0x10,0x00,
  0x04,0x00,0x00,0x00,0xF6,0x0F,0x10,0x00,0x02,0x00,0x00,0x00,0x46,0x02,0x10,0x00,
  0x05,0x00,0x00,0x00,0x00,0x20,0x00,0x0A,0x72,0x00,0x10,0x00,0x05,0x00,0x00,0x00,
  0x46,0x02,0x10,0x00,0x05,0x00,0x00,0x00,0x02,0x40,0x00,0x00,0xCD,0xCC,0x4C,0x3D,
  0xCD,0xCC,0x4C,0x3D,0xCD,0xCC,0x4C,0x3D,0x00,0x00,0x00,0x00,0x32,0x00,0x00,0x09,
  0x22,0x00,0x10,0x00,0x01,0x00,0x00,0x00,0x1A,0x00,0x10,0x00,0x01,0x00,0x00,0x00,
  0x01,0x40,0x00,0x00,0x9A,0x99,0x19,0x3E,0x01,0x40,0x00,0x00,0xCD,0xCC,0xCC,0x3D,
  0x00,0x00,0x00,0x0B,0x72,0x00,0x10,0x00,0x06,0x00,0x00,0x00,0x46,0x02,0x10,0x80,
  0x41,0x00,0x00,0x00,0x05,0x00,0x00,0x00,0x02,0x40,0x00,0x00,0x1F,0x85,0x6B,0x3F,
  0xAE,0x47,0x61,0x3F,0x00,0x00,0x80,0x3F,0x00,0x00,0x00,0x00,0x32,0x00,0x00,0x09,
  0x72,0x00,0x10,0x00,0x05,0x00,0x00,0x00,0x56,0x05,0x10,0x00,0x01,0x00,0x00,0x00,
  0x46,0x02,0x10,0x00,0x06,0x00,0x00,0x00,0x46,0x02,0x10,0x00,0x05,0x00,0x00,0x00,
  0x00,0x00,0x00,0x0A,0x32,0x00,0x10,0x00,0x06,0x00,0x00,0x00,0x46,0x00,0x10,0x00,
  0x02,0x00,0x00,0x00,0x02,0x40,0x00,0x00,0x00,0x00,0x00,0xBF,0x00,0x00,0x00,0xBF,
  0x00,0x00,0x00,0x00,0x00,0x00,0x00,0x00,0x0F,0x00,0x00,0x07,0x22,0x00,0x10,0x00,
  0x01,0x00,0x00,0x00,0x46,0x00,0x10,0x00,0x06,0x00,0x00,0x00,0x46,0x00,0x10,0x00,
  0x06,0x00,0x00,0x00,0x32,0x00,0x00,0x0A,0x22,0x00,0x10,0x00,0x01,0x00,0x00,0x00,
  0x1A,0x00,0x10,0x80,0x41,0x00,0x00,0x00,0x01,0x00,0x00,0x00,0x01,0x40,0x00,0x00,
  0x66,0x66,0x66,0x3F,0x01,0x40,0x00,0x00,0x66,0x66,0x86,0x3F,0x33,0x00,0x00,0x07,
  0x22,0x00,0x10,0x00,0x01,0x00,0x00,0x00,0x1A,0x00,0x10,0x00,0x01,0x00,0x00,0x00,
  0x01,0x40,0x00,0x00,0x00,0x00,0x80,0x3F,0x38,0x20,0x00,0x07,0x72,0x00,0x10,0x00,
  0x04,0x00,0x00,0x00,0x56,0x05,0x10,0x00,0x01,0x00,0x00,0x00,0x46,0x02,0x10,0x00,
  0x05,0x00,0x00,0x00,0x12,0x00,0x00,0x01,0x20,0x00,0x00,0x07,0x22,0x00,0x10,0x00,
  0x01,0x00,0x00,0x00,0x0A,0x00,0x10,0x00,0x00,0x00,0x00,0x00,0x01,0x40,0x00,0x00,
  0x42,0x00,0x00,0x00,0x1F,0x00,0x04,0x03,0x1A,0x00,0x10,0x00,0x01,0x00,0x00,0x00,
  0x00,0x00,0x00,0x0A,0x32,0x00,0x10,0x00,0x05,0x00,0x00,0x00,0x46,0x00,0x10,0x00,
  0x02,0x00,0x00,0x00,0x02,0x40,0x00,0x00,0xB0,0xFE,0xFF,0xBE,0xB0,0xFE,0xFF,0xBE,
  0x00,0x00,0x00,0x00,0x00,0x00,0x00,0x00,0x0F,0x00,0x00,0x07,0x22,0x00,0x10,0x00,
  0x01,0x00,0x00,0x00,0x46,0x00,0x10,0x00,0x05,0x00,0x00,0x00,0x46,0x00,0x10,0x00,
  0x05,0x00,0x00,0x00,0x44,0x00,0x00,0x05,0x22,0x00,0x10,0x00,0x01,0x00,0x00,0x00,
  0x1A,0x00,0x10,0x00,0x01,0x00,0x00,0x00,0x38,0x00,0x00,0x07,0x32,0x00,0x10,0x00,
  0x05,0x00,0x00,0x00,0x56,0x05,0x10,0x00,0x01,0x00,0x00,0x00,0x46,0x00,0x10,0x00,
  0x05,0x00,0x00,0x00,0x32,0x00,0x00,0x0F,0xC2,0x00,0x10,0x00,0x05,0x00,0x00,0x00,
  0x56,0x09,0x10,0x00,0x00,0x00,0x00,0x00,0x02,0x40,0x00,0x00,0x00,0x00,0x00,0x00,
  0x00,0x00,0x00,0x00,0x00,0x00,0x20,0x41,0x00,0x00,0x40,0x40,0x02,0x40,0x00,0x00,
  0x00,0x00,0x00,0x00,0x00,0x00,0x00,0x00,0x00,0x00,0x00,0x41,0x00,0x00,0x80,0x40,
  0x1B,0x00,0x00,0x05,0x22,0x00,0x10,0x00,0x01,0x00,0x00,0x00,0x2A,0x00,0x10,0x00,
  0x05,0x00,0x00,0x00,0x25,0x00,0x00,0x07,0x22,0x00,0x10,0x00,0x01,0x00,0x00,0x00,
  0x1A,0x00,0x10,0x00,0x01,0x00,0x00,0x00,0x01,0x40,0x00,0x00,0x12,0x00,0x00,0x00,
  0x38,0x00,0x00,0x08,0x32,0x00,0x10,0x00,0x05,0x00,0x00,0x00,0x46,0x00,0x10,0x00,
  0x05,0x00,0x00,0x00,0xE6,0x8A,0x20,0x00,0x00,0x00,0x00,0x00,0x00,0x00,0x00,0x00,
  0x32,0x00,0x00,0x0A,0x82,0x00,0x10,0x00,0x00,0x00,0x00,0x00,0x3A,0x00,0x10,0x80,
  0x41,0x00,0x00,0x00,0x00,0x00,0x00,0x00,0x01,0x40,0x00,0x00,0x9A,0x99,0x19,0x3E,
  0x01,0x40,0x00,0x00,0x66,0x66,0xE6,0x3E,0x36,0x00,0x00,0x08,0x72,0x00,0x10,0x00,
  0x06,0x00,0x00,0x00,0x02,0x40,0x00,0x00,0x00,0x00,0x00,0x00,0x00,0x00,0x00,0x00,
  0x00,0x00,0x00,0x00,0x00,0x00,0x00,0x00,0x36,0x00,0x00,0x05,0x82,0x00,0x10,0x00,
  0x02,0x00,0x00,0x00,0x1A,0x00,0x10,0x00,0x01,0x00,0x00,0x00,0x36,0x00,0x00,0x05,
  0x82,0x00,0x10,0x00,0x03,0x00,0x00,0x00,0x01,0x40,0x00,0x00,0x01,0x00,0x00,0x00,
  0x30,0x00,0x00,0x01,0x22,0x00,0x00,0x07,0x42,0x00,0x10,0x00,0x05,0x00,0x00,0x00,
  0x01,0x40,0x00,0x00,0x12,0x00,0x00,0x00,0x3A,0x00,0x10,0x00,0x03,0x00,0x00,0x00,
  0x03,0x00,0x04,0x03,0x2A,0x00,0x10,0x00,0x05,0x00,0x00,0x00,0x22,0x00,0x00,0x07,
  0x42,0x00,0x10,0x00,0x05,0x00,0x00,0x00,0x3A,0x00,0x10,0x00,0x02,0x00,0x00,0x00,
  0x3A,0x00,0x10,0x00,0x03,0x00,0x00,0x00,0x1F,0x00,0x04,0x03,0x2A,0x00,0x10,0x00,
  0x05,0x00,0x00,0x00,0x02,0x00,0x00,0x01,0x15,0x00,0x00,0x01,0x2B,0x00,0x00,0x05,
  0x42,0x00,0x10,0x00,0x05,0x00,0x00,0x00,0x3A,0x00,0x10,0x00,0x03,0x00,0x00,0x00,
  0x38,0x00,0x00,0x07,0x32,0x00,0x10,0x00,0x07,0x00,0x00,0x00,0xA6,0x0A,0x10,0x00,
  0x05,0x00,0x00,0x00,0x46,0x00,0x10,0x00,0x05,0x00,0x00,0x00,0x32,0x20,0x00,0x0A,
  0x32,0x00,0x10,0x00,0x07,0x00,0x00,0x00,0x46,0x00,0x10,0x80,0x41,0x00,0x00,0x00,
  0x07,0x00,0x00,0x00,0xF6,0x0F,0x10,0x00,0x05,0x00,0x00,0x00,0x46,0x00,0x10,0x00,
  0x02,0x00,0x00,0x00,0x48,0x00,0x00,0x0B,0xF2,0x00,0x10,0x00,0x07,0x00,0x00,0x00,
  0x46,0x00,0x10,0x00,0x07,0x00,0x00,0x00,0x46,0x7E,0x10,0x00,0x00,0x00,0x00,0x00,
  0x00,0x60,0x10,0x00,0x00,0x00,0x00,0x00,0x01,0x40,0x00,0x00,0x00,0x00,0x00,0x00,
  0x10,0x00,0x00,0x0A,0x82,0x00,0x10,0x00,0x06,0x00,0x00,0x00,0x46,0x02,0x10,0x00,
  0x07,0x00,0x00,0x00,0x02,0x40,0x00,0x00,0x87,0x16,0x99,0x3E,0xA2,0x45,0x16,0x3F,
  0xD5,0x78,0xE9,0x3D,0x00,0x00,0x00,0x00,0x00,0x00,0x00,0x08,0x82,0x00,0x10,0x00,
  0x06,0x00,0x00,0x00,0x3A,0x00,0x10,0x80,0x41,0x00,0x00,0x00,0x00,0x00,0x00,0x00,
  0x3A,0x00,0x10,0x00,0x06,0x00,0x00,0x00,0x34,0x00,0x00,0x07,0x82,0x00,0x10,0x00,
  0x06,0x00,0x00,0x00,0x3A,0x00,0x10,0x00,0x06,0x00,0x00,0x00,0x01,0x40,0x00,0x00,
  0x00,0x00,0x00,0x00,0x38,0x00,0x00,0x07,0x72,0x00,0x10,0x00,0x07,0x00,0x00,0x00,
  0xF6,0x0F,0x10,0x00,0x06,0x00,0x00,0x00,0x46,0x02,0x10,0x00,0x07,0x00,0x00,0x00,
  0x1E,0x00,0x00,0x07,0x82,0x00,0x10,0x00,0x06,0x00,0x00,0x00,0x3A,0x00,0x10,0x00,
  0x02,0x00,0x00,0x00,0x01,0x40,0x00,0x00,0x01,0x00,0x00,0x00,0x2B,0x00,0x00,0x05,
  0x82,0x00,0x10,0x00,0x06,0x00,0x00,0x00,0x3A,0x00,0x10,0x00,0x06,0x00,0x00,0x00,
  0x0E,0x00,0x00,0x07,0x42,0x00,0x10,0x00,0x05,0x00,0x00,0x00,0x2A,0x00,0x10,0x00,
  0x05,0x00,0x00,0x00,0x3A,0x00,0x10,0x00,0x06,0x00,0x00,0x00,0x00,0x00,0x00,0x08,
  0x42,0x00,0x10,0x00,0x05,0x00,0x00,0x00,0x2A,0x00,0x10,0x80,0x41,0x00,0x00,0x00,
  0x05,0x00,0x00,0x00,0x01,0x40,0x00,0x00,0x00,0x00,0x80,0x3F,0x32,0x00,0x00,0x09,
  0x72,0x00,0x10,0x00,0x06,0x00,0x00,0x00,0x46,0x02,0x10,0x00,0x07,0x00,0x00,0x00,
  0xA6,0x0A,0x10,0x00,0x05,0x00,0x00,0x00,0x46,0x02,0x10,0x00,0x06,0x00,0x00,0x00,
  0x1E,0x00,0x00,0x07,0x82,0x00,0x10,0x00,0x03,0x00,0x00,0x00,0x3A,0x00,0x10,0x00,
  0x03,0x00,0x00,0x00,0x01,0x40,0x00,0x00,0x01,0x00,0x00,0x00,0x16,0x00,0x00,0x01,
  0x00,0x00,0x00,0x07,0x82,0x00,0x10,0x00,0x00,0x00,0x00,0x00,0x1A,0x00,0x10,0x00,
  0x00,0x00,0x00,0x00,0x01,0x40,0x00,0x00,0x00,0x00,0x80,0x3F,0x32,0x20,0x00,0x09,
  0x72,0x00,0x10,0x00,0x04,0x00,0x00,0x00,0x46,0x02,0x10,0x00,0x06,0x00,0x00,0x00,
  0xF6,0x0F,0x10,0x00,0x00,0x00,0x00,0x00,0x46,0x02,0x10,0x00,0x04,0x00,0x00,0x00,
  0x12,0x00,0x00,0x01,0x20,0x00,0x00,0x07,0x82,0x00,0x10,0x00,0x00,0x00,0x00,0x00,
  0x0A,0x00,0x10,0x00,0x00,0x00,0x00,0x00,0x01,0x40,0x00,0x00,0x45,0x00,0x00,0x00,
  0x1F,0x00,0x04,0x03,0x3A,0x00,0x10,0x00,0x00,0x00,0x00,0x00,0x32,0x00,0x00,0x0F,
  0x32,0x00,0x10,0x00,0x05,0x00,0x00,0x00,0x96,0x05,0x10,0x00,0x00,0x00,0x00,0x00,
  0x02,0x40,0x00,0x00,0x00,0x00,0x20,0x41,0x00,0x00,0x80,0x40,0x00,0x00,0x00,0x00,
  0x00,0x00,0x00,0x00,0x02,0x40,0x00,0x00,0x00,0x00,0x80,0x40,0x00,0x00,0x80,0x3F,
  0x00,0x00,0x00,0x00,0x00,0x00,0x00,0x00,0x38,0x00,0x00,0x08,0x12,0x00,0x10,0x00,
  0x06,0x00,0x00,0x00,0x0A,0x00,0x10,0x00,0x05,0x00,0x00,0x00,0x2A,0x80,0x20,0x00,
  0x00,0x00,0x00,0x00,0x00,0x00,0x00,0x00,0x36,0x00,0x00,0x05,0x42,0x00,0x10,0x00,
  0x06,0x00,0x00,0x00,0x01,0x40,0x00,0x00,0x00,0x00,0x00,0x00,0x00,0x20,0x00,0x07,
  0xC2,0x00,0x10,0x00,0x05,0x00,0x00,0x00,0x06,0x04,0x10,0x00,0x02,0x00,0x00,0x00,
  0x06,0x08,0x10,0x00,0x06,0x00,0x00,0x00,0x48,0x00,0x00,0x0B,0xF2,0x00,0x10,0x00,
  0x06,0x00,0x00,0x00,0xE6,0x0A,0x10,0x00,0x05,0x00,0x00,0x00,0x46,0x7E,0x10,0x00,
  0x00,0x00,0x00,0x00,0x00,0x60,0x10,0x00,0x00,0x00,0x00,0x00,0x01,0x40,0x00,0x00,
  0x00,0x00,0x00,0x00,0x32,0x20,0x00,0x0B,0x32,0x00,0x10,0x00,0x05,0x00,0x00,0x00,
  0xE6,0x8A,0x20,0x80,0x41,0x00,0x00,0x00,0x00,0x00,0x00,0x00,0x00,0x00,0x00,0x00,
  0x46,0x00,0x10,0x00,0x05,0x00,0x00,0x00,0x46,0x00,0x10,0x00,0x02,0x00,0x00,0x00,
  0x48,0x00,0x00,0x0B,0xF2,0x00,0x10,0x00,0x05,0x00,0x00,0x00,0x46,0x00,0x10,0x00,
  0x05,0x00,0x00,0x00,0x46,0x7E,0x10,0x00,0x00,0x00,0x00,0x00,0x00,0x60,0x10,0x00,
  0x00,0x00,0x00,0x00,0x01,0x40,0x00,0x00,0x00,0x00,0x00,0x00,0x38,0x20,0x00,0x07,
  0x22,0x00,0x10,0x00,0x04,0x00,0x00,0x00,0x1A,0x00,0x10,0x00,0x04,0x00,0x00,0x00,
  0x01,0x40,0x00,0x00,0x66,0x66,0x66,0x3F,0x36,0x20,0x00,0x05,0x12,0x00,0x10,0x00,
  0x04,0x00,0x00,0x00,0x0A,0x00,0x10,0x00,0x06,0x00,0x00,0x00,0x36,0x20,0x00,0x05,
  0x42,0x00,0x10,0x00,0x04,0x00,0x00,0x00,0x2A,0x00,0x10,0x00,0x05,0x00,0x00,0x00,
  0x12,0x00,0x00,0x01,0x20,0x00,0x00,0x07,0x82,0x00,0x10,0x00,0x00,0x00,0x00,0x00,
  0x0A,0x00,0x10,0x00,0x00,0x00,0x00,0x00,0x01,0x40,0x00,0x00,0x46,0x00,0x00,0x00,
  0x1F,0x00,0x04,0x03,0x3A,0x00,0x10,0x00,0x00,0x00,0x00,0x00,0x00,0x00,0x00,0x0A,
  0x32,0x00,0x10,0x00,0x05,0x00,0x00,0x00,0x46,0x00,0x10,0x00,0x02,0x00,0x00,0x00,
  0x02,0x40,0x00,0x00,0x00,0x00,0x00,0xBF,0x00,0x00,0x00,0xBF,0x00,0x00,0x00,0x00,
  0x00,0x00,0x00,0x00,0x0F,0x00,0x00,0x07,0x82,0x00,0x10,0x00,0x00,0x00,0x00,0x00,
  0x46,0x00,0x10,0x00,0x05,0x00,0x00,0x00,0x46,0x00,0x10,0x00,0x05,0x00,0x00,0x00,
  0x4B,0x00,0x00,0x05,0x82,0x00,0x10,0x00,0x00,0x00,0x00,0x00,0x3A,0x00,0x10,0x00,
  0x00,0x00,0x00,0x00,0x32,0x00,0x00,0x09,0x42,0x00,0x10,0x00,0x00,0x00,0x00,0x00,
  0x2A,0x00,0x10,0x00,0x00,0x00,0x00,0x00,0x01,0x40,0x00,0x00,0x9A,0x99,0x99,0x3F,
  0x01,0x40,0x00,0x00,0x9A,0x99,0x99,0x3F,0x38,0x00,0x00,0x07,0x42,0x00,0x10,0x00,
  0x00,0x00,0x00,0x00,0x2A,0x00,0x10,0x00,0x00,0x00,0x00,0x00,0x3A,0x00,0x10,0x00,
  0x00,0x00,0x00,0x00,0x33,0x00,0x00,0x07,0x42,0x00,0x10,0x00,0x00,0x00,0x00,0x00,
  0x2A,0x00,0x10,0x00,0x00,0x00,0x00,0x00,0x01,0x40,0x00,0x00,0x00,0x00,0x80,0x3F,
  0x38,0x00,0x00,0x0A,0x72,0x00,0x10,0x00,0x05,0x00,0x00,0x00,0x46,0x02,0x10,0x00,
  0x04,0x00,0x00,0x00,0x02,0x40,0x00,0x00,0x33,0x33,0x73,0x3F,0x33,0x33,0x73,0x3F,
  0x33,0x33,0x73,0x3F,0x00,0x00,0x00,0x00,0x32,0x00,0x00,0x09,0x82,0x00,0x10,0x00,
  0x00,0x00,0x00,0x00,0x1A,0x00,0x10,0x00,0x00,0x00,0x00,0x00,0x01,0x40,0x00,0x00,
  0x00,0x00,0x00,0x3F,0x01,0x40,0x00,0x00,0xCD,0xCC,0xCC,0x3E,0x38,0x00,0x00,0x07,
  0x82,0x00,0x10,0x00,0x00,0x00,0x00,0x00,0x3A,0x00,0x10,0x00,0x00,0x00,0x00,0x00,
  0x2A,0x00,0x10,0x00,0x00,0x00,0x00,0x00,0x32,0x00,0x00,0x10,0x72,0x00,0x10,0x00,
  0x06,0x00,0x00,0x00,0x46,0x02,0x10,0x80,0x41,0x00,0x00,0x00,0x04,0x00,0x00,0x00,
  0x02,0x40,0x00,0x00,0x33,0x33,0x73,0x3F,0x33,0x33,0x73,0x3F,0x33,0x33,0x73,0x3F,
  0x00,0x00,0x00,0x00,0x02,0x40,0x00,0x00,0x85,0xEB,0x51,0x3F,0xF6,0x28,0x5C,0x3F,
  0x66,0x66,0x66,0x3F,0x00,0x00,0x00,0x00,0x32,0x00,0x00,0x09,0x72,0x00,0x10,0x00,
  0x05,0x00,0x00,0x00,0xF6,0x0F,0x10,0x00,0x00,0x00,0x00,0x00,0x46,0x02,0x10,0x00,
  0x06,0x00,0x00,0x00,0x46,0x02,0x10,0x00,0x05,0x00,0x00,0x00,0x32,0x20,0x00,0x0C,
  0x72,0x00,0x10,0x00,0x04,0x00,0x00,0x00,0xA6,0x0A,0x10,0x00,0x00,0x00,0x00,0x00,
  0x02,0x40,0x00,0x00,0x0A,0xD7,0x23,0x3D,0x0A,0xD7,0x23,0x3D,0x0A,0xD7,0x23,0x3D,
  0x00,0x00,0x00,0x00,0x46,0x02,0x10,0x00,0x05,0x00,0x00,0x00,0x12,0x00,0x00,0x01,
  0x20,0x00,0x00,0x07,0x42,0x00,0x10,0x00,0x00,0x00,0x00,0x00,0x0A,0x00,0x10,0x00,
  0x00,0x00,0x00,0x00,0x01,0x40,0x00,0x00,0x47,0x00,0x00,0x00,0x1F,0x00,0x04,0x03,
  0x2A,0x00,0x10,0x00,0x00,0x00,0x00,0x00,0x36,0x00,0x00,0x08,0x52,0x00,0x10,0x00,
  0x05,0x00,0x00,0x00,0x02,0x40,0x00,0x00,0x00,0x00,0x00,0x00,0x00,0x00,0x00,0x00,
  0x00,0x00,0x00,0x00,0x00,0x00,0x00,0x00,0x36,0x00,0x00,0x07,0x22,0x00,0x10,0x00,
  0x05,0x00,0x00,0x00,0x3A,0x80,0x20,0x80,0x41,0x00,0x00,0x00,0x00,0x00,0x00,0x00,
  0x00,0x00,0x00,0x00,0x00,0x20,0x00,0x07,0xC2,0x00,0x10,0x00,0x00,0x00,0x00,0x00,
  0x06,0x04,0x10,0x00,0x02,0x00,0x00,0x00,0x06,0x04,0x10,0x00,0x05,0x00,0x00,0x00,
  0x48,0x00,0x00,0x0B,0xF2,0x00,0x10,0x00,0x06,0x00,0x00,0x00,0xE6,0x0A,0x10,0x00,
  0x00,0x00,0x00,0x00,0x46,0x7E,0x10,0x00,0x00,0x00,0x00,0x00,0x00,0x60,0x10,0x00,
  0x00,0x00,0x00,0x00,0x01,0x40,0x00,0x00,0x00,0x00,0x00,0x00,0x36,0x00,0x00,0x06,
  0x82,0x00,0x10,0x00,0x05,0x00,0x00,0x00,0x3A,0x80,0x20,0x00,0x00,0x00,0x00,0x00,
  0x00,0x00,0x00,0x00,0x00,0x20,0x00,0x07,0xC2,0x00,0x10,0x00,0x00,0x00,0x00,0x00,
  0x06,0x04,0x10,0x00,0x02,0x00,0x00,0x00,0xA6,0x0E,0x10,0x00,0x05,0x00,0x00,0x00,
  0x48,0x00,0x00,0x0B,0xF2,0x00,0x10,0x00,0x05,0x00,0x00,0x00,0xE6,0x0A,0x10,0x00,
  0x00,0x00,0x00,0x00,0x46,0x7E,0x10,0x00,0x00,0x00,0x00,0x00,0x00,0x60,0x10,0x00,
  0x00,0x00,0x00,0x00,0x01,0x40,0x00,0x00,0x00,0x00,0x00,0x00,0x36,0x00,0x00,0x07,
  0x12,0x00,0x10,0x00,0x07,0x00,0x00,0x00,0x2A,0x80,0x20,0x80,0x41,0x00,0x00,0x00,
  0x00,0x00,0x00,0x00,0x00,0x00,0x00,0x00,0x36,0x00,0x00,0x08,0xA2,0x00,0x10,0x00,
  0x07,0x00,0x00,0x00,0x02,0x40,0x00,0x00,0x00,0x00,0x00,0x00,0x00,0x00,0x00,0x00,
  0x00,0x00,0x00,0x00,0x00,0x00,0x00,0x00,0x00,0x20,0x00,0x07,0xC2,0x00,0x10,0x00,
  0x00,0x00,0x00,0x00,0x06,0x04,0x10,0x00,0x02,0x00,0x00,0x00,0x06,0x04,0x10,0x00,
  0x07,0x00,0x00,0x00,0x48,0x00,0x00,0x0B,0xF2,0x00,0x10,0x00,0x08,0x00,0x00,0x00,
  0xE6,0x0A,0x10,0x00,0x00,0x00,0x00,0x00,0x46,0x7E,0x10,0x00,0x00,0x00,0x00,0x00,
  0x00,0x60,0x10,0x00,0x00,0x00,0x00,0x00,0x01,0x40,0x00,0x00,0x00,0x00,0x00,0x00,
  0x36,0x00,0x00,0x06,0x42,0x00,0x10,0x00,0x07,0x00,0x00,0x00,0x2A,0x80,0x20,0x00,
  0x00,0x00,0x00,0x00,0x00,0x00,0x00,0x00,0x00,0x20,0x00,0x07,0xC2,0x00,0x10,0x00,
  0x00,0x00,0x00,0x00,0x06,0x04,0x10,0x00,0x02,0x00,0x00,0x00,0xA6,0x0E,0x10,0x00,
  0x07,0x00,0x00,0x00,0x48,0x00,0x00,0x0B,0xF2,0x00,0x10,0x00,0x07,0x00,0x00,0x00,
  0xE6,0x0A,0x10,0x00,0x00,0x00,0x00,0x00,0x46,0x7E,0x10,0x00,0x00,0x00,0x00,0x00,
  0x00,0x60,0x10,0x00,0x00,0x00,0x00,0x00,0x01,0x40,0x00,0x00,0x00,0x00,0x00,0x00,
  0x32,0x00,0x00,0x09,0x22,0x00,0x10,0x00,0x00,0x00,0x00,0x00,0x1A,0x00,0x10,0x00,
  0x00,0x00,0x00,0x00,0x01,0x40,0x00,0x00,0x00,0x00,0xC0,0x40,0x01,0x40,0x00,0x00,
  0x00,0x00,0xA0,0x40,0x32,0x00,0x00,0x0A,0xE2,0x00,0x10,0x00,0x00,0x00,0x00,0x00,
  0x06,0x09,0x10,0x00,0x04,0x00,0x00,0x00,0x56,0x05,0x10,0x00,0x00,0x00,0x00,0x00,
  0x06,0x09,0x10,0x80,0x41,0x00,0x00,0x00,0x06,0x00,0x00,0x00,0x00,0x00,0x00,0x08,
  0xE2,0x00,0x10,0x00,0x00,0x00,0x00,0x00,0x06,0x09,0x10,0x80,0x41,0x00,0x00,0x00,
  0x05,0x00,0x00,0x00,0x56,0x0E,0x10,0x00,0x00,0x00,0x00,0x00,0x00,0x00,0x00,0x08,
  0xE2,0x00,0x10,0x00,0x00,0x00,0x00,0x00,0x06,0x09,0x10,0x80,0x41,0x00,0x00,0x00,
  0x08,0x00,0x00,0x00,0x56,0x0E,0x10,0x00,0x00,0x00,0x00,0x00,0x00,0x20,0x00,0x08,
  0x72,0x00,0x10,0x00,0x04,0x00,0x00,0x00,0x46,0x02,0x10,0x80,0x41,0x00,0x00,0x00,
  0x07,0x00,0x00,0x00,0x96,0x07,0x10,0x00,0x00,0x00,0x00,0x00,0x15,0x00,0x00,0x01,
  0x15,0x00,0x00,0x01,0x15,0x00,0x00,0x01,0x15,0x00,0x00,0x01,0x15,0x00,0x00,0x01,
  0x15,0x00,0x00,0x01,0x15,0x00,0x00,0x01,0x15,0x00,0x00,0x01,0x15,0x00,0x00,0x01,
  0x15,0x00,0x00,0x01,0x15,0x00,0x00,0x01,0x15,0x00,0x00,0x01,0x15,0x00,0x00,0x01,
  0x15,0x00,0x00,0x01,0x15,0x00,0x00,0x01,0x15,0x00,0x00,0x01,0x15,0x00,0x00,0x01,
  0x15,0x00,0x00,0x01,0x15,0x00,0x00,0x01,0x15,0x00,0x00,0x01,0x15,0x00,0x00,0x01,
  0x15,0x00,0x00,0x01,0x15,0x00,0x00,0x01,0x15,0x00,0x00,0x01,0x15,0x00,0x00,0x01,
  0x15,0x00,0x00,0x01,0x15,0x00,0x00,0x01,0x15,0x00,0x00,0x01,0x15,0x00,0x00,0x01,
  0x15,0x00,0x00,0x01,0x15,0x00,0x00,0x01,0x15,0x00,0x00,0x01,0x15,0x00,0x00,0x01,
  0x15,0x00,0x00,0x01,0x15,0x00,0x00,0x01,0x15,0x00,0x00,0x01,0x15,0x00,0x00,0x01,
  0x15,0x00,0x00,0x01,0x15,0x00,0x00,0x01,0x15,0x00,0x00,0x01,0x15,0x00,0x00,0x01,
  0x15,0x00,0x00,0x01,0x15,0x00,0x00,0x01,0x15,0x00,0x00,0x01,0x15,0x00,0x00,0x01,
  0x15,0x00,0x00,0x01,0x15,0x00,0x00,0x01,0x15,0x00,0x00,0x01,0x15,0x00,0x00,0x01,
  0x15,0x00,0x00,0x01,0x15,0x00,0x00,0x01,0x15,0x00,0x00,0x01,0x15,0x00,0x00,0x01,
  0x15,0x00,0x00,0x01,0x15,0x00,0x00,0x01,0x3C,0x00,0x00,0x07,0x22,0x00,0x10,0x00,
  0x00,0x00,0x00,0x00,0x2A,0x00,0x10,0x00,0x01,0x00,0x00,0x00,0x0A,0x00,0x10,0x00,
  0x01,0x00,0x00,0x00,0x3C,0x00,0x00,0x07,0x22,0x00,0x10,0x00,0x00,0x00,0x00,0x00,
  0x3A,0x00,0x10,0x00,0x01,0x00,0x00,0x00,0x1A,0x00,0x10,0x00,0x00,0x00,0x00,0x00,
  0x20,0x00,0x00,0x0A,0xF2,0x00,0x10,0x00,0x01,0x00,0x00,0x00,0x06,0x00,0x10,0x00,
  0x00,0x00,0x00,0x00,0x02,0x40,0x00,0x00,0x13,0x00,0x00,0x00,0x1A,0x00,0x00,0x00,
  0x31,0x00,0x00,0x00,0x37,0x00,0x00,0x00,0x3C,0x00,0x00,0x07,0x22,0x00,0x10,0x00,
  0x00,0x00,0x00,0x00,0x1A,0x00,0x10,0x00,0x00,0x00,0x00,0x00,0x0A,0x00,0x10,0x00,
  0x01,0x00,0x00,0x00,0x3C,0x00,0x00,0x07,0x22,0x00,0x10,0x00,0x00,0x00,0x00,0x00,
  0x1A,0x00,0x10,0x00,0x01,0x00,0x00,0x00,0x1A,0x00,0x10,0x00,0x00,0x00,0x00,0x00,
  0x3C,0x00,0x00,0x07,0x22,0x00,0x10,0x00,0x00,0x00,0x00,0x00,0x2A,0x00,0x10,0x00,
  0x01,0x00,0x00,0x00,0x1A,0x00,0x10,0x00,0x00,0x00,0x00,0x00,0x3C,0x00,0x00,0x07,
  0x22,0x00,0x10,0x00,0x00,0x00,0x00,0x00,0x3A,0x00,0x10,0x00,0x01,0x00,0x00,0x00,
  0x1A,0x00,0x10,0x00,0x00,0x00,0x00,0x00,0x20,0x00,0x00,0x0A,0xF2,0x00,0x10,0x00,
  0x01,0x00,0x00,0x00,0x06,0x00,0x10,0x00,0x00,0x00,0x00,0x00,0x02,0x40,0x00,0x00,
  0x38,0x00,0x00,0x00,0x39,0x00,0x00,0x00,0x3A,0x00,0x00,0x00,0x3D,0x00,0x00,0x00,
  0x3C,0x00,0x00,0x07,0x22,0x00,0x10,0x00,0x00,0x00,0x00,0x00,0x1A,0x00,0x10,0x00,
  0x00,0x00,0x00,0x00,0x0A,0x00,0x10,0x00,0x01,0x00,0x00,0x00,0x3C,0x00,0x00,0x07,
  0x22,0x00,0x10,0x00,0x00,0x00,0x00,0x00,0x1A,0x00,0x10,0x00,0x01,0x00,0x00,0x00,
  0x1A,0x00,0x10,0x00,0x00,0x00,0x00,0x00,0x3C,0x00,0x00,0x07,0x22,0x00,0x10,0x00,
  0x00,0x00,0x00,0x00,0x2A,0x00,0x10,0x00,0x01,0x00,0x00,0x00,0x1A,0x00,0x10,0x00,
  0x00,0x00,0x00,0x00,0x3C,0x00,0x00,0x07,0x22,0x00,0x10,0x00,0x00,0x00,0x00,0x00,
  0x3A,0x00,0x10,0x00,0x01,0x00,0x00,0x00,0x1A,0x00,0x10,0x00,0x00,0x00,0x00,0x00,
  0x20,0x00,0x00,0x0A,0x52,0x00,0x10,0x00,0x00,0x00,0x00,0x00,0x06,0x00,0x10,0x00,
  0x00,0x00,0x00,0x00,0x02,0x40,0x00,0x00,0x43,0x00,0x00,0x00,0x00,0x00,0x00,0x00,
  0x44,0x00,0x00,0x00,0x00,0x00,0x00,0x00,0x3C,0x00,0x00,0x07,0x12,0x00,0x10,0x00,
  0x00,0x00,0x00,0x00,0x0A,0x00,0x10,0x00,0x00,0x00,0x00,0x00,0x1A,0x00,0x10,0x00,
  0x00,0x00,0x00,0x00,0x3C,0x00,0x00,0x07,0x12,0x00,0x10,0x00,0x00,0x00,0x00,0x00,
  0x2A,0x00,0x10,0x00,0x00,0x00,0x00,0x00,0x0A,0x00,0x10,0x00,0x00,0x00,0x00,0x00,
  0x32,0x00,0x00,0x09,0x22,0x00,0x10,0x00,0x00,0x00,0x00,0x00,0x2A,0x00,0x10,0x00,
  0x02,0x00,0x00,0x00,0x01,0x40,0x00,0x00,0x66,0x66,0x26,0x3F,0x01,0x40,0x00,0x00,
  0x33,0x33,0xB3,0x3E,0x00,0x00,0x00,0x08,0x72,0x00,0x10,0x00,0x01,0x00,0x00,0x00,
  0x46,0x02,0x10,0x80,0x41,0x00,0x00,0x00,0x03,0x00,0x00,0x00,0x46,0x02,0x10,0x00,
  0x04,0x00,0x00,0x00,0x32,0x00,0x00,0x09,0xE2,0x00,0x10,0x00,0x00,0x00,0x00,0x00,
  0x56,0x05,0x10,0x00,0x00,0x00,0x00,0x00,0x06,0x09,0x10,0x00,0x01,0x00,0x00,0x00,
  0x06,0x09,0x10,0x00,0x03,0x00,0x00,0x00,0x37,0x00,0x00,0x09,0x72,0x20,0x10,0x00,
  0x00,0x00,0x00,0x00,0x06,0x00,0x10,0x00,0x00,0x00,0x00,0x00,0x96,0x07,0x10,0x00,
  0x00,0x00,0x00,0x00,0x46,0x02,0x10,0x00,0x04,0x00,0x00,0x00,0x36,0x00,0x00,0x05,
  0x82,0x20,0x10,0x00,0x00,0x00,0x00,0x00,0x3A,0x00,0x10,0x00,0x04,0x00,0x00,0x00,
  0x3E,0x00,0x00,0x01,0x53,0x54,0x41,0x54,0x74,0x00,0x00,0x00,0x4B,0x05,0x00,0x00,
  0x11,0x00,0x00,0x00,0x00,0x00,0x00,0x00,0x02,0x00,0x00,0x00,0x06,0x03,0x00,0x00,
  0x6E,0x00,0x00,0x00,0x19,0x00,0x00,0x00,0x4C,0x00,0x00,0x00,0x53,0x00,0x00,0x00,
  0x00,0x00,0x00,0x00,0x00,0x00,0x00,0x00,0x00,0x00,0x00,0x00,0x00,0x00,0x00,0x00,
  0x00,0x00,0x00,0x00,0x00,0x00,0x00,0x00,0x48,0x00,0x00,0x00,0x00,0x00,0x00,0x00,
  0x00,0x00,0x00,0x00,0x00,0x00,0x00,0x00,0x4F,0x00,0x00,0x00,0x14,0x00,0x00,0x00,
  0x2C,0x00,0x00,0x00,0x00,0x00,0x00,0x00,0x00,0x00,0x00,0x00,0x00,0x00,0x00,0x00,
  0x00,0x00,0x00,0x00,0x00,0x00,0x00,0x00,0x00,0x00,0x00,0x00,0x00,0x00,0x00,0x00
};
