SC-55 キャピタル

prog 0
@0
2 6 0 0
31  3  1  1  2  39 2  1 3 0
31  3  2  1  1  38 3  3 4 0
25  3  2  1  1  55 3  8 0 0
22  5  2  3  4   8 2  1 7 0

prog 1
@1
2 7 0 0
28  8  4  3  1  40 2  1 3 0
28  0  1  3  0  40 3  3 3 0
28  4  0  3  5  55 3  9 0 0
26  6  4  4  1   7 2  1 0 0

prog 2
@2
1 7 0 0
30  5  2  1  1  37 1  1 0 0
30  5  2  1  1  38 2  3 3 0
22  8  5  1  1  46 3 10 7 0
22  6  2  6 10   3 2  1 7 0

prog 3
@3
4 7 0 -24
24 16  0  1  1  28 0  8 3 1
24 16  0  1  1  26 0 12 7 1
25 10  5  7  3   8 0  4 7 1
31 10  5  7  3   8 1  4 3 1

prog 4
@4
4 4 0 0
31 31  6  1  2  50 1 13 0 0
31  0  0  1  0  40 0  1 3 0
31 12  7  5  3   9 1  1 0 0
31 12  7  5  3   9 1  1 3 0

prog 5
@5
4 7 0 0
28 31  6  1  2  36 0 10 3 0
28  0  0  1  0  32 2  1 7 0
26 12  6  5  3  14 1  1 3 0
26 11  7  4  3  14 1  1 7 0

prog 6
@6
1 7 0 0
31  2  7  7 15  38 0 12 4 0
31  2  7  6  3  30 0  1 1 0
31 12  7  6  3  45 2 12 7 0
31  9  7  6  3   3 2  3 1 0

prog 7
@7
5 7 0 0
31  3  1  3  0  30 0  4 4 0
31  8  0  5 15  14 0  3 4 0
31  8  0  5 15  14 0  2 4 0
31  8 10  5 15  14 0  1 4 0

prog 8
@8
7 0 0 -12
31 12  8  4  5  23 2 14 7 0
31 12  8  4  5  23 2 14 3 0
31 15  7  4  3   8 0  2 3 0
31 15  7  4  3   8 0  2 7 0

prog 9
@9
6 7 0 0
31 21  4  1  6  16 1 14 7 0
26 21 12  5  6   8 1 11 3 0
26 13  9  5  3   8 1  3 7 0
26 16  9  5  3   8 1  2 3 0

prog 10
@10
6 7 0 0
13 12  8  3  4  28 1 12 7 0
28 12  0  4  4   9 1  2 3 0
26  8  7  5  3  15 2  8 7 0
26  8  4  5  3   5 1  1 3 0

prog 11
@11
6 6 0 0
31 13 11  1  3  43 1  2 0 0
31 14 10  4  3   8 1  4 7 0
31 10 10  5  3  13 1  1 3 1
31 16 14  4 13  20 1 15 4 0

prog 12
@12
4 7 0 12
24 17  0  5 15  27 1  4 3 0
24 20  0  5 15  40 1  6 7 0
24  4  0  6 15  11 3  0 3 0
24 11  6  6  5  11 2  2 7 0

prog 13
@13
4 4 0 0
23 20 11  6 15  30 0  7 4 0
22 16 11  6 15  30 0  3 4 0
24 21 12  6  5   8 0  3 4 0
24 16 12  6  5   8 0  4 4 0

prog 14
@14
4 5 0 -12
22  5 30  4 15  30 0  7 7 0
22  6 30  4  8  30 0  7 3 0
24  3 31  4 12  12 0  2 3 0
19  2 31  4  9  12 0  2 7 0

prog 15
@15
1 7 0 0
31  6  8  1  0  27 1  9 3 0
31 12  6  1  0  40 2  3 2 0
19 10 14  1  0  32 2  4 3 0
31  9  4  5  0   3 2  1 3 0

prog 16
@16
5 7 0 0
31 18  0  7  2  40 3  5 0 0
20 15  4  7  0  27 1  8 3 0
20  4  1  7  0  19 0  3 1 0
20 15  1  7  0   7 0  1 4 0

prog 17
@17
6 3 0 -12
31  0  0  4  1  33 0  2 0 0
31 12  0  7  1  14 0  4 7 0
31  0  0  7  1  14 0  1 3 0
31 16  0  7  6  14 1  8 3 0

prog 18
@18
6 2 0 -12
31 14  0  4  3  10 3  1 7 1
20 15  4  6  0  16 1  4 4 1
20  4  1  6  0  14 0  2 7 1
29 13  1  7  4   6 0  6 3 1

prog 19
@19
6 7 0 -12
31  0  0  5  0  33 0  4 7 0
13  0  0  5  0  11 0  2 3 0
13  0  0  5  0  15 0  4 3 0
13  0  0  5  0  16 0  1 7 0

prog 20
@20
6 7 0 0
18  0  0  7  0  35 0  6 3 0
18  2  1  7  3  13 0  3 0 0
18  2  1  7  3  13 0  2 3 0
18  2  1  7  3  13 0  1 7 0

prog 21
@21
4 7 0 0
14  0  0  1  0  27 0  4 3 0
14  0  0  1  0  30 0  1 7 0
14 16  0  6  2   7 0  2 3 0
14 16  0  6  2   7 0  2 7 0

prog 22
@22
0 7 0 0
20  5  0  5  9  37 3 10 3 0
16  2  0  5  0  42 1  1 5 0
20  8  0  5  0  49 0 10 4 0
14  8  0  6  1   3 0  2 4 1

prog 23
@23
5 7 0 0
15  3  0  5  1  34 0  4 0 0
15  0  1  6  1  14 0  1 0 0
15  0  0  6  1  14 2  2 0 0
15  6  3  6  4  14 2  2 0 0

prog 24
@24
1 4 0 0
31 11  6  1  2  43 1  7 4 0
31  7  6  1  5  39 1  1 4 0
31  7  5  1  5  35 1  2 4 0
31 13  6  5  1   4 1  1 4 0

prog 25
@25
1 7 0 0
31 10  8  4  2  34 2 13 4 0
31  9  8  4  2  38 0  1 4 0
31  9  7  4  2  36 0  2 4 0
31  4  2  5  2   4 1  1 4 0

prog 26
@26
0 6 0 0
30 15  4  4 15  33 2  4 0 0
28  4  4  4  2  40 2  1 4 0
24 10  4  4  2  39 2  6 3 0
28  7  4  6  2   7 1  1 3 0

prog 27
@27
0 7 0 0
28 11  8  5  2  32 1 12 4 0
31  9  6  5  1  22 2  1 4 0
31 10  8  5  3  48 2 15 4 0
26 15  7  7  1   5 1  4 4 0

prog 28
@28
5 7 0 0
31 20 10  8  5  13 1  1 4 0
31 11 13  7 15  16 2  2 4 0
31 11 13  7 15  16 0  2 0 0
31 11 13  7 15  16 0  2 0 0

prog 29
@29
0 7 0 0
16 22 10  3  4  17 0  3 4 0
26  0  0  5  0  22 0  1 5 0
21 11  5  5  2  29 1  2 1 0
31  0  0  7  0   6 0  1 3 0

prog 30
@30
0 5 0 0
18 18  0  4  0   0 0  3 3 0
18 18  1  3  2  13 1  1 3 0
21 21  0  3  4  30 1 15 7 0
31 31  3  6  0   8 0  5 7 0

prog 31
@31
2 7 0 0
18 18  0  6  5   7 1  8 3 0
18 28  0  6  3  33 0  8 1 0
24  9  2  6  7  20 2 12 6 0
24 28  0  6  1   0 0  4 7 0

prog 32
@32
0 4 0 12
31 19  5  6 14  36 0  6 4 0
31  6  5  6 13  40 0  0 0 0
31 12  5  6 13  44 1  2 0 0
31  7  5  7 13   4 1  1 1 0

prog 33
@33
3 7 0 12
31 16 12  4  2  14 0  8 4 0
24  8  4  4  6  20 1  0 4 0
31 14 13  4  1  55 0 15 4 0
31 10  4  6  0   0 0  0 4 0

prog 34
@34
3 7 0 12
25 16 14  7 15  40 0  7 1 0
30 21  0  8  5  14 0  0 1 0
30 12  0  6  3  46 0  1 7 0
30  8  8  7  1   2 0  1 0 0

prog 35
@35
4 5 0 0
24 16  0  1  4  20 0  1 3 0
31  0  0  1  0  36 0  2 3 0
31 11  3  5  2   8 0  2 7 0
31  0  3  5  0   8 0  1 7 0

prog 36
@36
3 3 0 12
31 14  4  4  6  25 0 11 0 0
31 20  0  4  5  12 0  0 0 0
31 12  0  4  3  40 0  2 0 0
31 12  6  7  1   7 0  0 0 0

prog 37
@37
2 0 0 12
31 21  0  1  5  18 0  0 0 0
31 14  0  1  9  40 0  3 0 0
31 16  0  1  5  20 0 14 0 0
31  0  0  7  0   6 0  1 0 0

prog 38
@38
5 5 0 0
16 14  1  6  4  15 2  1 0 0
31 16  4  7  1   9 0  2 0 0
31 16  4  7  1   9 0  2 0 0
31 16  4  7  1   9 0  2 0 0

prog 39
@39
1 7 0 12
31 12  8  5  1  34 1  1 3 0
31 10  8  5  2  26 0  0 4 0
26 21  9  8  6  30 2  9 3 0
31 18  6  7  1   3 1  1 3 0

prog 40
@40
2 7 0 0
20  0  0  3  0  35 0  1 3 0
28  0  0  3  0  46 0  2 0 0
25  0  0  3  0  34 0  5 3 0
13  0  0  6  0   4 0  1 0 1

prog 41
@41
2 6 0 0
20 10  0  5  1  28 1  1 6 0
20 13  0  6  2  42 1  2 7 0
20 11  0  8  5  24 1  5 6 0
13  4  0  6  0   4 1  1 7 0

prog 42
@42
3 2 0 0
31  1  1  1  1  35 3  7 0 0
22  0  2  1  1  38 0  2 1 0
20  0  1  1  1  37 1  1 1 0
14 20  1  6  1   4 1  2 3 0

prog 43
@43
3 5 0 0
29  1  0  3  1  28 1  1 0 0
29  1  0  2  1  36 0  3 3 0
29  1  0  3  1  40 3  5 0 0
17  0  0  6  0   3 1  1 4 0

prog 44
@44
4 6 0 -24
30  1  0  1  1  24 3  4 7 0
30  1  0  1  1  24 3  4 3 0
13  2  0  6  0  11 1  8 4 1
13  2  0  6  0  11 1  8 3 1

prog 45
@45
2 7 0 0
24 16  5  5  5  32 1  3 7 0
31 15  5  5  5  40 1  1 7 0
24 14  5  5  5  38 1  6 3 0
31 15  6  6  3   0 1  1 3 0

prog 46
@46
1 7 0 0
31 12  0  5 15  28 2  2 0 0
31  6  5  5  1  48 0  2 0 0
31 13  6  6  1  42 1  1 0 0
31 10  5  4  1   4 2  1 0 0

prog 47
@47
0 5 0 -24
31 10  7  5  2  27 0 11 3 0
31  4 10  5  1  48 0  3 0 0
30  5  9  5  2  30 0  7 7 0
31 12 12  5 13   0 0  4 0 0

prog 48
@48
4 7 0 -24
15  0  0  2  0  30 1  4 3 0
15  0  0  2  0  31 1  4 7 1
13  2  0  5  3  12 0  8 3 0
12  2  0  5  3  12 0  8 7 0

prog 49
@49
4 7 0 -24
11  8  0  2  0  31 0  4 3 0
11  8  0  2  0  31 0  4 7 0
10  8  1  4  1  14 0  8 3 1
10  8  1  4  1  14 0  8 7 1

prog 50
@50
4 0 0 -24
18  0  0  1  0  22 0  4 3 1
18  0  0  1  0  22 0  4 7 1
18  0  0  5  0  11 0  4 3 0
18  0  0  5  0  11 0  4 7 0

prog 51
@51
4 3 0 -24
13  7  0  1 10  14 2  4 7 0
21  1  0  1  1  33 0  4 3 0
21 31  0  5  0  12 0  8 7 0
21 31  0  5  0  10 0  8 3 0

prog 52
@52
7 6 0 -24
13  3  0  4  1  23 2  4 7 0
10  3  2  4  1  19 0  4 7 0
10  3  2  4  1  13 2  8 3 0
10  3  2  4  1  19 2  8 3 0

prog 53
@53
3 5 0 -12
24 19  2  5  6   7 2  6 3 0
28  4  2  3  9  51 1  4 1 1
28 21  9  3 13   4 2  8 1 0
18  0 11  6  9   4 2  2 0 1

prog 54
@54
6 7 0 -24
12 12  0  6 15  50 0  8 3 0
16 14  0  5  3  15 0 12 6 0
17  0  0  6  0  12 0  4 3 0
16  0  0  6  0  12 0  4 6 0

prog 55
@55
4 7 0 12
18 18  0  3  1  18 0  2 0 0
18 21  0 10  4   4 0  1 7 0
28 11  0  6 15   8 1  6 3 0
28 10  0  6 15   0 1  1 7 0

prog 56
@56
2 6 0 0
14 14  0  6  1  22 2  1 0 0
15 14  0  6  1  38 2  1 0 0
14 14  0  7 15  40 2  7 0 0
19  3  0  7  0   9 1  1 0 0

prog 57
@57
2 7 0 -12
13 14  0  3  1  28 2  2 0 0
14 14  0  3  1  35 2  1 7 0
13 14 12  8  8  49 3 15 7 0
19 10  3  5  1   3 1  4 3 0

prog 58
@58
4 7 0 0
14  2  0  4  1  27 1  1 7 0
14  2  0  4  1  33 1  1 7 0
31  4  0  6  0  10 1  1 0 0
31  4  0  6  0  10 1  1 0 0

prog 59
@59
5 7 0 0
16  8  6  5  1  21 0  1 1 0
14  8  0  6 15  13 0  3 0 0
14  8  0  7 15  13 0  3 0 0
14  8  0  7 15  13 0  3 0 0

prog 60
@60
4 7 0 -12
12  5  5  3  4  32 0  2 3 0
12  5  5  3  4  42 0  1 7 0
14  4  5  6  4   8 0  2 3 0
14  4  5  6  4   8 0  2 7 0

prog 61
@61
5 7 0 0
14 13  0  3  1  21 2  2 4 0
19  1  0  5  0  12 1  2 4 0
19  1  0  5  0  12 1  4 4 0
19  1  0  5  0  12 1  1 4 0

prog 62
@62
4 7 0 0
17  1  2  0 10  26 1  1 7 0
16  0  0  0  0  31 0  2 2 0
31  0  0  5  3   8 0  1 7 0
18  0  0  5  0   8 0  1 6 1

prog 63
@63
4 7 0 0
17  3  2  3  5  29 2  1 3 0
18  0  2  2  0  35 2  2 7 0
22  0  0  5  0   9 2  2 3 0
24  0  0  5  0   9 2  1 7 0

prog 64
@64
5 7 0 0
31  0  0  1  0  33 0  1 0 0
13  9  3  5  3  12 0  2 0 0
13  9  3  5  3  12 0  4 0 0
13  9  3  5  3  12 0  2 0 0

prog 65
@65
5 6 0 0
31  0  0  1  0  27 0  1 0 0
13  9  3  5  3  12 0  3 0 0
13  9  3  5  3  12 0  4 0 0
13  9  3  5  3  12 0  3 0 0

prog 66
@66
5 6 0 0
31  1  0  0  1  21 1  1 0 0
15  9  3  7  3  13 0  3 0 0
15  9  3  7  3  13 0  2 0 0
15  9  3  7  3  13 0  1 0 0

prog 67
@67
5 6 0 0
31  2  6  5  6  27 0  2 0 0
17  2  6  7  6  12 0  1 4 1
17  2  6  7  6  12 0  2 0 1
17  2  6  7  6  12 0  1 1 1

prog 68
@68
3 7 0 0
17 31  0  7  2  28 0  1 0 0
17 31  0  7  1  22 0  1 0 0
17 31  0  9  1  38 0  4 0 0
17 31  0  7  1   7 0  1 0 0

prog 69
@69
4 7 0 0
31 31  2  4  0  32 0  1 0 0
31 31  2  4  0  31 0  1 3 0
18  0  1  6  0   8 0  1 0 0
18  0  1  6  0   8 0  1 3 0

prog 70
@70
4 0 0 0
20  0  0  4  0  30 0  1 0 1
20  0  0  4  0  30 0  1 3 1
13  0  0  7  0   9 0  1 0 1
13  0  0  7  0   9 0  1 0 1

prog 71
@71
5 7 0 0
18 14  4  6  4  45 0  2 7 0
14  7  5  6  4  12 0  1 3 1
14  7  5  6  4  12 0  1 7 0
14  7  5  6  4  12 0  1 0 1

prog 72
@72
3 7 0 -12
28  5  3  5 14  42 3  6 7 0
14  2  0  5  2  48 3  2 3 0
11  7  0  5 15  51 1  4 4 0
10 16  0  6  1   0 2  2 0 1

prog 73
@73
3 7 0 0
31  9  3  5 14  40 3  2 0 0
16 11  0  5  2  45 3  1 6 0
20  7  0  5 15  41 1  2 3 0
11  4  0  7  0   3 2  1 3 1

prog 74
@74
4 0 0 -12
31 20 12  5 15  20 1  5 4 0
31  8  0  6  9  44 1  4 1 0
15  0 11  7  9   8 2  2 4 0
15  0 11  6  9   8 2  2 0 0

prog 75
@75
0 7 0 0
17  0  2  7 13  28 0 15 7 0
22  8  0  4  9  37 1  2 1 0
17 27  6  8  7  23 0 12 7 0
17  0  9  6  9   4 2  1 0 1

prog 76
@76
0 7 0 -12
17  0  2  3 13   7 2 15 3 0
31  8  0  5  9  51 1  4 1 0
31 25  7  7  9   1 1 12 1 0
18  0 11  6  9   7 2  2 0 0

prog 77
@77
3 7 0 0
17 19  2  5 10   1 1  2 7 0
15  3  0  7  9  42 1  1 3 0
31  9  8  7  9  54 1  4 7 0
16  0 11  6  9   3 2  1 3 0

prog 78
@78
4 0 0 0
31 28  0  0 15  40 0  2 3 0
31 28  0  0 15  40 2  2 3 0
10  8  4  6  2   3 2  1 3 1
10  8  4  6  2   3 3  1 1 1

prog 79
@79
6 0 0 0
19  4  0  6 15  72 0  6 4 0
19  4  0  6 15  13 0  1 4 0
19  4  0  6 15  13 0  1 0 0
19  4  0  6 15  13 0  1 0 0

prog 80
@80
4 7 0 0
31  0  0  7 15  26 2  2 3 0
31  0  0  7 15  30 2  2 0 0
31  0  0  7 15  19 0  1 3 0
31  0  0  7 15  19 0  1 0 0

prog 81
@81
5 7 0 0
31  0  0  0  0  23 0  1 3 0
31 15  4  7  2   7 0  2 3 0
31 15  4  7  2   7 0  2 3 1
31 15  4  7  2   7 0  2 3 0

prog 82
@82
4 7 0 0
31 14  0  1  3  13 0  2 7 0
31  0  0  1  0  30 0  2 3 0
15 16  0  6  2  10 0  1 7 0
15 16  0  5  2  10 0  1 3 0

prog 83
@83
5 7 0 0
18  0  0  5  0  34 0  2 3 0
14 10  4  6  1  13 0  2 0 0
14 10  4  6  1  13 0  1 3 0
14 10  4  6  1  13 0  2 3 0

prog 84
@84
0 7 0 0
18 19  0  3  4  10 1  5 3 0
18  1  0  3  3  20 3  1 3 0
19 21  0  3  7  25 1  2 0 0
29  3  0  7 15   3 2  3 7 0

prog 85
@85
6 0 0 0
31  0  0  0  0  19 0 13 7 0
13 15  0  4  3   3 2  2 3 1
13 12  0  4  3  21 2  5 7 0
13 15  0  4  3   4 2  3 7 1

prog 86
@86
4 5 0 -24
31  4  0  4 15  15 0  4 3 0
31  4  0  4 15  25 0  3 0 0
18  8  0  7 15   8 2  4 0 0
18  8  0  7 15   8 0  3 3 0

prog 87
@87
5 7 0 0
31  4  0  2  4  32 0  4 4 0
31  8  0  6  2  13 0  5 4 0
26  8  0  6  2  13 0  3 4 0
26  8  0  6  2  13 0  2 4 0

prog 88
@88
4 3 0 -12
18  6  9  1  4  46 2 15 7 0
23  1  6  4  3  36 1  2 3 1
26  6  7  4 10  10 2  4 7 1
23  7  6  5  3   4 1  2 3 1

prog 89
@89
4 7 0 -24
 4  0  0  1  0  39 2  4 7 0
 4  0  0  1  0  44 2  8 3 0
 9  5  1  4  1   8 0  4 7 1
 9  5  1  4  1   8 0  4 3 1

prog 90
@90
4 5 0 -12
14  0  0  2  0  20 1  2 3 0
25  0  0  2  0  20 1  2 7 0
22  2  0  5  3  14 0  4 3 0
22  2  0  5  3  14 0  4 7 0

prog 91
@91
6 7 0 -12
20 10  0  2  1  30 0 12 7 0
12  0  0  4  0   9 0  2 3 1
12  1  0  4  2  26 0 10 7 1
12  0  0  4  0   9 0  4 7 1

prog 92
@92
6 3 0 0
14  3  1  1  6  35 3  3 0 0
20 14  8  5  3  28 0  8 7 0
12  9  7  6  7  12 2  1 3 0
13  2  2  3  6  12 0  1 3 0

prog 93
@93
2 5 0 -12
31 18  7  0  2  21 2  2 3 0
31 18  0  0  2  30 0  2 7 0
31 15  0  6  2  29 1 10 3 0
10  3  0  3  2   4 0  2 7 1

prog 94
@94
4 5 0 -12
31  0  0  1  0  30 0  4 7 0
31  0  0  1  0  50 0  2 3 0
17  0  0  5  0  15 1  2 7 1
17  0  0  5  0   6 0  4 3 1

prog 95
@95
4 5 0 -24
 5  3  3  4  7  20 0  4 3 0
 5  3  3  4  7  20 0  4 7 0
 7  0  0  4  0   8 0  4 3 1
 7  0  0  4  0   8 0  4 7 1

prog 96
@96
4 7 0 0
31 18 14  7  3  40 0 12 0 0
31 18  5  5  4  19 0  1 3 0
31 10  8  5  1  18 0  2 0 0
25 12  0  5  3   5 0  1 7 0

prog 97
@97
4 2 0 -12
14  3  4  3 15  19 0  3 3 0
14  3  4  3 15  19 0  2 7 0
 8  3  0  3  2  14 0  3 7 0
 8  3  0  3  2  16 0  2 3 0

prog 98
@98
7 6 0 -24
27 14  6  3  3  19 0 10 3 0
27 14  4  3  3  19 0 10 7 0
15  8  4  3  3  11 0  4 3 0
15  8  4  3  3  11 1  4 7 0

prog 99
@99
1 7 0 0
31  2  0  4 15  30 1  5 5 0
31  4  5  4  1  39 0  2 5 0
31  3  6  5  1  33 1  1 5 0
31  7  8  5  1   3 1  1 5 1

prog 100
@100
4 7 0 -12
31  2  2  0  1  34 1 12 7 0
31  0  2  0  1  34 3  2 3 0
13  1  6  4  2  15 0  2 7 1
20  4  6  4  5   2 0  2 3 1

prog 101
@101
4 7 0 0
10  0  0  4  0  42 0  1 0 0
 2  0  0  3  0  15 0  0 3 0
10  0  0  3  0   2 0  1 7 1
 2  0  0  3  0  26 0  8 7 0

prog 102
@102
4 1 0 0
31  0  0  0  0  33 0  3 3 0
31  0  0  0  0  35 0  1 7 0
16 16  0  5  1   8 0  1 3 0
16  1  0  5  1   8 0  3 7 0

prog 103
@103
2 7 0 0
25 10  0  5  1  29 1  1 3 1
28 13  0  6  2  43 1  1 0 1
25 11  0  8  5  23 1  8 4 1
31  4  0  6  0   3 1  2 7 1

prog 104
@104
5 6 0 0
19  3  0  1  2  29 0  1 0 0
19 12 10  7 11  13 1 12 1 0
19 12  8  7 15  13 1  6 7 0
29  5  4  7  6  13 1  3 3 0

prog 105
@105
3 7 0 12
25 12 12  6 15  24 1  4 1 0
30  2  0  6  5  31 0  0 1 0
30 12  0  6  3  45 2  1 7 0
30 10 10  7  1   0 0  1 0 0

prog 106
@106
0 7 0 0
31 17  8  5  3  15 1  8 0 0
31 14  0  5  1  30 1  1 3 0
31 17  8  5  3  30 1  3 0 0
31 14  8  6  2   8 1  3 0 0

prog 107
@107
2 7 0 0
31  8  3  3  2  36 1  1 0 0
31  4  2  2  1  31 0  3 3 0
31  5  4  3  2  33 2  7 5 0
28 30  7  4  0  12 2  1 1 0

prog 108
@108
4 1 0 0
31 18 12  4 12  50 2 14 3 0
31 18 12  4 12  38 0  2 0 0
31 14 14  7  7  14 2  8 3 0
31 11  9  7  7  14 0  1 0 0

prog 109
@109
4 7 0 0
31  0  0  1  0  23 0  2 7 0
31 28  0  1  3  30 0 12 3 0
12 10  0  6  2  14 0  1 7 0
12 10  0  6  4  14 0  2 3 0

prog 110
@110
5 7 0 0
31  0  0  6 10  28 0  1 3 1
12  6  2  7 10  14 0  2 7 1
12  6  2  7 10  14 0  2 7 1
12  6  2  7 10  14 0  1 7 1

prog 111
@111
4 4 0 0
31  0  0  1  0  25 0  1 0 0
31  0  0  1  0  25 0  1 0 0
16  0  0  7  0  12 0  4 0 0
16  0  0  7  0  12 0  4 0 0

prog 112
@112
6 5 0 0
20  4  4  3  0  32 0 13 3 0
31  7  6  5 11  23 0  5 3 0
31  7  8  5 11  23 0  4 7 0
31  7  7  5 11  23 0  2 7 0

prog 113
@113
4 7 0 -12
31 31 14  8  6   0 0  6 0 0
31 31 14  8  4   0 0 11 0 0
31 14 14  7 10   8 2 14 0 0
31 31 15  7  0   8 2 14 0 0

prog 114
@114
4 7 0 0
12 12  0  6  8  38 1 11 7 0
11  8  7  4 10  34 1  5 3 0
26  9  0  5 15  17 0  4 3 0
26 11  0  5 15   5 0  1 7 0

prog 115
@115
5 3 0 0
31 23  0 10 15   0 0  3 0 0
31 19  0 10 15  16 0  1 0 0
31 19  0 10 15  16 0  1 0 0
31 19  0 10 15  16 0  1 0 0

prog 116
@116
0 4 0 -47
31 17 11  5  2  28 3  4 3 0
31 17 14  6  4  30 1  1 0 0
30 18 13  5  2  18 2  5 7 0
31 10 10  5 13   0 0  4 0 0

prog 117
@117
1 7 0 0
31  0 13  7  0  18 0  2 0 0
30  0 20  7  0  35 0  0 0 0
31  2 18  8  0   8 0  0 0 0
30  0 14  5  0   0 0  0 0 0

prog 118
@118
3 7 0 12
29 18  0  3  4   0 0 15 4 0
31 27 10  1  9  13 1  1 4 0
31 23 20  3  2  21 0  1 2 0
29 13 15  6 12   3 0  0 7 0

prog 119
@119
3 4 0 0
 5  3  0  1  1   3 0 11 7 0
 7  1  2  3  3   7 0  9 7 0
 7  5  4  2 15  10 0  1 1 0
 5  6 18  4  2   3 0  4 0 0

prog 120
@120
4 7 0 0
26 12  6  1  8  25 0  0 7 0
31  9  0  4 15  33 0  8 7 0
12  7 11  9  0  10 2 10 1 1
13 11  9  6 10  10 2  8 0 0

prog 121
@121
4 7 0 -12
16  6  2  2  2   0 3  4 3 0
16  6  2  2  2  16 0  8 5 0
16 11  7  7 11  18 2  2 7 0
26 16  9  6  7   8 2  2 3 0

prog 122
@122
5 7 0 0
31  0  0  1 15   0 0  1 3 0
 5  4  0  4 15  26 0  4 0 0
 5  4  0  4 15  25 0  6 0 0
 5  4  0  4 15  29 0  4 0 0

prog 123
@123
4 0 0 12
16 19  7  7  6  32 0  4 0 0
12 20  7  8  6  31 0  6 7 0
15 16 17  6 15   4 1  4 0 0
12 18 18  6 15   5 1  6 1 0

prog 124
@124
4 7 0 0
31  2  0  8 15  32 0 11 3 0
31  2  0  8 15  50 0  0 0 0
16 17  0  5 15   0 1 13 3 0
22 19  0  6 15   0 0  6 0 0

prog 125
@125
5 6 0 -12
31 17  0  1 15   0 0  1 3 1
 5  2  0  5  1  20 0  2 0 1
 5  2  0  5  1  20 0  2 0 1
 5  2  0  5  1  20 0  2 0 1

prog 126
@126
5 6 0 0
31 31  0  5  1   0 0  0 7 0
28 31 16  8  1   3 0  7 3 0
26 31 18  8  2   3 0  6 4 0
28 20 14  8 13   3 0  6 7 0

prog 127
@127
4 7 0 -12
31 13  0  5 10   0 0  9 0 0
31 22  0  7 15   0 0  6 0 0
22 15 14  7  2   8 0  4 0 0
20 13 15  7  4   8 2  5 0 0

SC-55 バンク 8

prog 0
@1024
2 7 0 0
28  8  4  4  1  40 3  1 3 0
28  1  0  4  1  40 3  3 3 0
28  1  0  4  1  50 3 11 0 0
26  8  4  6  1   8 2  1 0 0

prog 1
@1025
2 7 0 0
28  8  4  4  1  37 3  1 3 0
28  1  0  4  1  37 3  3 3 0
28  1  0  4  1  47 3 11 0 0
26  8  4  6  1   8 2  1 0 0

prog 2
@1026
2 7 0 0
28  8  4  4  1  37 3  1 3 0
28  0  0  4  0  37 3  3 3 0
28  4  3  4  3  47 3 13 0 0
26  8  4  6  1   8 2  1 0 0

prog 3
@1027
4 7 0 -24
31  0  0  0  0  30 0  8 7 0
31  0  0  0  0  28 0 12 3 0
25  0  6  5  0  14 2  4 7 0
20  0  6  5  0  14 2  4 3 0

prog 4
@1028
4 3 0 0
31 15  0  8  8  56 0 15 3 0
31  6 11  4 15  43 2  1 0 0
27  7  8  5  8  19 3  1 0 0
30  7  8  6  8   3 0  1 0 1

prog 5
@1029
4 7 0 0
28 31  6  1  2  36 0  9 3 0
28  0  0  1  0  32 2  1 7 0
26 12  6  6  3   6 1  1 3 1
26 11  7  5  3   6 1  1 7 1

prog 6
@1030
3 7 0 0
31  4  0  3 15  30 3  5 7 0
31  4  0  3  1  29 0  0 6 0
31  0  0  3  0  39 2  4 7 0
31 31  0  1  1   4 3  1 2 0

prog 11
@1035
6 6 0 0
31 18  0  3 15  25 0 15 7 0
31 14  7  4  1  22 0  1 7 0
31 17 10  6  0  22 0  4 7 0
31  8  0  4 15  22 0  4 7 0

prog 12
@1036
7 0 0 0
31 27  0  5 15  23 0  1 7 0
31 18  0  4 15  23 0  8 7 0
31 13  0  5 15  23 0  8 7 0
31 10  0  6 15  21 0  1 7 0

prog 14
@1038
4 6 0 -24
27  4  0  2 15  35 1  4 3 0
31  7  0  3 14  41 1  4 7 0
31  7  0  4 15   9 2 11 0 0
31  8  0  4 15  14 0 15 7 0

prog 16
@1040
4 7 0 0
31 31  2  4  0  49 0  5 0 0
31 31  2  4  0  49 0  6 7 0
31 31  0  5  0  12 0  1 0 0
31 31  0  5  0  12 0  2 3 0

prog 17
@1041
7 0 0 0
31 31 12  5  0  19 0  3 1 0
31 31  0  5  0  19 0  1 0 0
31 19  2  5  2  19 0  2 0 0
31 19  0  5  1  19 0  4 3 0

prog 19
@1043
7 7 0 0
31  0  0  5  0  23 0  4 0 0
31  0  0  5  0  16 0  1 0 0
31  0  0  5  0  16 0  4 0 0
31  0  0  5  0  16 0  2 0 0

prog 21
@1045
4 7 0 0
31  0  0  0  0  26 0  4 7 0
31  0  0  0  0  25 0  2 7 0
13  0  0  6  0  12 0  2 7 0
13  0  0  6  0  12 0  1 3 0

prog 24
@1048
5 7 0 0
31  4  8  1 15  34 2  3 0 0
31 10 19  4 15  17 2  1 0 0
31 12 12  6 15  17 0  2 0 0
31 12 12  5 15  17 0  2 0 0

prog 25
@1049
3 7 0 -12
31  8  2  5 14  33 2 12 0 0
25  8  3  5 13  38 1  4 0 0
24  4  3  5 13  38 1  2 0 0
27  7  2  6  7  15 2  2 0 0

prog 26
@1050
0 7 0 0
31 13  0  4 10  33 0  7 3 0
31  6  5  5  1  44 0  1 7 0
31  6  6  5  1  39 1  1 3 0
31  0  0  5  2   3 1  1 3 0

prog 27
@1051
5 7 0 0
31  0  0  5  0  31 0  4 0 0
31  0  9  4  0  17 0  2 0 0
31  0 14  4  0  17 0 13 0 0
31  0  8  5  0   7 1  3 0 0

prog 28
@1052
0 7 0 0
31 25 11  6  6  36 2 12 0 0
31 10  4  6  2  18 1  0 0 0
31 22  4  6  5  41 2  0 0 0
24 10  3  6  2   4 1  0 0 0

prog 30
@1054
0 5 0 0
18  4  1  4  1   9 0  3 0 0
31  4  1  2  1  28 0  4 7 0
18  1  1  1  1  28 0 15 0 0
31 12  3  7  1   7 0  1 7 0

prog 31
@1055
6 7 0 0
31  0  0  0  0  25 0  1 0 0
 6  0  0  7  0  14 0  1 0 0
 6  0  0  7  0  40 0  1 0 0
 6  0  0  7  0  14 0  1 0 0

prog 36
@1060
0 1 0 12
31 15  0  7 15  22 2 11 0 0
31  0  0  2  0  38 0  0 0 0
31 16 13  6  2  41 2  5 0 0
31  9  0  6  0   0 0  1 3 0

prog 38
@1062
4 5 0 0
31 10  6  5  4  15 2  1 3 0
21 19  0  6  2  14 0  1 7 0
26 11 11  9  2  26 0 13 3 0
26  0  0  6  2  10 0  1 7 0

prog 39
@1063
4 7 0 0
31  0  6  8  0  14 0  5 3 0
21  9  0  6  1  19 0  1 7 0
26 13 12  9 15  17 3  3 3 0
26  0  0  6  2   5 0  2 7 0

prog 40
@1064
2 7 0 0
18 10  0  5  1  34 1  1 6 0
19 13  0  6  2  37 1  2 7 0
16 11  0  7  5  33 1  5 6 0
10  4  0  6  0   5 1  1 6 0

prog 48
@1072
4 4 0 0
31  0  0  0  0  20 0  1 3 0
31  0  0  0  0  20 0  1 5 0
14 15  0  5  1   8 0  2 3 0
14 15  0  5  1   8 0  2 1 0

prog 49
@1073
4 7 0 -24
31  0  0  0  0  30 0  4 3 0
31  0  0  0  0  25 0  4 7 0
11  0  0  7  0   8 0  4 3 0
11  0  0  7  0   8 0  4 7 0

prog 50
@1074
4 5 0 0
15  1  0  5  4  23 0  2 3 0
31  1  0  0  4  30 0  1 4 0
19  0  0  6  0  13 0  2 4 0
19  0  0  6  0   8 0  2 7 0

prog 55
@1079
4 5 0 0
17  0  0 15  0  20 0  2 1 0
21 23  0 15 15   0 0  1 0 0
30 10 10 15 15   0 2  4 1 0
30 10 10 15 15   0 2  3 0 0

prog 61
@1085
4 6 0 0
15  9  8  4  2  21 1  2 3 0
16  9  8  5  2  16 1  1 0 0
18 15  1  6  3  12 0  2 0 0
31 15  1  6  3  12 0  1 3 0

prog 62
@1086
4 7 0 0
31  0  0  0  0  27 0  2 3 0
31  0  0  0  0  40 0  4 0 0
20 12  0  6  2   8 0  4 3 0
20 15  2  6  2   8 0  1 0 0

prog 63
@1087
4 7 0 0
31 31  0  0  1  24 0  1 3 0
31 31  0  0 10  30 0  6 3 0
12 11  5  6  1   8 0  2 7 0
12 11  5  6  1   8 0  1 3 0

prog 80
@1104
7 0 0 0
31  0  0  7  0  18 0  1 0 0
31  0  0  7  0  18 0  1 0 0
31  0  0  7  0  18 0  1 0 0
31  0  0  7  0  18 0  1 0 0

prog 81
@1105
5 7 0 0
30  2  0  3  1  29 2  2 2 0
30  2  0  4  2  14 3  1 6 0
30  3  0  4 15  19 1  1 6 0
30  2  0  4  2  14 1  2 2 0

prog 95
@1119
4 0 0 -24
 4  0  4  3  0  13 0  4 3 0
 4  0  4  3  0  13 0  3 0 0
 8  0  0  4  0   8 0  4 7 0
 8  0  0  4  0   8 0  3 7 0

prog 104
@1128
3 4 0 0
18 10  0  4  8  20 2  2 0 0
18  9  4  0  2  35 0  1 0 0
18  8  2  5  4  29 1  7 0 0
28 10  8  7  1   3 1  3 0 0

prog 107
@1131
3 7 0 0
31  6  0  3 15  32 2  3 7 0
31  4  0  3  1  36 1  0 6 0
31 11  0  3  4  45 2  5 7 0
31 31  0  5  1   5 2  1 2 0

prog 113
@1137
4 7 0 0
31 31 13  5  6   5 0  5 0 0
31 31 13  5  5  11 0 12 0 0
31 31 11  7  0   9 2 14 2 0
31 31 11  7  0   9 1  8 0 0

prog 115
@1139
4 5 0 0
31  0  0  9  0  33 0  9 0 0
31 19  0  9 15  33 0  1 0 0
19 21  0  9 15   0 2  4 0 0
19 22  0  9 15   0 2  2 0 0

prog 116
@1140
1 2 0 -36
31  0  0  0  0  38 0  5 0 0
31 21  0  5  4  19 0  0 0 0
31 11  0  1  3  24 2  3 0 0
26 11  0  5 15   0 2  2 0 0

prog 117
@1141
6 7 0 0
31 13  5  5  2   0 2 14 5 0
31 19  4  6 10  13 0  1 3 0
31 15 13  6  5  13 2  0 3 0
31 12  9  6  8  13 0  0 3 0

prog 118
@1142
6 3 0 -24
31 23  0  0 15  20 1  0 0 0
28 13  0  5 15  13 1  3 3 0
28 13  0  5 15  13 1  3 0 0
28 14  0  5 15  13 1  3 7 0

prog 125
@1149
4 7 0 0
31  0  0  3  0  23 0 11 3 0
31  0  0  3  0  50 0 12 7 0
 5  0  0  6  0   8 0  2 3 1
 5  0  0  6  0   8 0  3 7 1

SC-55 バンク 1

prog 2
@130
4 7 0 -12
31 16  0  1  1  29 0  2 3 0
31 25 10  1  3  27 0 10 7 0
31 11  7  6  2   8 1  4 7 0
31 11  5  8  2  10 2  2 3 0

prog 11
@139
4 0 0 0
28 12 10  3  4  33 1 15 3 0
28 12 10  3  4  27 1 15 7 0
26  8  4  6  3   8 1  2 7 0
26  8  4  6  3   8 1  2 3 0

prog 28
@156
2 7 0 0
31 31  0  6  0  21 0  2 4 0
31 24 18  6  3   0 2  1 2 0
25 20  0  6  8   0 1  1 0 0
27 31  0  6  0   8 0  1 4 0

prog 30
@158
0 5 0 0
19  3  0  6  3   0 0  2 7 0
17  3  0  6  2  17 2  1 0 0
19 21  0  6  4  30 0 15 0 0
31  6  0  6  6   6 0  3 2 0

prog 36
@164
2 6 0 12
31 18  0  6  5  20 0  0 0 0
31  8  9  6  0  36 3  2 0 0
31 14  0  6  7  28 0 13 0 0
31  0  0  6  0   0 0  0 0 0

prog 38
@166
5 7 0 0
31 10  4  3  1  33 2  1 0 0
31  9  9  6 15  14 0  2 0 0
31  9  9  6 15  14 0  2 0 0
31  9  9  6 15  14 0  2 0 0

prog 39
@167
5 7 0 0
18  5  6  3  7  34 3  1 0 0
31 18  9  8  2   2 2  2 0 0
31 18 10  8  2   2 2  2 0 0
31 18  9  8  2   2 2  2 0 0

prog 50
@178
5 7 0 -24
31  3  1  2  1  23 0  4 3 0
31  0  0  5  0  23 0  8 4 0
31  3  1  5  1  23 0 12 7 0
20  0  0  5  0  23 0 12 4 0

prog 57
@185
4 6 0 0
14  1  0  0  1  30 2  1 0 0
14  1  0  0  1  35 0  1 3 0
22  0  0  6  0   8 0  1 0 0
22  0  0  6  0   8 0  1 0 0

prog 60
@188
2 7 0 0
12  9  0  5  3  35 0  1 5 0
12 11  0  5  1  50 0  1 1 0
25 17  0  9 12  45 1  0 6 0
12 31  0  7  0   8 0  1 1 0

prog 80
@208
5 7 0 0
31  0  0  1  0  30 0  2 0 0
31  0  0  7  0  20 0  1 0 0
31  0  0  7  0  20 0  1 0 0
31  0  0  7  0  20 0  1 0 0

prog 81
@209
7 5 0 0
31  0  0  6  0   6 0  1 0 0
 0 31 31 15  0 127 0  0 0 0
 0 31 31 15  0 127 0  0 0 0
 0 31 31 15  0 127 0  0 0 0

prog 87
@215
1 7 0 -12
31  1  0  6  2  23 0  6 1 0
31  3  0  6  7  35 0  2 0 0
31  3  0  6  2  43 0  8 5 0
31  0  0  6  0   2 0  2 0 0

prog 88
@216
4 3 0 0
18  6  9  1  4  60 2 12 7 0
23  1  6  4  3  42 1  1 3 1
10  6  7  5 10  10 1  8 7 1
10  7  6  5  3   4 1  1 3 1

prog 89
@217
4 5 0 -24
 4  0  0  1  0  24 3  4 7 0
 4  0  0  1  0  34 3  8 3 0
 6  5  1  4  1   6 0  4 3 1
 6  5  1  4  1   6 0  4 7 1

prog 91
@219
6 7 0 -12
31  3  0  1  3  30 0 14 7 0
20  0  2  4  0   9 0  4 7 1
28  7  9  4  1  20 0  4 0 0
20  0  2  4  0   9 0  2 3 1

prog 97
@225
4 7 0 -12
12  8  0  5  1  24 0  3 7 0
12  8  0  5  1  24 0  2 4 0
16  4  2  5  1  14 0  6 3 0
16  4  2  5  1  12 0  2 7 0

prog 98
@226
1 7 0 0
31  7  0  4 15  45 1  2 0 0
31  6  5  5  1  48 0  2 0 0
31  8  6  5  1  42 1  2 0 0
31 12  5  4  1   5 1  1 0 0

prog 102
@230
4 7 0 12
13  8  0  6  1  30 2  0 3 0
18  7 11  6  3  37 0 14 7 0
17  8  0  6  2   8 0  1 3 0
18 22  7  6  2  19 0  4 7 1

prog 104
@232
3 7 0 12
31  7  7  6  2  29 0  5 3 0
31  9  4  6  1  27 0  0 0 0
31 10  4  6  1  48 1 10 7 0
31 15  4  5  1   6 1  2 0 0

prog 105
@233
3 7 0 12
25 12 12  6 15  24 1  4 1 0
30  2  0  6  5  34 2  0 1 0
30 12  0  6  3  45 2  6 7 0
30 10  4  7  4   0 2  1 0 0

prog 120
@248
4 0 0 -24
20  0 21  9  0  24 0  9 0 0
20  0 21  9  0  24 0  6 0 0
14 19  0  9 15   0 3  3 0 0
14 19  0  9 15   0 3  2 0 0

prog 121
@249
4 0 0 0
20  0 20 11  0  25 0  9 0 0
20  0 20 11  0  24 0 13 0 0
18 28  0 11 15   0 3  5 0 0
18 28  0 11 15   0 3  8 0 0

prog 122
@250
0 4 0 0
23  0  0  2  0   7 0  1 3 0
22  0  0  5  0   4 0 14 3 0
25  0  0  2  0  14 0 12 7 0
 8  8  0  5  3   6 0  6 7 0

prog 123
@251
4 7 0 -22
31 22  0  0 15  16 0  6 3 0
31 24  0  0  0  18 0  5 3 0
14 18 18  9 15   8 0 12 7 0
14 18 18  9 15  12 2  5 7 0

prog 124
@252
4 7 0 0
31  2  0  8 15  40 0  8 3 0
31  2  0  8 15  50 0  6 0 0
16 17  0  5 15   0 1  4 3 0
22 19  0  6 15   0 0  6 0 0

prog 125
@253
4 0 0 0
20 26 17  8  9  10 0  0 0 0
16 25 17  8  9   0 0  3 0 0
27 13  0  8  3   8 0  1 0 0
28 11 18 15  2   8 0  1 3 0

prog 126
@254
4 6 0 0
31  0  0  1  0   0 0 15 0 0
31 10 14  7  2  13 1  2 0 1
19 16  0  8 15  16 0  0 0 0
12  9  8  6  7   8 2  4 0 1

prog 127
@255
1 1 0 0
31  1  0 14 15  10 0  4 0 0
31 23  0  0 15   6 0  3 0 0
31 18  0 12 15  28 0  1 0 0
31 17 28 15 15   2 0  2 0 0

SC-55 バンク 16

prog 0
@2048
3 6 0 -24
31  8  3  5 15  36 2 12 5 0
19  8  2  4 15  36 1 12 7 0
31 21  4  5  2  33 2  4 0 0
31 12  8  6  2   5 1  4 3 0

prog 4
@2052
4 0 0 12
28 12  0  3  4  59 2 10 0 0
28 12  0  3  4  40 1  0 0 0
26  8  2  7  2  12 1  0 0 0
26  8  2  7  2  12 1  0 0 0

prog 5
@2053
4 7 0 0
31 12  4  5  3  36 0 10 0 0
31  6  5  2  3  26 0  1 0 0
24  3  8  6  0   8 1  1 0 0
31  4  3  6  0   8 0  1 0 0

prog 6
@2054
1 4 0 0
31  6  5  6  7  40 0 10 0 0
31  6  5  5  5  24 0  1 0 0
31  6  4  5  5  35 0  2 0 0
31  7  6  7  5   5 0  1 0 0

prog 12
@2060
6 0 0 -12
31 25 15  0  5  23 3 12 0 0
31 15 10  7  2  14 1  2 0 0
31 15 13  7  2  18 1  6 0 0
31 15 10  7  2  14 1  2 0 0

prog 16
@2064
7 6 0 0
31  0  0  8  0  18 0  8 3 1
31  0  0  8  0  18 0  6 7 1
31  0  0  8  0  18 0  1 3 1
31  0  0  8  0  18 0  2 7 1

prog 18
@2066
4 0 0 0
31  0  0  2  0  52 0  9 3 0
18 21  3  2  2  22 0  0 0 0
31 14  3  6  2  20 0  4 7 0
31  0  3  6  2   8 0  1 0 0

prog 19
@2067
4 2 0 0
31  0  0  5  0  30 0  6 3 0
31  0  0  6  0  29 0  0 7 0
31  0  0  6  0  14 0  4 3 0
31  0  0  6  0  14 0  1 7 0

prog 24
@2072
1 7 0 0
31  7  8  8 12  33 1  5 0 0
31  0  0  8  7  46 0  1 7 0
31 10 15  8  7  40 2  2 3 0
31  6 11  7  7   3 2  1 7 0

prog 25
@2073
1 7 0 0
27 11  0  5 15  34 2 11 0 0
31  6  5  5  1  38 1  1 3 0
31 13  6  5  1  37 0  4 0 0
31 12  7  4  1   0 2  2 0 0

prog 28
@2076
1 3 0 0
25 17 18  4  3  30 3  8 1 0
31  9  4  5  3  25 1  0 7 0
31 18 19  5  3  53 3  1 1 0
26 15  4  6  2   3 1  1 0 0

prog 30
@2078
0 5 0 0
18  0  0  4  0   0 0  2 0 0
26  8  0  3  1  18 0  1 7 0
18 11  0  6  2  32 2  8 7 0
28 11  3  6  1   7 0  4 0 0

prog 31
@2079
0 4 0 -12
31 14 16  5  2  24 2  8 0 0
31 17 15  5  1  47 2  3 0 0
30 16 14  5  2  36 2  4 0 0
31  8  6  5 13   2 0  2 0 0

prog 32
@2080
4 6 0 12
25  6  0  3  2   4 0  5 1 0
30 21  0  7  5  14 0  0 1 0
30 22 12  9  2   2 1  9 7 0
30  8  8  7  1   2 0  1 0 0

prog 39
@2087
5 7 0 0
31 13  3  3  3  32 1  1 0 0
31  6  9  6 15  13 0  1 0 0
31  6  9  6 15  13 0  1 0 0
31  6  9  6 15  13 0  1 0 0

prog 55
@2103
0 4 0 0
16  7  0  6  5  14 0  4 3 0
20  5  3  6  3  35 0  3 7 0
31  9  7  6  5  33 0  4 7 0
31 11  0  7 15   0 1  1 3 0

prog 60
@2108
4 6 0 -12
16  0  4  2  0  23 0  3 0 0
16  0  4  2  0  31 0  2 0 0
13  0  4  7  0   9 0  6 0 0
13  0  4  7  0   9 0  4 0 0

prog 62
@2110
4 7 0 0
31  0  0  0  0  25 0  1 7 0
31  6  0  0  4  25 0  1 7 0
31  0  0  6  0   8 0  1 7 0
31 15  0  6  2   8 0  2 3 0

prog 63
@2111
6 7 0 0
31 20  1  0  0  30 0  1 7 0
31 10 15  7  5  13 0  2 0 0
20  6  0  7  1  13 0  2 0 0
20  6  0  7 15  13 0  1 0 0

prog 81
@2129
4 7 0 0
24 19  0  8  4  22 0  1 0 0
24 19  0  8  4  21 0  1 7 0
24  8  0 10  3   9 0  1 5 0
24  8  0 10  3   9 0  1 0 0

prog 104
@2152
2 6 0 0
20 10  0  5  1  31 1  1 0 0
20 13  0  6  2  42 1  1 0 0
20 11  0  7  5  26 1  7 0 0
 4  4  0  6  0  12 2  3 0 0

prog 111
@2159
3 3 0 -12
19  0  1  5  1  31 2  6 0 0
20  0  2  5  1  38 1  2 1 0
20  0  1  5  1  37 1  2 1 0
12  0  0  7  0   4 1  4 3 0

prog 112
@2160
5 7 0 12
27  7  3  1  2  31 1  5 7 0
25  2 10  6  0  14 1 12 0 0
25  2 10  6  0  14 1  8 3 0
25  2 10  6  0  14 1  8 3 0

SC-55 バンク 24

prog 4
@3076
2 7 0 0
20  6  0  4  8  38 2  1 0 0
16  5  0  4  2  27 3  3 6 0
18  4  0  4 15  32 1  5 6 0
26  6  0  4  2   5 1  1 0 0

prog 6
@3078
5 7 0 0
31  0  0  0  0  29 0  6 7 0
31  9  7  6  3  13 0  2 7 0
31  9  7  6  3  13 0  3 1 0
31  9  7  6  3  13 0  5 1 0

prog 16
@3088
4 5 0 0
31  1  0  1  4  20 0  4 7 0
31  1  0  1  4  23 0  1 3 0
15  0  0  7  0  16 0  4 3 0
15  0  0  7  0   8 0  1 7 0

prog 18
@3090
4 5 0 0
23  0  0  2  0  49 0  6 3 1
18  0  3 15  2  31 0  0 3 1
31  4  3 15  1   8 0  4 7 1
31  0  3 15  2   8 0  1 0 1

prog 19
@3091
2 7 0 0
31  9  3  5 14  55 3  2 0 0
16 11  0  5  2  60 3  4 6 0
20  7  0  5 15  66 1  6 3 0
11  4  0  7  0   3 2  1 3 1

prog 24
@3096
3 6 0 0
31 17  4  4  5  23 2 14 0 0
31 20  0  4  5  29 0  3 0 0
31 12  0  4  3  51 2  6 0 0
31 12  6  7  1   5 0  1 0 0

prog 30
@3102
1 6 0 0
26  0  2  5  0  12 0  3 0 0
31 15  3  5  1  28 0  1 3 0
31 15  3  5  1  19 0  3 0 0
31 15  5  7  1   4 0  1 0 0

prog 56
@3128
4 7 0 0
18 16  0  4  1  22 0  1 3 0
18 16  0  4  1  15 0  1 0 0
24  8  0  6  3   2 0  1 3 0
24 18  0  6  3   5 0  1 5 0

SC-55 バンク 32

prog 16
@4112
7 6 0 0
31  0  0  7  0  26 0  2 1 0
31  0  0  7  0  26 0  8 5 0
31  0  0  7  0  26 0  4 3 0
31  0  0  7  0  26 0  1 6 0

prog 17
@4113
6 2 0 0
18  0  0  5  0  30 0  3 3 0
31  0  0  7  0  16 0  0 7 0
25 14  0  7  3  16 0  4 3 0
30  0  0  5  0  17 0  1 7 0

prog 24
@4120
1 7 0 0
31  5  8  1  1  48 2  1 3 0
31  5  8  1  1  44 1  1 7 0
31  6  2  1  7  36 2  5 7 0
31  8  6  5  2   4 1  1 0 0

prog 25
@4121
1 5 0 0
21 20  8  8  2  27 1  5 3 0
29 31  0  2  0  42 0  1 5 0
31 21  7  8  9  25 0 15 2 0
31 31  0  6  0   8 0  1 2 0

prog 52
@4148
4 5 0 -12
31  0  0  0  0  60 0  2 7 0
31  0  0  0  0  60 0  4 3 0
10  3  0  5  1   8 2  4 7 0
10  3  0  5  1   8 2  2 3 0

prog 105
@4201
0 0 0 0
31 13  8  6  3  28 2  9 0 0
31 19  6  6  2  22 0  1 0 0
31 16  8  6  3  41 0  3 0 0
31 14  6  7  2   8 1  1 0 0

SC-55 バンク 2

prog 2
@258
4 5 0 -12
31 25  0  2  3  21 0  2 3 0
31 22 12  2  3  22 2  8 7 0
27 11  7  6  2   8 1  4 7 0
27 11  9  6  2  12 1  1 3 0

prog 39
@295
1 6 0 0
24 19  0  6 15  35 2  6 3 0
31 14  0  6  2  30 2  1 0 0
31 14  0  6  1  45 2  4 7 0
31 10  4  7  0   0 1  1 3 0

prog 80
@336
6 0 0 0
31  5  0  7  3  70 0  6 0 0
18  2  0  7  2  15 0  1 0 0
18  2  0  7  2  15 0  1 0 0
18  2  0  7  2  15 0  1 0 0

prog 82
@338
6 7 0 0
18  3  0  0  2  13 0  4 7 0
16 10  5  8  4  15 0  2 7 0
31 25  8  8  3  18 0  2 0 0
15 10  5  8  2  16 0  2 3 0

prog 87
@343
1 4 0 0
31 11  0  2  1  36 3  1 3 0
31  5  6  2  0  34 2  1 6 0
30 10  3  2  0  47 2  3 0 0
29  0  0  9  0   6 0  2 0 0

prog 97
@353
4 2 0 -12
31  0  0  1  0  27 0  2 7 0
31  0  0  1  0  34 0  3 3 0
12  0  4  4  0  12 0  4 7 0
12  0  4  4  0  12 0  6 3 0

prog 102
@358
4 6 0 -24
22  0  0  5  2  19 0  4 3 0
24  0  0  6  0  38 0  4 7 0
14 14  3  6  4   8 1  4 7 0
24  9  0  6  0   8 0  4 3 0

prog 120
@376
4 6 0 -24
31  0  0  4  0   0 0 15 0 0
31 25  0  6 15   0 0  5 0 0
20 26 17  8  1   9 1  0 0 0
20 18  0  8 15   8 2  3 0 0

prog 122
@378
3 5 0 -31
22  5  0  6 11   0 0  1 0 0
17  6  0  6 11   0 0  1 0 0
18  5  0  6 11   0 0  0 0 0
31 11  0  6 11   0 0  5 0 0

prog 123
@379
5 6 0 0
22 17  0  0 15   0 0  0 0 0
31 13  0  7 15  17 0  2 0 0
31 13  0  7 15  17 0  2 0 0
31 13  0  7 15  17 0  2 0 0

prog 124
@380
3 7 0 -12
31 23  1  0 15  19 0  4 0 0
31 24  0  9 15  20 0 15 0 0
20  6  0  9  1  20 0  2 0 0
 6 11  0  9 15   4 2  4 0 0

prog 125
@381
3 7 0 -18
29  0  0  6  0  23 0  8 7 0
30  0  0  6  0  37 0  9 3 0
29  0  0  6  0  48 3  0 4 0
12  9  0  7 15   8 0  0 4 1

prog 126
@382
4 3 0 0
12  0  0  6  0  31 1  0 0 0
12  0  0  6  0  32 1  8 0 0
12  6 16  7  2   8 1  8 0 1
12  6 16  7  2   8 1  8 0 1

prog 127
@383
4 7 0 0
16 13  0  8 15   7 0 15 0 0
31 25  0  8 15  10 0 12 0 0
16 14 15  8  2   8 0 11 0 0
31 13 14  8  4   8 0 12 0 0

SC-55 バンク 9

prog 14
@1166
4 7 0 -12
27  4  0  2 15  33 1  4 3 0
31  7  0  3 14  37 1  4 7 0
31  9  5  4 15   7 1 11 0 0
31 10  5  4 15  12 1 15 7 0

prog 17
@1169
7 6 0 0
20 10  0  8  2  19 0  8 7 0
20  0  0  8  0  16 0  1 3 0
20 10  0  8  1  24 0  4 3 0
20  0  0  8  0  22 0  0 7 0

prog 25
@1177
0 3 0 0
26  2  0  5  5  40 2 15 1 0
22  3  0  2  3  37 1  1 7 0
25 11  0  5  5  38 1  4 0 0
31  5  8  6  5   3 2  1 6 0

prog 30
@1182
0 7 0 0
16 24  0  8  3  20 0  6 3 0
26  5  0  8  3  26 0  2 0 0
19  7  0  8  3  25 0  1 0 0
27  1  0  6  3   3 0  1 0 0

prog 36
@1188
2 4 0 12
31 15  7  7  2  30 1  0 4 0
31  5  6  6  1  48 1  0 0 0
20 16  6  6  4  18 2  7 4 0
31 13  7  6  3   0 0  1 0 0

prog 38
@1190
5 7 0 0
20 16  0  7  6  23 0  1 0 0
26 21  0  7  6   3 0  1 0 0
26 21  0  7  6   3 0  1 0 0
26 21  0  7  6   3 0  1 0 0

prog 48
@1200
4 5 0 0
31 15  6  3  0  22 0  2 3 0
31 14  5  3  0  20 0  2 7 0
16  8  0  5 15   8 0  2 7 0
16  9  0  5 15   8 0  2 3 0

prog 52
@1204
1 2 0 0
31 22  0  3  4  12 2  1 3 0
29 31  0  1  0  62 0  1 7 0
31 15  7  1  2  36 2  2 0 0
14 31  0  4  0   0 0  2 3 0

prog 55
@1207
4 5 0 -12
31  4  0  3 15  23 0  5 0 0
31 20 12  3  1  12 0  2 0 0
31 14 12  6  3   6 0 10 0 0
31 14 12  6  3   6 0  2 0 0

prog 95
@1247
4 5 0 -12
 5  5  3  5 15  14 0  2 3 0
 5  5  3  5 15  14 0  2 7 0
22  0  0  3  0   8 0  4 3 0
22  0  0  3  0   8 0  4 7 0

prog 118
@1270
3 7 0 -36
31  0  0  6  0   0 0 15 0 0
31 21  0  6 15   0 0  0 0 0
31  0  0  6 15  35 0  0 0 0
26 16  0  6 15   5 1  9 0 0

prog 125
@1277
4 3 0 12
31 11  0  0 15   0 0  7 0 0
31 24  0  0 15   5 0  8 7 0
10  8  0 15 15   8 0 15 0 0
10  8  0 15 15   9 0  4 3 0

SC-55 バンク 3

prog 39
@423
1 7 0 0
24 19  0  7 15  39 1  6 0 0
22 14  0  7  3  25 1  0 0 0
31 14  0  7  2  52 1  2 0 0
31 12  2  8 12   0 2  1 0 0

prog 81
@465
4 7 0 0
15  2  0  1  1  22 0  1 7 0
31  0  0  1  0  36 0  1 0 0
24  0  2  7  0   8 0  2 3 0
24  0  3  7  0   8 0  1 3 0

prog 89
@473
2 6 0 0
19 25 17  1  3  55 1 10 7 0
15  5  7  1  2  34 1  1 3 0
24  1  0  5  2  41 0  3 3 1
22  1  0  5  2   2 0  2 7 1

prog 98
@482
6 7 0 0
22  0  0  4  0  27 0  7 0 0
22 12 12  6  2  14 1  8 0 0
31 15 12  5  3  14 0  2 0 0
31 12 12  5  2   4 0  1 0 0

prog 122
@506
4 7 0 -24
11  0  0  2 15   0 0 15 3 0
24  5  0  2 15  43 0  0 0 0
 8 10  0  4 15  13 0  6 0 0
 8  8  0  4 15   2 0  6 3 0

prog 123
@507
7 0 0 12
17 19 17  8  6  22 0  5 0 0
17 20 17  8  6  22 0  5 7 0
17 17 17  8 15  10 0  5 0 0
17 18 18  8 15  11 0  5 1 0

prog 124
@508
4 7 0 -12
19  8  2  5  0   0 2  1 0 0
31 16 31  5 14   0 2  1 0 0
31 14 13  7  8   4 0  1 0 0
27 17 31  8 15   0 0  2 0 0

prog 125
@509
3 6 0 -12
24  6  1  6  1  13 0  6 0 0
26  8  3  6  3  28 0  5 3 0
26  7  3  6  3  35 0  2 3 0
 8  0 11  7  0   3 0  2 7 1

prog 126
@510
4 7 0 -12
31 13  0  7 15   3 0  4 0 0
20 23  0  9 15   0 1  0 3 0
31 14 13  7  2   0 1  1 0 0
31 18  0  9 15   0 0  1 7 0

prog 127
@511
4 7 0 -12
20  0  0  3  9   0 0 15 0 0
28 17 17  3 15   4 0  0 0 0
31 11 11  6  3   0 0  1 0 0
28 13 11  7  2   0 0  0 3 0

SC-55 バンク 4

prog 35
@547
0 7 0 0
31  8  0  6 10  41 0  1 0 0
31  0  0  6  0  45 0  1 0 0
31  0  0  6  0  32 0  1 0 0
31  0  0  6  0   2 0  1 0 0

prog 80
@592
5 3 0 0
31  0  0  2  0  71 0  1 0 0
31  3  0  8  1  14 2  1 0 0
31  3  0  8  1  14 2  1 0 0
31  3  0  8  1  14 2  1 0 0

prog 99
@611
6 5 0 0
22 13  0  5  5  30 0  2 3 1
31 15  8  5  2  13 0  1 7 1
31 15  8  5  2  13 0  1 7 1
31 15  8  5  3  13 0  1 3 1

prog 122
@634
6 7 0 -12
31 17  6  5 15  14 0 10 7 0
31 13  6  5 15  14 0  4 0 0
31 16  6  5 15  14 0  4 7 0
31 16  6  5 15  14 0  4 0 0

prog 124
@636
4 7 0 -12
31  0  0  2  0   0 0 15 0 0
12  0  0  9 12   5 0  0 0 0
13 28 12  7  2   0 1  1 0 0
22 14 12  9 10   0 1  2 0 1

prog 125
@637
4 7 0 0
31  0  0  0 15   0 0 15 0 0
31 22  0  0 15   0 0  1 7 0
27 11  0 15 15   8 0  0 0 1
27 11  0 15 15   9 0  0 3 1

prog 126
@638
5 0 0 -24
31 15  0  6  8   0 2  0 0 0
25 10 15  6  1  14 2  0 0 0
25 10 15  6  1  14 2  0 0 0
25 10 15  6  1  14 2  0 0 0

SC-55 バンク 6

prog 80
@848
4 0 0 0
31  0  0  2  0  48 0  4 7 0
31  0  0  2  0  47 0  4 7 0
15  8  0  9  2  11 0  1 7 0
15  8  0  9  2  11 0  1 7 0

prog 81
@849
4 6 0 0
31  6  2  2  3  21 1  1 3 0
31  6  2  2  3  26 1  1 7 0
18  0  0  9  0   8 0  3 7 0
18  0  0  9  0   8 0  3 3 0

prog 125
@893
4 7 0 0
31 15  0  4 15   0 0  0 3 0
31 13  0  4 15  38 0  1 0 0
31 12  0  4 15   0 0  0 3 0
31 17  1  7  1  12 2  0 7 0

prog 126
@894
0 7 0 -12
31  0  0  0 15   1 0  1 3 1
22 13  0  1  0  12 0  8 0 1
30  7  0  1  0  36 0  4 0 1
10 15  0  6  0  13 0  7 0 0

SC-55 バンク 7

prog 81
@977
5 7 0 0
31  5  4  0  1  27 0  1 0 0
31 18  6  8  4   8 0  2 0 0
31 18  6  8  4   8 0  2 0 0
31 18  6  8  4   8 0  2 0 0

prog 125
@1021
6 7 0 0
 5  0  0  0  0   6 0  1 0 0
 5  0  0  5  0  12 0  0 7 0
 5  0  0  6 15  22 0  1 7 0
 5  0  0  6  0  28 0 11 0 0

SC-55 バンク 5

prog 80
@720
4 0 0 0
31 26  0  2 15  10 0  2 0 0
31  0  0  1 13  58 0  2 0 0
27 15 18  9  2   9 0  1 0 0
31  0  0  6  0   8 0  1 0 0

prog 98
@738
6 7 0 0
31 23  8  5  8  10 0 14 3 0
27 13  3  6 15   9 0  4 7 0
27 15  8  6  4  18 0  4 7 0
27 13  3  6  4   9 0  1 7 0

prog 120
@760
1 5 0 -12
31 18  8  5  1  40 1  1 3 0
31 18  8  5  2  28 1  0 0 0
26 17 15  5  2  33 0 11 3 0
31 18 11  7  1   2 1  1 3 0

prog 122
@762
7 1 0 -12
31 13  6  4 15  14 1  4 0 0
31 15  6  4 15  14 1  4 0 0
31 14  6  4 15  14 1  7 0 0
31 14  6  4 15  14 1  4 0 0

prog 124
@764
4 7 0 -12
26  8  5  8  4  13 0 12 3 0
22 11  3  8  3  19 0 15 0 1
29 10  6  8  2   9 0  0 1 1
29  6  6  8  7   8 0  6 7 1

prog 125
@765
4 5 0 7
17 31  0  7  0  38 0  8 0 1
11 31  0  7  0  36 0  6 7 1
31 15  0  8 15  11 0  2 0 1
31 15  0  9 15  10 0  3 3 1

prog 126
@766
4 6 0 0
31 21  0  8 12  34 0  4 0 0
31 24 31  8 15   9 0  1 0 0
31 16 17  8  1   4 3  1 0 0
31 10 20  8  1   4 3  2 0 0

SC-55 バンク 40

prog 16
@5136
4 0 0 0
18  0  0  1  0  33 0  2 0 0
18 23  0  1  3  40 0  1 0 0
31 11  7  6  2   5 0  2 0 0
31 11  7  6  2   5 0  1 0 0

prog 24
@5144
1 7 0 0
24  9  1  7  8  35 0  6 3 0
31 11  1  7  8  34 0  1 0 0
21 10  4  6  2  37 1  5 3 0
31 15  6  6  2   2 0  2 0 0

SC-55 バンク 17

prog 12
@2188
5 0 0 0
22 25  5  3  3  36 3  6 0 0
31 18  9  7  3  10 2  9 0 0
21 21  6  7  3   1 2  1 0 0
21 21  7  7  6   0 2  1 0 0

prog 30
@2206
3 5 0 0
18  1  1  5  1  11 2  3 1 0
21  1  1  5  1  22 2  2 3 0
21 21  1  7  1  23 2 11 1 0
31 10  0  7  1   0 0  1 3 0

SC-55 バンク 25

prog 30
@3230
0 7 0 0
13 20  0  6  7   8 3  5 3 0
19  1  0  5  3  28 1  2 7 0
19  1  0  5  8  27 1  1 7 0
31  1  0  7  3   0 1  1 0 0

prog 56
@3256
0 7 0 0
20  5  0  6  9  26 0  1 0 0
16  2  0  6  0  26 0  1 0 0
20  8  0  6  0  43 0  1 0 0
21  8  0  8  1   0 0  2 0 0

SC-88 バンク 8

prog 3
@33795
4 7 0 -12
28  7  8  1  3  32 2  6 3 1
28  7  8  1  3  29 2  6 7 1
26 10  7  6  2   8 1  2 3 1
26 10  7  6  2   8 1  2 7 1

prog 4
@33796
4 0 0 0
21 28  9  1  3  31 2 11 3 0
31 28  0  1  3  24 0  1 7 0
31 11  4  7  2   8 0  1 3 1
24 11  4  7  2   8 0  1 7 1

prog 26
@33818
2 4 0 0
31  8  0  6 10  38 0  3 0 0
31 10  5  6 10  45 0  2 0 0
31  8  5  6 10  34 0  4 3 0
31 10  5  6 10   0 0  1 3 0

prog 28
@33820
0 5 0 0
31 18  0  5  2  18 0 10 0 0
19 10  4  5  2  18 1  0 0 0
31  0  0  5  0  40 0  0 0 0
24 10  3  6  2   1 2  1 0 0

prog 38
@33830
7 6 0 0
31  9  0  7  3  14 3  1 0 0
31  9  0  7  3  19 3  1 0 0
31  9  0  7  3  11 3  1 0 0
31  9  0  7  3  19 3  1 0 0

prog 39
@33831
0 7 0 12
31 18  0 15  2  27 1 10 3 0
31 10  4 15  2  18 1  0 3 0
24 14  4 15  2  53 1  0 3 0
31 10  3 15  2   1 1  0 3 0

SC-88 バンク 16

prog 4
@34820
4 0 0 0
31 10 15  2 13  44 0 11 0 0
31 13  0  2  1  29 0  3 7 0
22 11  4  6  2   8 0  1 3 0
22 11  4  6  2   8 0  1 0 0

SC-88Pro バンク 16

prog 0
@51200
4 5 0 0
19  5  0  3  1  23 1  1 3 0
31  3  3  3  0  25 1  3 7 0
20 10  3  7  8   7 1  1 3 0
31 12  3  7 10  15 1  1 0 0

SC-88Pro バンク 8

prog 3
@50179
4 7 0 -24
28 19  0  0  4  24 2  4 6 1
28 15  0  0  4  24 2  4 3 1
26 11  7  7  3   8 1  4 7 1
26 11  7  7  3   8 1  4 3 1

SC-88Pro バンク 1

prog 11
@49291
4 3 0 0
31 25 10  1  3  27 0  7 3 0
31 25 10  0  3  27 0  7 4 0
30  0  0  5  0   8 0  1 3 0
30  0  0  5  0   8 0  1 7 0

XG

XG MSB 64 LSB 0

prog 0
@40960
0 7 0 0
31  0  0 15 15   0 0  0 0 0
31 18  0 15 15  47 0  0 0 0
31  0  0 15 15   0 2  0 0 0
19 20  0 10 15   8 0  1 0 0

prog 1
@40961
0 2 0 0
31  0  0 15 15  15 0  0 0 0
31 18  0 15 15  27 0  0 0 0
31  0  0 15 15  25 2  0 0 0
19 20  0 10 15   8 0  1 0 0

prog 2
@40962
0 7 0 0
31  0  0 15  0  31 0  0 0 0
 0  0  0  0  0   0 0  0 0 0
 0  0  0  0  0   0 0  0 0 0
 0  0  0  0  0   0 0  0 0 0

prog 3
@40963
4 6 0 -24
31  0  0  4  0   0 0 15 0 0
31 25  0  6 15   0 0  5 0 0
20 26 17  8  1  14 1  0 0 0
20 18  0  8 15   8 2  3 0 0

prog 16
@40976
0 3 0 0
31 18  0 15 15   6 0  2 0 0
31 19  0 15 15   5 0  1 0 0
31 22  0 15 15  33 2  2 0 0
31 21  0 15 15   0 2  1 0 0

prog 32
@40992
0 7 0 0
31  0  0  0  0   0 0 15 0 1
31  0  0  0  0   0 0 15 3 0
31  0  0  0  0   0 0 15 0 0
15  8  0  8  3  13 0  5 6 0

prog 33
@40993
4 7 0 -48
20 31 14  7  0   0 1  0 0 0
31  0 10 10  0   0 0  1 0 0
15 11 18  6 10   0 0  1 0 0
 3 31 14 14 15  38 0  2 0 0

prog 34
@40994
0 7 0 0
31  0  0  0  0   0 0 15 0 1
31  0  0  0  0  26 0 15 3 0
31  0  0  0  0   0 0 15 0 0
 6  0  0  5  0  25 0  0 6 0

prog 35
@40995
0 7 0 0
31  0  0  0  0   0 0 15 0 1
31  0  0  0  0   0 0 15 3 0
31  0  0  0  0   0 0 15 0 0
10  8  0  5  3  13 0  5 6 0

prog 36
@40996
7 1 0 -12
31 13  6  4 15  14 1  4 0 0
31 15  6  4 15  14 1  4 0 0
31 14  6  4 15  14 1  7 0 0
31 14  6  4 15  14 1  4 0 0

prog 37
@40997
6 0 0 0
17  0  0  7  1   5 0  1 7 1
15 10 14  8  6  11 2  1 3 1
16 26 13  5  6  23 1  1 0 0
11 10 17  4  0  21 1  1 0 1

prog 48
@41008
4 7 0 -22
31 22  0  0 15  16 0  6 3 0
31 24  0  0  0  18 0  5 3 0
14 18 18  9 15   8 0 12 7 0
14 18 18  9 15  12 2  5 7 0

prog 49
@41009
5 7 0 0
22 17  0  0 15   0 0  0 0 0
31 13  0  7 15  17 0  2 0 0
31 13  0  7 15  17 0  2 0 0
31 13  0  7 15  17 0  2 0 0

prog 50
@41010
7 3 0 0
 6 16 14  7  0  25 3  7 0 0
15 13 14 10  0  17 0  5 1 0
 8 14 16  6  5  16 3  8 0 0
11 14 16  6 11   0 2  6 0 0

prog 51
@41011
0 7 0 0
 0  0  0  7  0   0 0  1 7 0
14 15  0  7 15  23 0  2 0 0
 5  6  0  6  0   0 0  1 7 0
11  4 13  7  0   0 0  2 0 0

prog 54
@41014
4 0 0 0
 3  3  1  1  6  40 3  2 0 0
 7  9  0  3 15  35 0  0 0 0
 5  6  2  3  7   6 2  1 0 0
10  6  0  4 15  29 0  2 0 0

prog 55
@41015
4 7 0 -24
21  0  0  7  0  13 0  4 7 0
13 15  0  7 15  23 0  2 0 0
19 11 14  6  0  24 0  0 7 0
 9  3 13  7  0   0 0  2 0 0

prog 64
@41024
7 3 0 0
31 16 14  7  0  25 3  7 0 0
31  0  0 15  0  15 0  5 1 0
31 14 16 13  5  16 3  8 0 0
31  0 16 15  8  15 2  6 0 0

prog 65
@41025
4 7 0 -12
31 11  0  0  0   0 1  1 3 0
31  0  0  9  0   0 1  0 0 0
12  3 14 10  1  22 0  1 0 0
10  5 14  7  1  36 0  1 0 0

prog 66
@41026
5 7 0 0
31  6 16  3 15   4 0  0 3 0
19 18 14  9 15   0 0  0 0 0
14 15 31  8 15   0 0  0 0 0
16 24 13  6  7   0 0  0 0 0

prog 67
@41027
5 6 0 0
31  6 16  3 15   4 0  0 3 0
14 24 14 11 15   0 0  0 0 0
14 24 31 11 15   0 0  0 0 0
13 25 12  8  7   0 0  0 0 0

prog 68
@41028
4 7 0 0
31 11 10  6  0   8 0  0 0 0
 0  0  0  0  0 127 0  0 0 1
15 14 16  8  1   0 0  0 0 1
 0  0  0  0  0 127 0  0 0 0

prog 69
@41029
4 7 0 0
31  8 26  4  6  24 0  5 0 0
31  9 20  0  5  28 0  5 0 0
17 10 31  3 10   9 1  4 0 0
17 12 30  5 10  14 1  4 0 0

prog 70
@41030
4 7 0 0
31 13 31 15  2  40 0  0 0 0
31  0  0 15  0 127 0  6 3 0
31  9  0 15  0   4 0  4 0 0
31  9 19 15  0 127 0  2 3 0

prog 80
@41040
4 0 0 0
20 26 17  8  9  10 0  0 0 0
16 25 17  8  9   0 0  3 0 0
27 13  0  8  3   8 0  1 0 0
28 11 18 15  2   8 0  1 3 0

prog 81
@41041
4 7 0 -18
11  0  0  0  0  21 0 14 7 1
11  0  0  0  0  22 0 14 3 0
14  9  0  7 15   8 2  0 4 1
14  9  0  7 15   8 2  0 4 1

prog 82
@41042
3 6 0 -12
24  6  4  6  1  19 0  6 0 0
26  8  3  6  3  28 0  5 3 0
26  7  3  6  3  35 0  2 3 0
 9  0 12  7  0   3 0  2 7 1

prog 83
@41043
4 7 0 0
31  0  0  0 15   0 0 15 0 0
31 22  0  0 15   0 0  1 7 0
27 11  0 15 15   0 0  0 0 1
27 11  0 15 15   1 0  0 3 1

prog 84
@41044
4 5 0 0
17 31  0  7  0  38 0  8 0 1
11 31  0  7  0  36 0  6 7 1
31 15  0  8 15  11 0  2 0 1
31 15  0  9 15  10 0  3 3 1

prog 85
@41045
4 7 0 0
31 15  0  4 15   0 0  0 3 0
31 13  0  4 15  38 0  1 0 0
31 12  0  4 15   0 0  0 3 0
31 17  1  7  1  12 2  0 7 0

prog 86
@41046
6 7 0 0
 5  0  0  0  0   6 0  1 0 0
 5  0  0  5  0  12 0  0 7 0
 5  0  0  6 15  22 0  1 7 0
 5  0  0  6  0  11 0  3 0 0

prog 87
@41047
4 7 0 0
31  0  0  3  0  27 0 11 3 0
31  0  0  3  0  50 0 12 7 0
 5  0  0  6  0   8 0  2 3 1
 5  0  0  6  0   8 0  3 7 1

prog 88
@41048
4 7 0 12
24  8 15  3  5  34 0 11 3 0
18  5 15  3  2  44 0 12 7 0
14  0  0  6  0   8 0  2 3 1
15  0  0  6  0   8 0  3 7 1

prog 89
@41049
4 0 0 0
16 26 17  8  9  10 0  0 0 0
16 25 17  8  9   0 0  3 0 0
29 13  0  8  3   8 0  1 0 0
23 11 18 15  2   8 0  1 3 0

prog 90
@41050
7 1 0 -12
31 13  6  4 15  14 1  4 0 0
31 15  6  4 15  14 1  4 0 0
31 14  6  4 15  14 1  7 0 0
31 14  6  4 15  14 1  4 0 0

prog 96
@41056
4 6 0 0
17 10  3  7  1   0 0  5 7 0
15 18  6  8  6   8 2  1 3 0
16 16  9  7  6  40 1  3 0 0
11 17 16  8  0   0 1  1 0 1

prog 97
@41057
4 3 0 0
12  0  0  6  0  31 1  0 0 0
12  0  0  6  0  32 1  8 0 0
12  6 16  7  2   8 1  8 0 1
12  6 16  7  2   8 1  8 0 1

prog 98
@41058
4 7 0 0
31 13  0  7 15   3 0  4 0 0
20 23  0  9 15   0 1  0 3 0
31 14 13  7  2   8 1  1 0 0
31 18  0  9 15   8 0  1 7 0

prog 99
@41059
5 0 0 -24
31 12  0  6 15   0 2  0 0 0
25 14 15  6 15  14 2  0 0 0
25 19 30  6 15   8 2  0 0 0
25 16 31  6 15   8 2  0 0 0

prog 100
@41060
4 6 0 0
31 21  0  8 12  34 0  4 0 0
31 24 31  8 15   9 0  1 0 0
31 16 17  8  1   4 3  1 0 0
31 10 20  8  1   4 3  2 0 0

prog 101
@41061
0 7 0 -12
31 22  0  0 15   0 0  9 3 1
22  0  0  1 15   6 0  1 0 1
30 22  0  1 15  16 0  4 0 1
 3 15  0  9  0  13 0  5 0 0

prog 112
@41072
1 1 0 0
31  1  0 14 15  23 0  4 0 0
31 23  0  0 15   6 0  3 0 0
31 18  0 12 15  28 0  1 0 0
31 17 24 15 15   2 0  2 0 0

prog 113
@41073
4 7 0 0
16 13  0  8 15   7 0 15 0 0
31 25  0  8 15  10 0 12 0 0
16 14 15  8  2   8 0 11 0 0
31 13 14  8  4   8 0 12 0 0

prog 114
@41074
4 7 0 0
20  0  0  3  9   0 0 10 0 0
28  9 17  3 15   4 0  0 0 0
31 11 11  6  3   4 0  1 0 0
28 13 11  7  2   0 0 11 3 0

prog 115
@41075
4 7 0 0
20  0  0  3  9   0 0 10 0 0
28  9 17  3 15   4 0  0 0 0
31 11 11  6  3   4 0  1 0 0
28 13 11  7  2   0 0 11 3 0

XG MSB 0 LSB 1

prog 0
@49152
2 0 0 0
26  7  4  1  7  39 1  1 0 0
24  9  9  7  6  36 1  4 6 0
31 23 15  1  9   4 3  2 7 0
27  4  4  6 10   2 2  1 3 0

prog 1
@49153
5 7 0 0
27  9  5  6 11  33 1  4 2 0
27  9  9  7  7  18 1  4 5 0
27  5  5  6 10   8 1  1 2 1
27  9  8  7  3   9 1  6 5 0

prog 2
@49154
4 0 0 0
24  5  6  4  6  33 1  1 7 0
22  7  6  4  6  26 1  2 4 0
25  5  4  5  1   6 2  1 0 0
25  4  4  5  6   9 2  1 3 1

prog 3
@49155
5 1 0 0
31 10  5  7 15  35 0  2 3 0
25  6  6  7  2  14 0  2 0 0
25  7  0  7 13   7 0  4 0 0
25  9  0  7  2  16 0  1 3 0

prog 4
@49156
4 6 0 0
31  7  0  8 11  57 1 12 4 0
22  5  0  8 11  34 2  1 4 0
31  4  4  8  1   9 2  1 0 1
31  4  4  8  6   9 2  1 0 1

prog 5
@49157
7 6 0 0
31 10  7  6 15  30 0 10 7 0
25  5  2  6 15  10 1  1 5 0
31 13  0  8 15  12 0  2 3 0
25 10  2  6 15  20 0  1 1 0

prog 6
@49158
1 7 0 12
31  0  1  5  0  38 2  6 1 1
31  0  0  2  0  35 3  0 5 1
31  0  1  6  0  33 3 10 3 0
31  6  6  7  4   6 0  0 7 0

prog 7
@49159
1 7 0 0
31  0  1  6  0  28 2  1 1 1
31  0  0  2  0  30 3  1 5 1
31  0  1  7  0  33 2  1 3 0
31  6  6  7  4   6 0  1 7 0

prog 11
@49163
6 7 0 0
25 15  6  6 10  40 1  8 3 0
31 16  6  6  6  35 1 10 7 0
25  6  5  6 10   4 1  1 0 1
28 10  5  5  6   4 2  4 3 0

prog 12
@49164
4 0 0 0
31 19  7 14  7  27 0  5 4 1
31 18  4  2  8  40 2  2 2 1
30 15  7  7 15   0 0  1 3 0
31 15  2  7 15  11 0  1 0 0

XG MSB 0 LSB 3

prog 48
@81968
4 7 0 0
14 11  0  4  0  29 3  1 3 0
14 10  0  5  1  28 2  1 0 1
14 10  0  8  2   6 0  5 0 1
15 10  0  7  1   0 0  1 0 0

prog 49
@81969
4 7 0 0
11 11  0  1  0  29 3  1 3 0
11 10  0  1  1  28 2  1 0 1
10  8  0  6  2   6 0  1 0 0
10  8  0  5  1   3 0  1 0 0

prog 52
@81972
4 0 0 12
17  0  0  1  5  42 1  0 3 1
13  0  0  1  5  30 2  0 7 0
13  0  0  5  0   8 1  0 3 1
11  0  0  5  0   8 2  0 7 1

prog 61
@81981
5 6 0 12
14  0  1  6  4  26 2  1 2 0
21  0  2  5  1   9 2  0 2 0
27  5  2  6  3   0 2  1 3 0
20  0  2  8  0   6 2  4 1 1

XG MSB 0 LSB 6

prog 34
@131106
0 1 0 12
31 21  0 15  8  30 0  9 0 0
31 13  4 15  2  14 1  0 3 0
31 14  4 15  3  75 0  0 7 0
31 10  3 15  2   0 1  0 0 0

prog 39
@131111
0 4 0 12
18  7  7  0  2  25 3  6 3 0
31  9  6  7  1  19 2  0 3 0
23  5  6  6  1  84 3  5 3 0
31  6  8  6 15   0 2  1 3 0

prog 60
@131132
5 7 0 12
14  6  1  6  6  32 2  0 0 0
13 13 10  5  2   3 2  0 0 0
14  7  2  5  1   4 2  0 0 1
17  7  0  6  1   5 2  0 5 1

prog 80
@131152
4 7 0 0
31  0  1 11  8  25 1  2 0 0
26  0  0 15  2 127 0  2 0 1
28  0  0 10  1   4 0  1 0 0
27  0  0 15  0 127 1  1 0 1

prog 81
@131153
4 7 0 0
31  0  0 15  0  29 0  1 0 0
31  0  0 15  0 127 0  1 3 0
31  0  0 15  0   4 0  2 0 0
31  0  0 15  0 127 0  2 3 0

XG MSB 0 LSB 8

prog 40
@163880
2 7 0 0
10  4  0  5  1  30 0  1 3 0
12  9  3  7  0  49 0  0 7 0
 5 16  0  4  0  31 0  7 3 0
 7 10  0  5  1   3 2  2 0 0

prog 44
@163884
4 7 0 0
13  1  0  0  1  21 3  1 3 1
13 11  0  1  4  19 2  1 0 0
 8 10  0  6  2   6 0  1 0 0
 6 10  0  6  1   0 0  1 0 0

prog 48
@163888
4 7 0 0
14 11  0  4  0  29 3  1 3 0
14 10  0  5  1  28 2  1 0 1
12 10  0  8  2   6 0  5 0 1
12 10  0  8  1   0 0  1 0 0

prog 49
@163889
4 7 0 0
11 11  0  0  0  29 3  1 3 0
11 10  0  0  1  28 2  1 0 1
 7  8  0  5  2   6 0  1 0 0
 7  8  0  5  1   3 0  1 0 0

prog 80
@163920
4 7 0 0
31  0  1 11  8  41 1  2 3 1
26  0  0 10  2  42 0  2 0 1
23  0  0 10  1   9 0  1 7 0
15  0  0 15  0  13 1  1 0 1

prog 81
@163921
4 7 0 0
31  0  0 15  0  28 0  1 7 0
31  0  0 15  0  30 0  1 3 0
15  0  0 13  0   4 0  2 7 0
15  0  0  8  0   4 0  2 3 0

prog 86
@163926
4 7 0 -24
27  5  3  7  0  27 1  4 3 0
24  0  3  6  0  17 1  3 7 0
12  5  3  7  0   0 1  4 7 0
15  0  3  6  0  12 1  3 3 0

prog 102
@163942
6 2 0 0
23  0  0  5  5  41 1  2 3 1
24  8  7  5  0   9 2  2 0 0
31  0 12  4  0  12 1  2 0 1
20  0  0  4  0  16 2  1 7 1

XG MSB 0 LSB 12

prog 5
@229381
7 6 0 0
31 10 14  8 15  30 0 10 7 0
25  9 10  9 15  10 1  1 5 0
31 17 12 10 15  12 0  2 3 0
25 11 10  7 15  20 0  1 1 0

prog 30
@229406
0 0 0 0
31 14  0 12  8  36 2  3 0 0
19  8  0  8 11  26 1  1 2 0
18  5  0  7 15  25 2  2 0 0
17  4  0  6  4   0 2  2 0 0

prog 39
@229415
0 4 0 12
31  7  7  0  2  27 3  6 3 0
31  9 12  7  1  19 2  0 3 0
31  8  6  6  1  67 3  5 3 0
31 11  8  6 15   0 2  1 3 0

prog 55
@229431
0 7 0 0
16 12  0  5 15  24 1  0 0 0
18  5  0  2 15  35 0  1 0 0
22  9  0  3 15  29 0  1 0 0
18 10  0  5 15   0 1  1 0 0

prog 62
@229438
2 5 0 0
31  6  0  6 15  19 0  1 0 0
31  0  0 12  0  23 0  1 7 0
31  0  0 13  0  31 0  1 3 0
31  0  0  8  0   3 0  1 0 0

prog 98
@229474
1 6 0 0
27  0 13 11  0  28 0  1 0 0
30  0 20  0  0  41 0  1 0 0
23  2  5 11  0  25 0  1 0 0
30  0 15  6  0   0 0  0 0 0

XG MSB 0 LSB 14

prog 61
@262205
5 6 0 12
14  0  1  7  4  23 2  1 2 0
21  0  2  7  1   3 2  0 2 0
27  5  2  6  3   0 2  1 3 0
20  0  2  8  0   6 2  4 1 1

prog 98
@262242
4 0 0 0
31 19  7 14  7  71 0  5 4 1
31 18  4  2  8  40 2  2 2 1
20 18 30 10 15   0 0  1 3 0
25 19 24 11 15   0 0  1 0 0

prog 102
@262246
6 2 0 0
31  0  0  5  5  41 1  2 3 1
31  8  7  5  0   9 2  2 0 0
31  0 14  4  0  12 1  2 0 1
31  0  0  4  0  16 2  1 7 1

XG MSB 0 LSB 16

prog 24
@294936
0 4 0 12
31 18  0  7  2  49 0  5 0 0
31 14  4  7  2  40 0  1 3 0
31 10  4  7  2  15 0  0 3 0
31 10  3  7  2   0 1  0 0 0

prog 25
@294937
0 3 0 12
31 18  0  7  2  29 0  5 0 0
31 14  4  7  2  40 0  1 3 0
31 10  4  7  2  16 0  0 3 0
31 10  3  7  2   0 1  0 0 0

prog 52
@294964
4 0 0 12
17  0  0  1  5  37 1  0 3 1
13  0  0  1  5  26 2  0 7 0
13  0  0  5  0   8 1  0 3 1
11  0  0  5  0   8 2  0 7 1

prog 56
@294968
5 7 0 -12
16 14  1  4  1  24 2  2 0 0
19 14  0  9  1  21 0  2 0 0
16 11  0 13 15  10 0  4 0 0
20 13  0 14  0   9 0  2 0 0

prog 58
@294970
5 7 0 12
14  6  1  6  6  28 2  0 0 0
13 13 10  5  2  17 2  1 0 0
14  7  2  5  1   3 2  0 0 1
17  7  0  6  1  23 2  1 5 1

prog 87
@294999
4 7 0 0
31  3  0 15  4  31 0  1 7 0
31  6  0 15  5  32 0  1 3 0
31  7  0 15 10   4 0  2 7 0
31  3  0 15  4   4 0  2 3 0

prog 89
@295001
5 0 0 12
 8  0  0  2  5  38 1  0 0 1
 3  0  0  3  5  17 2  0 0 0
 7  0  0  5  0  12 1  0 0 1
 6  0  0  4  0  14 2  0 0 1

XG MSB 0 LSB 17

prog 56
@311352
5 7 0 -12
16 14  1  4  1  24 2  2 0 0
19 14  0  9  1  18 0  2 0 0
16 11  0 13 15  10 0  4 0 0
20 13  0 14  0   9 0  2 0 0

prog 89
@311385
5 0 0 12
 8  0  0  2  5  59 1  0 0 1
 3  0  0  3  5  29 2  0 0 0
 7  0  0  5  0  12 1  0 0 1
 6  0  0  4  0  14 2  0 0 1

ドラム

Standard Drumkit
*27
4 0 0 25 8192 27
24 27  0  1 15   4 1  2 0 0
28 23  0  8 15  28 1  2 0 0
31 21  0  8 15   8 2  1 0 0
31 19  0  8 15   8 0  3 0 0

Standard Drumkit
*28
5 7 0 50 8192 28
17  0  4  3  0   1 0  1 7 0
31 21  0  7 15   9 0  7 7 0
17 16 20  7 10   9 0  3 7 0
20 19 20  7 10   9 0 15 7 0

Standard Drumkit
*29
0 7 0 43 8192 29
16 10  4  1  4  17 0  1 0 0
31 14  4  1 15  22 0  0 3 0
31  8  1  1  2  40 0 15 3 0
16 18 20  9  8   0 0 15 0 0

Standard Drumkit
*30
0 7 0 35 8192 30
16 10  4  1  4  17 0  1 0 0
31 14  4  1 15  22 0  0 3 0
31  8  1  1  2  41 0 15 3 0
16 18 20  9  8   0 1 15 0 0

Standard Drumkit
*31
4 5 0 61 8192 31
28 17 31  9  7   0 0 12 0 0
 0  0  0  9  0   0 0  0 0 0
31 21 31  9 15   1 0  5 0 0
 0  0  0  9  0   0 0  0 0 0

Standard Drumkit
*32
7 3 0 75 8192 32
31 23  0 11 15  39 0  2 0 0
31 23  0 11 15   0 2  1 0 0
31 24  0 11 15  39 2  1 0 0
18 24  0 11 15   0 2  1 0 0

Standard Drumkit
*33
4 6 0 55 8192 33
31  0  0  8 15   0 0 15 0 0
31 27  0  8 15   0 0  2 0 0
28 19  0  8 15   4 2  0 0 0
28 21  0  8 15   4 0  2 0 0

Standard Drumkit
*34
4 0 0 42 8192 34
24  0  0  1 15   6 0 14 0 0
28 25 31 12  7   0 0 12 0 0
31 26 12  6  2  10 2  9 0 0
31 21 31  9 15   3 0  5 0 0

Standard Drumkit
*35
5 5 0 22 8192 35
31 20  0  9 15   4 0  1 3 0
27  1 15  7  0   9 0  0 3 0
21  1 15  7  0   8 0  0 3 0
21  1 15  7  0   8 1  0 7 0

Standard Drumkit
*36
5 3 0 35 8192 36
31 21  0  9 15   0 1  0 0 0
28 15  0  7 15   8 0  1 0 0
28 15  0  7 15   8 0  1 0 0
28 15  0  7 15   8 0  1 0 0

Standard Drumkit
*37
4 5 0 48 8192 37
31 23  0  1 13  10 0  4 7 0
31 23  0  1 13   0 0  1 0 0
27 21 26  6 15   0 0  9 7 0
27 21 26  6 15   0 0  9 0 0

Standard Drumkit
*38
4 7 0 20 8192 38
31  0  0  1  0   4 0 13 7 0
31 23  0 10 15   0 0  8 3 0
31 22 15  7  2   0 0  0 3 0
31 16 15  7  1   0 0  4 7 0

Standard Drumkit
*39
5 6 0 55 8192 39
31 31  0  5  1   0 0  0 7 0
28 31 18  7  1   3 0  7 3 0
18 31 19  7  2   3 0  6 4 0
28 20 14  7 13   3 0  6 7 0

Standard Drumkit
*40
4 7 0 24 8192 40
31  0  0  1 10   0 0  9 0 0
31 24  0 10 15   0 0  5 0 0
31 17 15  7  1   0 1  8 0 0
31 15 17  7  1   0 1  5 0 0

Standard Drumkit
*41
4 6 0 26 8192 41
31 20  0  1 15   2 2  0 0 0
31  2  0  5  4  47 0  2 0 0
28 20  0  8 15   2 0  5 3 0
28 12 12  6 15   0 0  3 0 0

Standard Drumkit
*42
3 7 0 60 8192 42
31  0  0  1  0  13 0 15 4 0
31  0  0  1  0   9 0 12 4 0
31 19  4  1  3  25 0 15 4 0
29 21 16  8  2   0 0  2 4 0

Standard Drumkit
*43
4 6 0 28 8192 43
31 20  0  1 15   2 1  0 0 0
31  2  0  5  4  47 0  2 0 0
28 21  0  8 15   2 0  5 3 0
28 12 12  6 15   0 0  3 0 0

Standard Drumkit
*44
3 7 0 60 8192 44
31  0  0  1  0  13 0 15 4 0
31  0  0  1  0   9 0 12 4 0
31 19  4  1  3  25 0 15 4 0
18 21 15  8  3   1 0  2 4 0

Standard Drumkit
*45
4 6 0 30 8192 45
31 19  0  1 15   5 0  0 0 0
31  2  0  5  4  47 0  2 0 0
28 21  0  6 15   0 0  5 3 0
28 11 12  6 15   0 0  3 0 0

Standard Drumkit
*46
3 7 0 74 8192 46
31  0  0  3  0  13 0 15 0 0
31  0  0  3  0   9 0 12 0 0
31 19  4  3  3  25 0 15 0 0
22 21 11  6  3   0 0  2 0 0

Standard Drumkit
*47
4 6 0 32 8192 47
31 19  0  1 15   2 0  0 0 0
31  2  0  5  4  50 0  2 0 0
28 19 20  8 15   2 0  5 3 0
28 11 12  6 15   0 0  3 0 0

Standard Drumkit
*48
4 6 0 35 8192 48
31 17  0  1 15   2 0  0 0 0
31  2  0  5  4  55 0  2 0 0
28 21  0  8 15   0 0  3 3 0
28 11 12  7 15   0 0  3 0 0

Standard Drumkit
*49
3 4 0 94 8192 49
31  3  0  1  1   9 0  2 7 0
17  1  2  3  3  12 0 12 7 0
31  3  4  2 15  13 0 14 1 0
24 19  8  5  2   0 0  4 0 0

Standard Drumkit
*50
4 6 0 38 8192 50
31 17  0  1 15   7 0  0 0 0
31  2  0  3  4  60 0  2 0 0
28 21  0  8 15   0 0  3 3 0
28 10 10  6 11   0 0  3 0 0

Standard Drumkit
*51
4 5 0 75 8192 51
31  1  0  3  8   3 0 15 7 0
31  4  0  3  2  19 0 15 0 0
24 19 12  6  4   4 0  4 7 0
24 19 12  6  4   4 0  4 7 0

Standard Drumkit
*52
4 7 0 52 8192 52
31  0  0  1  0  12 0  7 0 0
31 21  0 12 11   0 0  1 1 0
31 19 11  5  2   5 0 15 0 0
31 17 17  9  2   5 2  0 7 0

Standard Drumkit
*53
4 5 0 89 8192 53
21  0  0  2  0   8 0 13 0 0
21  0  0  2  0   6 0  9 0 0
31 23 10  6  2  14 0  9 0 0
31 21 12  7  2   5 0  4 0 0

Standard Drumkit
*54
4 6 0 82 8192 54
28  0  0  1  0   5 0  0 4 0
31  0  0  1 15  40 0  9 0 0
21 16  0  7 15  11 0 15 4 0
21 16  0  7 15   6 0  9 0 0

Standard Drumkit
*55
4 5 0 94 8192 55
31  2  2  1  5   0 0 15 5 0
31 20  6  1  3   1 0  1 5 0
27 11  9  6  7   9 0  3 1 1
27 18  6  6  2   0 1 13 0 1

Standard Drumkit
*56
0 5 0 58 8192 56
31 21 19  6  2   0 0 15 2 0
31 21 13  6  3  31 0  7 3 0
31 21 12  6  2  36 0  8 6 0
31 19 16  7  2   8 0  2 3 0

Standard Drumkit
*57
4 7 0 30 8192 57
31  0  0  1  0  12 0 15 7 0
31 20  0  9 15   0 0  1 7 0
26 24 10  5  2   0 0  8 1 0
26  1 15  7  0   6 0  0 0 0

Standard Drumkit
*58
5 7 0 88 8192 58
20 25  0  8 15   0 0  1 1 1
31 14 11  8  3  17 0  0 0 1
31 14 11  8  3  17 0  0 0 1
31 14 12  8  0  17 0  0 0 1

Standard Drumkit
*59
4 5 0 73 8192 59
31  7  0  4 15   3 0 11 0 0
31  7  0  4 15  19 0 11 7 0
20 19 11  7  4   8 1 13 0 0
20 19 11  7  4   8 1 13 7 0

Standard Drumkit
*60
6 5 0 65 8192 60
28 13  0  7 15   5 2  2 0 0
23 19 15  7 15   8 0  2 7 0
28 18  0  7 15   8 2  1 0 0
18 19 15  7 15   8 0  3 3 0

Standard Drumkit
*61
6 5 0 57 8192 61
28 15  0  7 15   3 2  2 0 0
23 18 10  7 15   8 0  2 7 0
28 18  0  7 15   8 2  1 0 0
18 18 10  7 15   8 0  3 3 0

Standard Drumkit
*62
6 5 0 25 8192 62
28 21  0  8 15   0 2  2 0 0
23 18 10  8 15  15 0  3 7 0
28 17 19  8  2   0 2  0 0 0
28 18 14  6 15  15 0  5 3 0

Standard Drumkit
*63
6 5 0 25 8192 63
28  0  0  8 15  30 2  6 0 0
23 18 17  8 15   0 0 11 7 0
28 18  0  8 15   0 2  0 0 0
18 18 17  6 15   0 0  8 3 0

Standard Drumkit
*64
6 5 0 20 8192 64
28  0  0  8 15  30 2  6 0 0
23 18 17  8 15   0 0 10 7 0
28 18  0  8 15   0 2  0 0 0
18 18 17  6 15   0 0  8 3 0

Standard Drumkit
*65
1 5 0 25 8192 65
31  6  3  9  5   4 3  9 7 0
31  0  0  9  0  37 3  7 7 0
31 31 19  9  3  13 3  5 7 0
31  0 17  9  0   9 0 11 7 0

Standard Drumkit
*66
1 5 0 20 8192 66
31  6  6  9  5   4 3  9 7 0
31  6  6  9  0  37 3  7 7 0
31 31 19  9  3  13 3  5 7 0
31  0 16  9  0   9 0 11 7 0

Standard Drumkit
*67
4 7 0 65 8192 67
31  9  9  6  8  23 2 14 3 0
31  9  9  6  8  24 2 14 0 0
20 16 17  8 10  11 1  4 3 0
20 16 17  8 10  11 1  4 0 0

Standard Drumkit
*68
4 7 0 60 8192 68
31  9  9  6  8  26 2 14 3 0
31  9  9  6  8  24 2 14 0 0
23 16 17  8 10  11 1  4 3 0
21 16 17  8 10  11 0  4 0 0

Standard Drumkit
*69
4 6 0 77 8192 69
31  0  0 15  0   7 0 15 0 0
31  0  0 15  0   7 0  0 3 0
13 16 16 15  2   8 2 14 0 0
13 18 16 15  1   8 2 14 7 0

Standard Drumkit
*70
4 7 0 71 8192 70
18  0  0  9  2   7 1  0 0 0
24  0  0  9  4   9 3  0 0 0
18 18 19 13  8   0 2 15 0 0
20 18 18  9  6  12 2 15 0 0

Standard Drumkit
*71
4 0 0 55 8192 71
18 10  0 11  0  37 0  0 0 0
 0  0  0  0 15 127 0  0 0 0
18 11 22 11  2   0 0 14 0 0
 0  0  0  0 15 127 0  0 0 0

Standard Drumkit
*72
4 0 0 51 8192 72
18 10  0 11  0  37 0  0 0 0
 0  0  0  0 15 127 0  0 0 0
18  8 22 11  2   0 0 14 0 0
 0  0  0  0 15 127 0  0 0 0

Standard Drumkit
*73
5 7 0 72 8192 73
31  5  1  6  0  13 0  0 0 0
17 16 20  8 15   9 3  0 0 0
15 16 20  8 15   2 2  3 0 0
15 18 20  8 15   9 2  2 0 0

Standard Drumkit
*74
4 7 0 48 8192 74
19 27  0  0 15   0 1  1 3 0
31 21  0  0 15   0 0  2 3 0
11 17  0  9 15  13 1  2 0 0
28 20  0  8 15  13 0  3 0 0

Standard Drumkit
*75
4 7 0 62 8192 75
31 22 22  8 12  30 0  8 1 0
31 25 12  8 14  35 3  8 1 0
23 21 28  8 11   6 3  8 1 0
23 20 13  8  1   5 3  8 1 0

Standard Drumkit
*76
4 7 0 61 8192 76
31 22 22  8 12  24 0  7 1 0
31 25 12  8 14  10 3 14 1 0
31 18 28  8 11  12 0  5 1 0
31 20 13  8  1  16 3  9 1 0

Standard Drumkit
*77
4 7 0 53 8192 77
31 22 22  8 12  20 0  7 1 0
31 25 12  8 14  10 3 14 1 0
31 18 28  8 11  12 0  5 1 0
31 20 13  8  1  18 3  9 1 0

Standard Drumkit
*78
4 7 0 44 8192 78
12 15 15  7  0  39 0  2 7 0
12 15 15  7  0  27 0  1 0 0
14  6 17  6  0   0 1  8 7 0
14  6 17  6  0   0 2  8 0 0

Standard Drumkit
*79
4 7 0 40 8192 79
12 15 15  7  0  38 0  1 0 0
12  0  0  7  0  30 0  1 0 0
14  6 17  6  0   0 0  4 0 0
14 15 14  6 11  23 0  2 0 0

Standard Drumkit
*80
3 7 0 66 8192 80
31  5  5  8 14  22 0 11 3 0
28 25 10  8 10  25 0  7 7 0
31  5  5  8 10  50 0 15 7 0
25 16 16  8 14   8 1 15 3 1

Standard Drumkit
*81
3 7 0 66 8192 81
31  5  5  8 14  23 0 11 3 0
28 25 10  8 10  30 0  7 7 0
31  5  5  8 10  50 0 15 7 0
25 10  4  8 14  11 0 15 3 1

Standard Drumkit
*82
1 7 0 71 8192 82
24  0  0  9  4   0 1  0 0 0
24 16  0  9  4   0 3  0 0 0
19 22 22 13  2  14 1  0 0 0
18 18 17  9  6   2 1 15 0 0

Standard Drumkit
*83
4 7 0 73 8192 83
31  5 15  4 15  30 0 14 0 0
31  8 16  0 15  28 0  9 0 1
14 10  7  6 10   9 1  4 0 1
14  9  7  5 10  14 1  4 0 1

Standard Drumkit
*84
4 5 0 85 8192 84
20 12  0  3 15  33 0  9 0 1
24 15  0  3 15  33 0  7 0 0
12 21 10  4  4   4 0  5 0 1
13 12 10  4  3   4 0  2 0 0

Standard Drumkit
*85
4 3 0 62 8192 85
31 11  0 10 15  23 0  9 0 0
31 19  0 10 15  15 0  1 0 0
31 20  0 10 15  13 2  4 0 0
31 20  0 10 15  13 2  2 0 0

Standard Drumkit
*86
5 4 0 56 8192 86
28 21 10  1  2  25 0  1 0 0
31 18 18  5 15   0 1  1 7 0
19 17  0  5 15   0 1  0 0 0
31 16 18  5 15   0 1  1 3 0

Standard Drumkit
*87
5 4 0 47 8192 87
28 21 10  1  2  19 0  1 0 0
31 18 12  6 15   0 1  1 7 0
19 12  0  6 15   0 1  0 0 0
31 16 12  6 15   0 1  1 3 0

TR-808 Drumkt
*3227
4 0 0 25 8192 27
24 27  0  0 15   4 1  2 0 0
28 23  0  8 15  28 1  2 0 0
31 21  0  8 15   2 2  1 0 0
31 19  0  8 15   2 0  3 0 0

TR-808 Drumkt
*3228
4 7 0 50 8192 28
19  0  4  6  0   5 0 12 7 0
31 21  0  6 15   0 0  5 7 0
19 16 20  8 10   0 0  3 7 0
20 19 20  8 10   0 0  0 7 0

TR-808 Drumkt
*3229
0 7 0 43 8192 29
16 10  4  0  4  17 0  1 0 0
31 14  4  0 15  22 0  0 3 0
31  8  1  0  2  41 0 15 3 0
16 18 20  8  8   0 0 15 0 0

TR-808 Drumkt
*3230
0 7 0 35 8192 30
16 10  4  0  4  17 0  1 0 0
31 14  4  0 15  22 0  0 3 0
31  8  1  0  2  41 0 15 3 0
16 18 20  8  8   0 1 15 0 0

TR-808 Drumkt
*3231
4 5 0 61 8192 31
28 17 31  9  7   0 0 12 0 0
 0  0  0  9  0   0 0  0 0 0
31 21 31  9 15   1 0  5 0 0
 0  0  0  9  0   0 0  0 0 0

TR-808 Drumkt
*3232
7 3 0 75 8192 32
31 23  0 11 15  39 0  2 0 0
31 23  0 11 15   0 2  1 0 0
31 24  0 11 15  39 2  1 0 0
18 24  0 11 15   0 2  1 0 0

TR-808 Drumkt
*3233
4 6 0 55 8192 33
31  0  0  6 15   0 0 15 0 0
31 27  0  6 15   0 0  2 0 0
31 19  0  8 15   4 2  0 0 0
31 21  0  8 15   4 0  2 0 0

TR-808 Drumkt
*3234
4 0 0 42 8192 34
24  0  0  1 15   6 0 14 0 0
28 25 31  8  7   0 0 12 0 0
31 26 12  8  2  10 2  9 0 0
31 21 31  8 15   3 0  5 0 0

TR-808 Drumkt
*3235
5 5 0 21 8192 35
31 20  0  8 15   4 0  1 3 0
31  1 15  6  0   9 0  0 3 0
21  1 15  6  0   9 0  0 3 0
21  1 15  6  0   9 1  0 7 0

TR-808 Drumkt
*3236
6 0 0 30 8192 36
31 27  0  1 15   0 0  0 7 0
28 31 23  5  1   7 0  6 7 0
28 31 13  5  1   7 0  2 7 0
28 31 13  5  1   0 0  2 7 0

TR-808 Drumkt
*3237
5 6 0 53 8192 37
23 18 22  3  8   0 0  3 0 0
27 31 18  8 14   6 2  5 3 0
31 31 18  8  0   6 2  3 0 0
27 31 18  8  0   6 2  2 3 0

TR-808 Drumkt
*3238
6 7 0 56 8192 38
31 11 31  1 15   0 0 15 3 0
24 18 31  7 15   2 1  1 3 0
22 18 31  7 15   0 1  0 3 0
24 18 31  7 15   0 1  1 3 0

TR-808 Drumkt
*3239
5 6 0 55 8192 39
31 31  0  5  1   0 0  0 7 0
28 31 31  8  1   6 0  7 3 0
18 31 19  8  2   6 0  6 4 0
28 20 14  8 13   6 0  6 7 0

TR-808 Drumkt
*3240
4 7 0 52 8192 40
31  0  0  1  0   7 0 15 0 0
31 27 15  4 15   9 0  2 0 0
25 16 15  7  3   4 1  0 0 0
25 12 14  6  5   0 2  1 0 0

TR-808 Drumkt
*3241
7 5 0 28 8192 41
31 16  0  6 15  19 0  2 0 0
31 15  0  6 15  14 0  2 0 0
31 15  0  6 15  14 0  2 0 0
31 15  0  6 15  14 0  2 0 0

TR-808 Drumkt
*3242
4 6 0 72 8192 42
31  0  0  2  0   8 0  0 3 0
31  0  0  2  0  35 0  0 3 0
31 17 28  9  1  14 0 12 7 0
31 17 28  9  5  14 0 11 7 0

TR-808 Drumkt
*3243
7 5 0 31 8192 43
31 16  0  6 15  19 0  2 0 0
31 15  0  6 15  14 0  2 0 0
31 15  0  6 15  14 0  2 0 0
31 15  0  6 15  14 0  2 0 0

TR-808 Drumkt
*3244
4 6 0 72 8192 44
31  0  0  2  0   8 0  0 3 0
31  0  0  2  0  35 0  0 3 0
19 19 28  9  1   8 0 12 7 0
20 17 28  9  5   8 0 11 7 0

TR-808 Drumkt
*3245
7 5 0 35 8192 45
31 16  0  6 15  19 0  2 0 0
31 15  0  6 15  14 0  2 0 0
31 15  0  6 15  14 0  2 0 0
31 15  0  6 15  14 0  2 0 0

TR-808 Drumkt
*3246
4 7 0 76 8192 46
31  0  0  1  0   7 0  0 7 0
31  0  0  1 15   7 0  0 7 0
31 16 10  7  6   6 0 15 7 0
21 14 10  6  3   7 0 15 7 0

TR-808 Drumkt
*3247
7 5 0 40 8192 47
31 16  0  6 15  19 0  2 0 0
31 15  0  6 15  14 0  2 0 0
31 15  0  6 15  14 0  2 0 0
31 15  0  6 15  14 0  2 0 0

TR-808 Drumkt
*3248
7 5 0 43 8192 48
31 15  0  6 15  19 0  2 0 0
31 15  0  6 15  14 0  2 0 0
31 15  0  6 15  14 0  2 0 0
31 15  0  6 15  14 0  2 0 0

TR-808 Drumkt
*3249
4 7 0 72 8192 49
31  0  0  1  0  12 0  0 7 0
31  0  9  1  0   0 0 11 3 0
28 31  9  5  2   2 0 11 4 1
17 14  9  5  3  13 1  5 3 0

TR-808 Drumkt
*3250
7 5 0 47 8192 50
31 16  0  6 15  19 0  2 0 0
31 15  0  6 15  14 0  2 0 0
31 15  0  6 15  14 0  2 0 0
31 15  0  6 15  14 0  2 0 0

TR-808 Drumkt
*3251
4 5 0 75 8192 51
31  0  0  3  0   3 0 15 7 0
31  0  0  3  0  19 0 15 0 0
24 19 12  6  4   4 0  4 7 0
24 19 12  6  4   4 0  4 7 0

TR-808 Drumkt
*3252
3 4 0 93 8192 52
 5  3  0  1  1  11 0 12 7 0
 5  1  2  3  3  12 0 12 7 0
 5  5  4  2 15   4 0 14 1 0
 5 19 13  4  2   0 0  4 0 0

TR-808 Drumkt
*3253
4 0 0 69 8192 53
31  0  0  0  0   7 0 15 0 0
31  0  0  0  0   0 0  9 0 0
20 25 10  6  2  14 0 15 0 0
22 18 12  7  2   5 0  4 0 0

TR-808 Drumkt
*3254
4 6 0 96 8192 54
31  0  0  1  0   0 0  0 4 0
31  0  0  1 15  40 0  9 0 0
18 17  0  8 15  13 0 15 4 0
18 17 15  8 15   8 0  9 0 0

TR-808 Drumkt
*3255
4 5 0 94 8192 55
31  2  2  1  5   0 0 15 5 0
31 20  6  1  3   1 0  1 5 0
27 11  9  6  8   9 0  3 1 1
27 18  6  6  3   0 1 13 0 1

TR-808 Drumkt
*3256
4 7 0 49 8192 56
31  6  0  5  8  36 0  4 3 0
31 15 18  5  4  36 0 12 7 0
31 15 16  8  1   8 0  4 7 0
31 15 16  8  1   8 0  6 3 0

TR-808 Drumkt
*3257
4 7 0 30 8192 57
31  0  0  1  0  12 0 15 7 0
31 20  0 10 15   0 0  1 7 0
31 24 10  5  2   3 0  8 1 0
31  1 15  9  0   9 0  0 0 0

TR-808 Drumkt
*3258
5 7 0 88 8192 58
20 25  0  8 15   0 0  1 1 1
31 14 11  8  3  17 0  0 0 1
31 14 11  8  3  17 0  0 0 1
31 14 12  8  0  17 0  0 0 1

TR-808 Drumkt
*3259
4 5 0 73 8192 59
31  7  0  4 15   3 0 11 0 0
31  7  0  4 15  19 0 11 7 0
20 19 11  7  4   8 1 13 0 0
20 19 11  7  4   8 1 13 7 0

TR-808 Drumkt
*3260
6 5 0 65 8192 60
28 13  0  7 15   5 2  2 0 0
23 19 15  7 15   8 0  2 7 0
28 18  0  7 15   8 2  1 0 0
18 19 15  7 15   8 0  3 3 0

TR-808 Drumkt
*3261
6 5 0 57 8192 61
28 15  0  7 15   3 2  2 0 0
23 18 10  7 15   8 0  2 7 0
28 18  0  7 15   8 2  1 0 0
18 18 10  7 15   8 0  3 3 0

TR-808 Drumkt
*3262
7 7 0 56 8192 62
31 21 12  7  2  19 0  2 3 0
31 15 16  7  1  13 0  2 7 0
31 15 16  7  1  13 0  2 7 0
31 15 16  7  1  13 0  2 3 0

TR-808 Drumkt
*3263
7 7 0 47 8192 63
31 21 10  7  2  21 0  2 3 0
31 15 16  7  1  13 0  2 7 0
31 15 16  7  1  13 0  2 7 0
31 15 16  7  1  13 0  2 3 0

TR-808 Drumkt
*3264
7 7 0 41 8192 64
31 21 10  7  2  21 0  2 3 0
31 15 15  7  1  13 0  2 7 0
31 15 15  7  1  13 0  2 7 0
31 15 15  7  1  13 0  2 3 0

TR-808 Drumkt
*3265
1 5 0 25 8192 65
31  6  3  7  5   4 3  9 7 0
31  0  0  7  0  37 3  7 7 0
31 31 19  7  3  13 3  5 7 0
31  0 17  7  0   9 0 11 7 0

TR-808 Drumkt
*3266
1 5 0 20 8192 66
31  6  6  7  5   4 3  9 7 0
31  6  6  7  0  37 3  7 7 0
31 31 19  7  3  13 3  5 7 0
31  0 16  7  0   9 0 11 7 0

TR-808 Drumkt
*3267
4 7 0 65 8192 67
31  9  9  6  8  23 2 14 3 0
31  9  9  6  8  24 2 14 0 0
20 16 17  8 10  11 1  4 3 0
20 16 17  8 10  11 1  4 0 0

TR-808 Drumkt
*3268
4 7 0 60 8192 68
31  9  9  6  8  26 2 14 3 0
31  9  9  6  8  24 2 14 0 0
23 16 17  8 10  11 1  4 3 0
21 16 17  8 10  11 0  4 0 0

TR-808 Drumkt
*3269
4 6 0 77 8192 69
31  0  0  1  0   7 0 15 0 0
31  0  0  1  0   7 0  0 3 0
13 16 16  9  2   8 2 14 0 0
13 18 16  9  1   8 2 14 7 0

TR-808 Drumkt
*3270
4 7 0 71 8192 70
18  0  0  9  2   7 1  0 0 0
24  0  0  9  4   9 3  0 0 0
16 18 19 12  8   0 2 15 0 0
16 18 18  9  6  12 2 15 0 0

TR-808 Drumkt
*3271
4 0 0 55 8192 71
18 10  0 11  0  37 0  0 0 0
 0  0  0  0 15 127 0  0 0 0
18 11 22 11  2   0 0 14 0 0
 0  0  0  0 15 127 0  0 0 0

TR-808 Drumkt
*3272
4 0 0 51 8192 72
18 10  0  6  0  37 0  0 0 0
 0  0  0  0 15 127 0  0 0 0
18  8 22  7  2   0 0 14 0 0
 0  0  0  0 15 127 0  0 0 0

TR-808 Drumkt
*3273
5 7 0 72 8192 73
31  5  1  6  0  13 0  0 0 0
17 16 20  8 15   9 3  0 0 0
15 16 20  8 15   2 2  3 0 0
15 18 20  8 15   9 2  2 0 0

TR-808 Drumkt
*3274
4 7 0 48 8192 74
19 27  0  1 15   0 1  1 3 0
31 21  0  1 15   0 0  2 3 0
11 17  0  9 15  13 1  2 0 0
28 20  0  8 15  13 0  3 0 0

TR-808 Drumkt
*3275
6 7 0 62 8192 75
31 22 22  8 12  50 0  4 1 0
31 21 12  8 14  13 3  4 1 0
23 21 28  8 11  13 3  8 1 0
23 20 13  8  1  13 3  8 1 0

TR-808 Drumkt
*3276
4 7 0 61 8192 76
31 22 22  8 12  24 0  7 1 0
31 25 12  8 14  10 3 14 1 0
31 18 28  8 11  12 0  5 1 0
31 20 13  8  1  16 3  9 1 0

TR-808 Drumkt
*3277
4 7 0 53 8192 77
31 22 22  8 12  20 0  7 1 0
31 25 12  8 14  10 3 14 1 0
31 18 28  8 11  12 0  5 1 0
31 20 13  8  1  18 3  9 1 0

TR-808 Drumkt
*3278
4 7 0 45 8192 78
12 15 15  7  0  39 0  2 7 0
12 15 15  7  0  27 0  1 0 0
14  6 17  6  0   0 1  8 7 0
14  6 17  6  0   0 2  8 0 0

TR-808 Drumkt
*3279
4 7 0 39 8192 79
12 15 15  7  0  38 0  1 0 0
12  0  0  7  0  30 0  1 0 0
14  6 17  6  0   0 0  4 0 0
14 15 14  6 11  23 0  1 0 0

TR-808 Drumkt
*3280
3 7 0 60 8192 80
31  5  5  8 14  33 0 11 3 0
28 25 10  8 10  25 0  5 7 0
31  5  5  8 10  50 0 15 7 0
25 14 14  8 14   8 0 15 3 1

TR-808 Drumkt
*3281
3 7 0 61 8192 81
31  5  5  8 14  29 0 11 3 0
28 25 10  8 10  30 0  5 7 0
31  5  5  8 10  50 0 15 7 0
25 10  4  8 14   8 0 15 3 1

TR-808 Drumkt
*3282
1 7 0 71 8192 82
24  0  0  9  4   0 1  0 0 0
24 16  0  9  4   0 3  0 0 0
19 22 22 11  2  14 1  0 0 0
18 18 17  9  6   2 1 15 0 0

TR-808 Drumkt
*3283
4 7 0 83 8192 83
31  5 15  4 15  24 0 14 0 0
31  8 16  1 15  28 0  9 0 1
14 10  7  6 10   9 1  4 0 1
14  9  7  5 10  14 1  4 0 1

TR-808 Drumkt
*3284
4 5 0 83 8192 84
20 13  0  3  2  33 0 13 0 1
24  0  0  3  0  42 0  5 0 0
12 21  8  4  4  14 0  4 0 1
17  9  8  4  3  14 0  8 0 0

TR-808 Drumkt
*3285
4 3 0 62 8192 85
31 11  0  9 15  23 0  9 0 0
31 19  0  9 15  15 0  1 0 0
31 20  0  9 15  13 2  4 0 0
31 20  0  9 15  13 2  2 0 0

TR-808 Drumkt
*3286
5 4 0 56 8192 86
28 21 10  1  2  25 0  1 0 0
31 18 18  5 15   0 1  1 7 0
19 17  0  5 15   0 1  0 0 0
31 16 18  5 15   0 1  1 3 0

TR-808 Drumkt
*3287
5 4 0 47 8192 87
28 21 10  1  2  19 0  1 0 0
31 18 12  6 15   0 1  1 7 0
19 12  0  6 15   0 1  0 0 0
31 16 12  6 15   0 1  1 3 0

Orchestra Drumkit
*6171
3 7 0 60 8192 27
31  0  0  0  0  13 0 15 4 0
31  0  0  0  0   9 0 12 4 0
31 19  4  0  3  25 0 15 4 0
29 21 16  8  3   0 0  2 4 0

Orchestra Drumkit
*6172
3 7 0 60 8192 28
31  0  0  0  0  13 0 15 4 0
31  0  0  0  0   9 0 12 4 0
31 19  4  0  3  25 0 15 4 0
18 21 15  8  3   0 0  2 4 0

Orchestra Drumkit
*6173
3 7 0 74 8192 29
31  0  0  3  0  13 0 15 0 0
31  0  0  3  0   9 0 12 0 0
31 19  4  3  3  25 0 15 0 0
22 21 11  6  3   0 0  2 0 0

Orchestra Drumkit
*6174
4 5 0 75 8192 30
31  0  0  3  0   3 0 15 7 0
31  0  0  3  0  19 0 15 0 0
24 19 12  6  4   4 0  4 7 0
24 19 12  6  4   4 0  4 7 0

Orchestra Drumkit
*6175
4 5 0 61 8192 31
28 17 31  9  7   0 0 12 0 0
 0  0  0  9  0   0 0  0 0 0
31 21 31  9 15   1 0  5 0 0
 0  0  0  9  0   0 0  0 0 0

Orchestra Drumkit
*6176
7 3 0 75 8192 32
31 23  0 11 15  39 0  2 0 0
31 23  0 11 15   0 2  1 0 0
31 24  0 11 15  39 2  1 0 0
18 24  0 11 15   0 2  1 0 0

Orchestra Drumkit
*6177
4 6 0 55 8192 33
31  0  0  8 15   0 0 15 0 0
31 27  0  8 15   0 0  2 0 0
31 19  0  8 15   4 2  0 0 0
31 21  0  8 15   4 0  2 0 0

Orchestra Drumkit
*6178
4 0 0 42 8192 34
24  0  0  1 15   6 0 14 0 0
28 25 31 12  7   0 0 12 0 0
31 26 12  8  2  10 2  9 0 0
31 21 31  8 15   3 0  5 0 0

Orchestra Drumkit
*6179
1 2 0 30 8192 35
31  0  0  1  0  38 0 11 0 0
31 21  0  5  4  19 0  0 0 0
31 11  0  1  3  24 2  3 0 0
26 12  0  5 15   0 2  2 0 0

Orchestra Drumkit
*6180
0 5 0 14 8192 36
31 12  7  5  2  30 0 11 3 0
31  4 11  5  1  33 0  3 0 0
30  5 11  5  2  45 0  5 7 0
31 10 12  5 13   0 0  2 0 0

Orchestra Drumkit
*6181
4 5 0 48 8192 37
31 23  0  1 13  10 0  4 7 0
31 23  0  1 13   0 0  1 0 0
28 21 26  6 15   0 0  9 7 0
28 21 26  6 15   0 0  9 0 0

Orchestra Drumkit
*6182
4 5 0 20 8192 38
31  4 31  1  1   3 0 15 0 0
31 28 10  1 10   0 0 13 0 0
27 18  0  7 15   6 0 10 0 0
27 21 18  7  2   6 0 10 0 0

Orchestra Drumkit
*6183
4 3 0 62 8192 39
31 11  0  8 15  23 0 10 0 0
31 19  0  8 15  15 0  3 0 0
31 20  0  8 15  13 2  5 0 0
31 20  0  8 15  13 2  4 0 0

Orchestra Drumkit
*6184
6 7 0 20 8192 40
31  0  0  1  0   7 0  8 0 0
29 17  0  7 15   8 1  8 0 0
29 25 16  7  2   8 2 14 0 0
29 17  0  7 15   8 1 13 0 0

Orchestra Drumkit
*6185
0 5 0 17 8192 41
31 12  7  5  2  27 0 11 3 0
31  4 11  5  1  48 0  3 0 0
30  5 11  5  2  30 0  7 7 0
31 12 12  5 13   5 0  4 0 0

Orchestra Drumkit
*6186
0 5 0 18 8192 42
31 12  7  5  2  27 0 11 3 0
31  4 11  5  1  48 0  3 0 0
30  5 11  5  2  30 0  7 7 0
31 12 12  5 13   5 0  4 0 0

Orchestra Drumkit
*6187
0 5 0 19 8192 43
31 12  7  5  2  27 0 11 3 0
31  4 11  5  1  48 0  3 0 0
30  5 11  5  2  30 0  7 7 0
31 12 12  5 13   5 0  4 0 0

Orchestra Drumkit
*6188
0 5 0 20 8192 44
31 12  7  5  2  27 0 11 3 0
31  4 11  5  1  48 0  3 0 0
30  5 11  5  2  30 0  7 7 0
31 12 12  5 13   5 0  4 0 0

Orchestra Drumkit
*6189
0 5 0 21 8192 45
31 12  7  5  2  27 0 11 3 0
31  4 11  5  1  48 0  3 0 0
30  5 11  5  2  30 0  7 7 0
31 12 12  5 13   5 0  4 0 0

Orchestra Drumkit
*6190
0 5 0 22 8192 46
31 12  7  5  2  27 0 11 3 0
31  4 11  5  1  48 0  3 0 0
30  5 11  5  2  30 0  7 7 0
31 12 12  5 13   5 0  4 0 0

Orchestra Drumkit
*6191
0 5 0 23 8192 47
31 12  7  5  2  27 0 11 3 0
31  4 11  5  1  48 0  3 0 0
30  5 11  5  2  30 0  7 7 0
31 12 12  5 13   5 0  4 0 0

Orchestra Drumkit
*6192
0 5 0 24 8192 48
31 12  7  5  2  27 0 11 3 0
31  4 11  5  1  48 0  3 0 0
30  5 11  5  2  30 0  7 7 0
31 12 12  5 13   5 0  4 0 0

Orchestra Drumkit
*6193
0 5 0 25 8192 49
31 12  7  5  2  27 0 11 3 0
31  4 11  5  1  48 0  3 0 0
30  5 11  5  2  30 0  7 7 0
31 12 12  5 13   5 0  4 0 0

Orchestra Drumkit
*6194
0 5 0 26 8192 50
31 12  7  5  2  27 0 11 3 0
31  4 11  5  1  48 0  3 0 0
30  5 11  5  2  30 0  7 7 0
31 12 12  5 13   5 0  4 0 0

Orchestra Drumkit
*6195
0 5 0 27 8192 51
31 12  7  5  2  27 0 11 3 0
31  4 11  5  1  48 0  3 0 0
30  5 11  5  2  30 0  7 7 0
31 12 12  5 13   5 0  4 0 0

Orchestra Drumkit
*6196
0 5 0 28 8192 52
31 12  7  5  2  27 0 11 3 0
31  4 11  5  1  48 0  3 0 0
30  5 11  5  2  30 0  7 7 0
31 12 12  5 13   5 0  4 0 0

Orchestra Drumkit
*6197
0 5 0 29 8192 53
31 12  7  5  2  27 0 11 3 0
31  4 11  5  1  48 0  3 0 0
30  5 11  5  2  30 0  7 7 0
31 12 12  5 13   5 0  4 0 0

Orchestra Drumkit
*6198
4 6 0 96 8192 54
31  0  0  1  0   0 0  0 4 0
31  0  0  1 15  40 0  9 0 0
18 17  0  8 15  10 0 15 4 0
18 17 15  8 15   5 0  9 0 0

Orchestra Drumkit
*6199
4 5 0 91 8192 55
31  2  2  1  5   0 0 15 5 0
31 20  6  1  3   1 0  1 5 0
27 11  9  6  8   9 0  3 1 1
27 18  6  6  3   0 1 13 0 1

Orchestra Drumkit
*6200
0 5 0 58 8192 56
31 21 19  6  2   0 0 15 2 0
31 21 13  6  3  31 0  7 3 0
31 21 12  6  2  36 0  8 6 0
31 19 16  8  2   8 0  2 3 0

Orchestra Drumkit
*6201
3 4 0 93 8192 57
31  3  0  1  1   9 0  2 7 0
17  1  2  3  3  12 0 12 7 0
31  3  4  2 15  13 0 14 1 0
24 19  8  5  2   4 0  4 0 0

Orchestra Drumkit
*6202
5 7 0 88 8192 58
20 25  0  8 15   0 0  1 1 1
31 14 11  8  3  17 0  0 0 1
31 14 11  8  3  17 0  0 0 1
31 14 12  8  0  17 0  0 0 1

Orchestra Drumkit
*6203
3 4 0 96 8192 59
31  3  0  1  1   9 0  2 7 0
17  1  2  3  3  12 0 12 7 0
31  3  4  2 15  13 0 14 1 0
24 19  8  5  2   4 0  4 0 0

Orchestra Drumkit
*6204
6 5 0 65 8192 60
28 13  0  8 15   5 2  2 0 0
23 19 15  8 15   8 0  2 7 0
28 18  0  8 15   8 2  1 0 0
18 19 15  8 15   8 0  3 3 0

Orchestra Drumkit
*6205
6 5 0 57 8192 61
28 15  0  8 15   3 2  2 0 0
23 18 10  8 15   8 0  2 7 0
28 18  0  8 15   8 2  1 0 0
18 18 10  8 15   8 0  3 3 0

Orchestra Drumkit
*6206
6 5 0 25 8192 62
28 21  0  8 15   0 2  2 0 0
23 18 10  8 15  15 0  3 7 0
28 17 19  8  2   0 2  0 0 0
28 18 14  6 15  15 0  5 3 0

Orchestra Drumkit
*6207
6 5 0 25 8192 63
28  0  0  8 15  30 2  6 0 0
23 18 17  8 15   0 0 11 7 0
28 18  0  8 15   0 2  0 0 0
18 18 17  6 15   0 0  8 3 0

Orchestra Drumkit
*6208
6 5 0 20 8192 64
28  0  0  8 15  30 2  6 0 0
23 18 17  8 15   0 0 10 7 0
28 18  0  8 15   0 2  0 0 0
18 18 17  6 15   0 0  8 3 0

Orchestra Drumkit
*6209
1 5 0 25 8192 65
31  6  3  9  5   4 3  9 7 0
31  0  0  9  0  37 3  7 7 0
31 31 19  9  3  13 3  5 7 0
31  0 17  9  0   9 0 11 7 0

Orchestra Drumkit
*6210
1 5 0 20 8192 66
31  6  6  9  5   4 3  9 7 0
31  6  6  9  0  37 3  7 7 0
31 31 19  9  3  13 3  5 7 0
31  0 16  9  0   9 0 11 7 0

Orchestra Drumkit
*6211
4 7 0 65 8192 67
31  9  9  6  8  23 2 14 3 0
31  9  9  6  8  24 2 14 0 0
20 16 17  8 10  11 1  4 3 0
20 16 17  8 10  11 1  4 0 0

Orchestra Drumkit
*6212
4 7 0 60 8192 68
31  9  9  6  8  26 2 14 3 0
31  9  9  6  8  24 2 14 0 0
23 16 17  8 10  11 1  4 3 0
21 16 17  8 10  11 0  4 0 0

Orchestra Drumkit
*6213
4 6 0 77 8192 69
31  0  0  9  0   7 0 15 0 0
31  0  0  9  0   7 0  0 3 0
13 16 16  9  2   8 2 14 0 0
13 18 16  9  1   8 2 14 7 0

Orchestra Drumkit
*6214
4 7 0 71 8192 70
18  0  0  9  2   7 1  0 0 0
24  0  0  9  4  13 3  0 0 0
18 18 19 13  8   0 2 15 0 0
15 18 18  9  6  12 2 15 0 0

Orchestra Drumkit
*6215
4 0 0 55 8192 71
18 10  0 11  0  37 0  0 0 0
 0  0  0  0 15 127 0  0 0 0
18 11 22 11  2   0 0 14 0 0
 0  0  0  0 15 127 0  0 0 0

Orchestra Drumkit
*6216
4 0 0 51 8192 72
18 10  0 11  0  37 0  0 0 0
 0  0  0  0 15 127 0  0 0 0
18  8 22 11  2   0 0 14 0 0
 0  0  0  0 15 127 0  0 0 0

Orchestra Drumkit
*6217
5 7 0 72 8192 73
31  5  1  6  0  13 0  0 0 0
17 16 20  8 15   9 3  0 0 0
15 16 20  8 15   2 2  3 0 0
15 18 20  8 15   9 2  2 0 0

Orchestra Drumkit
*6218
4 7 0 48 8192 74
19 27  0  0 15   0 1  1 3 0
31 21  0  0 15   0 0  2 3 0
11 17  0  9 15  13 1  2 0 0
28 20  0  8 15  13 0  3 0 0

Orchestra Drumkit
*6219
4 7 0 62 8192 75
31 22 22  8 12  30 0  8 1 0
31 25 12  8 14  35 3  8 1 0
23 21 28  8 11   6 3  8 1 0
23 20 13  8  1   5 3  8 1 0

Orchestra Drumkit
*6220
4 7 0 61 8192 76
31 22 22  8 12  24 0  7 1 0
31 25 12  8 14  10 3 14 1 0
31 18 28  8 11  12 0  5 1 0
31 20 13  8  1  16 3  9 1 0

Orchestra Drumkit
*6221
4 7 0 53 8192 77
31 22 22  8 12  20 0  7 1 0
31 25 12  8 14  10 3 14 1 0
31 18 28  8 11  12 0  5 1 0
31 20 13  8  1  18 3  9 1 0

Orchestra Drumkit
*6222
4 7 0 46 8192 78
12 15 15  7  0  36 0  2 7 0
12 15 15  7  0  27 0  1 0 0
14  6 17  6  0   0 1  8 7 0
14  6 17  6  0   0 2  8 0 0

Orchestra Drumkit
*6223
4 7 0 39 8192 79
12 15 15  7  0  38 0  1 0 0
12  0  0  7  0  30 0  1 0 0
14  6 17  6  0   0 0  4 0 0
14 15 14  6 11  23 0  1 0 0

Orchestra Drumkit
*6224
3 7 0 60 8192 80
31  5  5  8 14  33 0 11 3 0
28 25 10  8 10  25 0  5 7 0
31  5  5  8 10  50 0 15 7 0
25 14 14  8 14   8 0 15 3 1

Orchestra Drumkit
*6225
3 7 0 60 8192 81
31  5  5  8 14  40 0 11 3 0
28 25 10  8 10  30 0  5 7 0
31  5  5  8 10  50 0 15 7 0
25 10  4  8 14   8 0 15 3 1

Orchestra Drumkit
*6226
1 7 0 71 8192 82
24  0  0  9  4   0 1  0 0 0
24 16  0  9  4   0 3  0 0 0
19 22 22 13  2  14 1  0 0 0
18 18 17  9  6   2 1 15 0 0

Orchestra Drumkit
*6227
4 7 0 83 8192 83
31  5 15  4 15  24 0 14 0 0
31  8 16  0 15  28 0  9 0 1
14 10  7  6 10   9 1  4 0 1
14  9  7  5 10  14 1  4 0 1

Orchestra Drumkit
*6228
4 5 0 83 8192 84
20 13  0  3  2  33 0 13 0 1
24  0  0  3  0  42 0  5 0 0
12 21  8  4  4  14 0  4 0 1
17  9  8  4  3  14 0  8 0 0

Orchestra Drumkit
*6229
4 3 0 62 8192 85
31 11  0 10 15  23 0 10 0 0
31 19  0 10 15  15 0  3 0 0
31 20  0 10 15  13 2  5 0 0
31 20  0 10 15  13 2  4 0 0

Orchestra Drumkit
*6230
5 4 0 56 8192 86
28 21 10  1  2  25 0  1 0 0
31 18 18  5 15   0 1  1 7 0
19 17  0  5 15   0 1  0 0 0
31 16 18  5 15   0 1  1 3 0

Orchestra Drumkit
*6231
5 4 0 47 8192 87
28 21 10  1  2  19 0  1 0 0
31 18 12  6 15   0 1  1 7 0
19 12  0  6 15   0 1  0 0 0
31 16 12  6 15   0 1  1 3 0

Orchestra Drumkit
*6232
0 7 0 49 8192 88
31  0  0  0 15   1 0  1 3 1
22 13  0  1  0  12 0  8 0 1
30  7  0  1  0  36 0  4 0 1
10 15  0  6  0  13 0  7 0 0

Room Drumkit
*1051
4 0 0 25 8192 27
24 27  0  0 15   4 1  2 0 0
28 23  0  8 15  28 1  2 0 0
31 21  0  8 15   2 2  1 0 0
31 19  0  8 15   2 0  3 0 0

Room Drumkit
*1052
4 7 0 50 8192 28
19  0  4  6  0   5 0 12 7 0
31 21  0  6 15   0 0  5 7 0
19 16 20  8 10   0 0  3 7 0
20 19 20  8 10   0 0  0 7 0

Room Drumkit
*1053
0 7 0 43 8192 29
16 10  4  0  4  17 0  1 0 0
31 14  4  0 15  22 0  0 3 0
31  8  1  0  2  41 0 15 3 0
16 18 20  8  8   0 0 15 0 0

Room Drumkit
*1054
0 7 0 35 8192 30
16 10  4  0  4  17 0  1 0 0
31 14  4  0 15  22 0  0 3 0
31  8  1  0  2  41 0 15 3 0
16 18 20  8  8   0 1 15 0 0

Room Drumkit
*1055
4 5 0 61 8192 31
28 17 31  9  7   0 0 12 0 0
 0  0  0  9  0   0 0  0 0 0
31 21 31  9 15   1 0  5 0 0
 0  0  0  9  0   0 0  0 0 0

Room Drumkit
*1056
7 3 0 75 8192 32
31 23  0 11 15  39 0  2 0 0
31 23  0 11 15   0 2  1 0 0
31 24  0 11 15  39 2  1 0 0
18 24  0 11 15   0 2  1 0 0

Room Drumkit
*1057
4 6 0 55 8192 33
31  0  0  9 15   0 0 15 0 0
31 27  0  9 15   0 0  2 0 0
31 19  0  9 15   4 2  0 0 0
31 21  0  9 15   4 0  2 0 0

Room Drumkit
*1058
4 0 0 42 8192 34
24  0  0  1 15   6 0 14 0 0
28 25 31 11  7   0 0 12 0 0
31 26 12  8  2  10 2  9 0 0
31 21 31  8 15   3 0  5 0 0

Room Drumkit
*1059
5 5 0 21 8192 35
31 20  0  7 15   4 0  1 3 0
31  1 14  7  0   9 0  0 3 0
21  1 14  5  0   9 0  0 3 0
21  1 14  6  0   9 1  0 7 0

Room Drumkit
*1060
5 3 0 35 8192 36
31 21  0  8 15   0 0  0 0 0
31 14  0  7 15   9 0  1 0 0
31 14  0  6 15   9 0  1 0 0
31 14  0  6 15   9 1  1 0 0

Room Drumkit
*1061
4 5 0 48 8192 37
31 23  0  1 13  10 0  4 7 0
31 23  0  1 13   0 0  1 0 0
31 21 26  6 15   0 0  9 7 0
31 21 26  6 15   0 0  9 0 0

Room Drumkit
*1062
4 7 0 20 8192 38
31  0  0  1  0   4 0 13 7 0
31 23  0  8 15   0 0  8 3 0
28 22 15  7  2   0 0  0 3 0
28 16 15  7  3   0 0  4 7 0

Room Drumkit
*1063
5 6 0 55 8192 39
28 31  0  1  1   0 0  0 7 0
28 31 31  6  1   6 0  7 3 0
18 31 19  7  2   6 0  6 4 0
28 20 14  6 13   6 0  6 7 0

Room Drumkit
*1064
4 7 0 23 8192 40
31  0  0  1 10   0 0  9 3 0
31 24  0  1 15   0 0  5 7 0
28 16 15  7  2   0 2  8 3 0
28 15 17  7  4   0 2  5 7 0

Room Drumkit
*1065
4 6 0 23 8192 41
31  0  0  1  0   6 0  2 0 0
31  2  0  5  4  51 0  2 0 0
28 21  0  8 15   2 0  5 3 0
28 12 12  5 15   0 0  3 0 0

Room Drumkit
*1066
3 7 0 60 8192 42
31  0  0  1  0  13 0 15 4 0
31  0  0  1  0   9 0 12 4 0
31 19  4  1  3  25 0 15 4 0
30 21 16  8  3   0 0  2 4 0

Room Drumkit
*1067
4 6 0 25 8192 43
31  0  0  1  0   6 0  2 0 0
31  2  0  5  4  51 0  2 0 0
28 21  0  8 15   2 0  5 3 0
28 12 12  5 15   0 0  3 0 0

Room Drumkit
*1068
3 7 0 60 8192 44
31  0  0  1  0  13 0 15 4 0
31  0  0  1  0   9 0 12 4 0
31 19  4  1  3  25 0 15 4 0
18 21 15  8  3   0 0  2 4 0

Room Drumkit
*1069
4 6 0 28 8192 45
31  0  0  1  0   6 0  2 0 0
31  2  0  5  4  51 0  2 0 0
28 21  0  8 15   2 0  5 3 0
28 12 12  5 15   0 0  3 0 0

Room Drumkit
*1070
3 7 0 74 8192 46
31  0  0  1  0  13 0 15 0 0
31  0  0  1  0   9 0 12 0 0
31 19  4  1  3  25 0 15 0 0
31 21 11  5  3   0 0  2 0 0

Room Drumkit
*1071
4 6 0 30 8192 47
31  0  0  1  0   6 0  2 0 0
31  2  0  5  4  51 0  2 0 0
28 21  0  8 15   2 0  5 3 0
28 12 12  5 15   0 0  3 0 0

Room Drumkit
*1072
4 6 0 33 8192 48
31  0  0  1  0   6 0  2 0 0
31  2  0  5  4  51 0  2 0 0
28 21  0  8 15   2 0  5 3 0
28 12 12  5 15   0 0  3 0 0

Room Drumkit
*1073
3 5 0 94 8192 49
31  3  0  1  1  17 0  2 7 0
17  1  2  3  3  12 0 12 7 0
31  5  4  2 15  13 0 14 1 0
31 19  8  4  2   0 0  4 0 0

Room Drumkit
*1074
4 6 0 36 8192 50
31  0  0  1  0   6 0  2 0 0
31  2  0  5  4  51 0  2 0 0
28 21  0  8 15   2 0  5 3 0
28 12 12  5 15   0 0  3 0 0

Room Drumkit
*1075
4 5 0 75 8192 51
31  0  0  3  0   3 0 15 7 0
31  0  0  3  0  19 0 15 0 0
24 19 12  6  4   4 0  4 7 0
24 19 12  6  4   4 0  4 7 0

Room Drumkit
*1076
4 7 0 52 8192 52
31  0  0  1  0   0 0 15 0 0
31 21  0 11 11   0 0  1 1 0
31 19 11  4  2   5 0  9 0 0
31 17 17  9  2   4 2  0 7 0

Room Drumkit
*1077
4 5 0 89 8192 53
21  0  0  2  0   8 0 13 0 0
21  0  0  2  0   6 0  9 0 0
31 23 10  6  2  14 0  9 0 0
31 21 12  7  2   5 0  4 0 0

Room Drumkit
*1078
4 6 0 87 8192 54
31  0  0  1  0   0 0  0 4 0
31  0  0  1 15  40 0  9 0 0
18 17  0  8 15  13 0 15 4 0
18 17 15  8 15   8 0  9 0 0

Room Drumkit
*1079
4 5 0 91 8192 55
31  2  2  1  5   0 0 15 5 0
31 20  6  1  3   1 0  1 5 0
27 11  9  6  8   9 0  3 1 1
27 18  6  6  3   0 1 13 0 1

Room Drumkit
*1080
0 5 0 58 8192 56
31 21 19  6  2   0 0 15 2 0
31 21 13  6  3  31 0  7 3 0
31 21 12  6  2  36 0  8 6 0
31 19 16  9  2   8 0  2 3 0

Room Drumkit
*1081
4 7 0 30 8192 57
31  0  0  1  0  12 0 15 7 0
31 20  0  9 15   0 0  1 7 0
31 24 10  5  2   3 0  5 1 0
31  1 15  9  0   3 0  0 0 0

Room Drumkit
*1082
5 7 0 88 8192 58
20 25  0  8 15   0 0  1 1 1
31 14 11  8  3  17 0  0 0 1
31 14 11  8  3  17 0  0 0 1
31 14 12  8  0  17 0  0 0 1

Room Drumkit
*1083
4 5 0 73 8192 59
31  7  0  4 15   3 0 11 0 0
31  7  0  4 15  19 0 11 7 0
20 19 11  7  4   8 1 13 0 0
20 19 11  7  4   8 1 13 7 0

Room Drumkit
*1084
6 5 0 65 8192 60
28 13  0  7 15   5 2  2 0 0
23 19 15  7 15   8 0  2 7 0
28 18  0  7 15   8 2  1 0 0
18 19 15  7 15   8 0  3 3 0

Room Drumkit
*1085
6 5 0 57 8192 61
28 15  0  7 15   3 2  2 0 0
23 18 10  7 15   8 0  2 7 0
28 18  0  7 15   8 2  1 0 0
18 18 10  7 15   8 0  3 3 0

Room Drumkit
*1086
6 5 0 25 8192 62
28 21  0  7 15   0 2  2 0 0
23 18 10  7 15  15 0  3 7 0
28 17 19  7  2   0 2  0 0 0
28 18 14  7 15  15 0  5 3 0

Room Drumkit
*1087
6 5 0 25 8192 63
28  0  0  7 15  30 2  6 0 0
23 18 17  7 15   0 0 11 7 0
28 18  0  7 15   0 2  0 0 0
18 18 17  8 15   0 0  8 3 0

Room Drumkit
*1088
6 5 0 20 8192 64
28  0  0  7 15  30 2  6 0 0
23 18 17  7 15   0 0 10 7 0
28 18  0  7 15   0 2  0 0 0
18 18 17  8 15   0 0  8 3 0

Room Drumkit
*1089
1 5 0 25 8192 65
31  6  3  7  5   4 3  9 7 0
31  0  0  7  0  37 3  7 7 0
31 31 19  7  3  13 3  5 7 0
31  0 17  7  0   9 0 11 7 0

Room Drumkit
*1090
1 5 0 20 8192 66
31  6  6  7  5   4 3  9 7 0
31  6  6  7  0  37 3  7 7 0
31 31 19  7  3  13 3  5 7 0
31  0 16  7  0   9 0 11 7 0

Room Drumkit
*1091
4 7 0 65 8192 67
31  9  9  6  8  23 2 14 3 0
31  9  9  6  8  24 2 14 0 0
20 16 17  8 10  11 1  4 3 0
20 16 17  8 10  11 1  4 0 0

Room Drumkit
*1092
4 7 0 60 8192 68
31  9  9  6  8  26 2 14 3 0
31  9  9  6  8  24 2 14 0 0
23 16 17  8 10  11 1  4 3 0
21 16 17  8 10  11 0  4 0 0

Room Drumkit
*1093
4 6 0 77 8192 69
31  0  0  8  0   7 0 15 0 0
31  0  0  8  0   7 0  0 3 0
13 16 16  8  2   8 2 14 0 0
13 18 16  8  1   8 2 14 7 0

Room Drumkit
*1094
4 7 0 71 8192 70
18  0  0  9  2   7 1  0 0 0
24  0  0  9  4   9 3  0 0 0
18 18 19 13  8   0 2 15 0 0
15 18 18  9  6  12 2 15 0 0

Room Drumkit
*1095
4 0 0 55 8192 71
18 10  0 11  0  37 0  0 0 0
 0  0  0  0 15 127 0  0 0 0
18 11 22 11  2   0 0 14 0 0
 0  0  0  0 15 127 0  0 0 0

Room Drumkit
*1096
4 0 0 51 8192 72
18 10  0 11  0  37 0  0 0 0
 0  0  0  0 15 127 0  0 0 0
18  8 22 11  2   0 0 14 0 0
 0  0  0  0 15 127 0  0 0 0

Room Drumkit
*1097
5 7 0 72 8192 73
31  5  1  6  0  13 0  0 0 0
17 16 20  8 15   9 3  0 0 0
15 16 20  8 15   2 2  3 0 0
15 18 20  8 15   9 2  2 0 0

Room Drumkit
*1098
4 7 0 48 8192 74
19 27  0  0 15   0 1  1 3 0
31 21  0  0 15   0 0  2 3 0
11 17  0  9 15  13 1  2 0 0
28 20  0  8 15  13 0  3 0 0

Room Drumkit
*1099
4 7 0 61 8192 75
31 22 22  8 12  40 0  8 1 0
31 25 12  8 14  35 3  8 1 0
23 21 28  8 11   0 3  8 1 0
23 20 13  8  1   5 3  8 1 0

Room Drumkit
*1100
4 7 0 61 8192 76
31 22 22  8 12  24 0  7 1 0
31 25 12  8 14  10 3 14 1 0
31 18 28  8 11  12 0  5 1 0
31 20 13  8  1  16 3  9 1 0

Room Drumkit
*1101
4 7 0 53 8192 77
31 22 22  8 12  20 0  7 1 0
31 25 12  8 14  10 3 14 1 0
31 18 28  8 11  12 0  5 1 0
31 20 13  8  1  18 3  9 1 0

Room Drumkit
*1102
4 7 0 45 8192 78
12 15 15  7  0  47 0  2 7 0
12 15 15  7  0  27 0  1 0 0
14  6 19  6  0   0 1  8 7 0
14  6 19  6  0   0 2  8 0 0

Room Drumkit
*1103
4 7 0 39 8192 79
12 15 15  7  0  38 0  1 0 0
12  0  0  7  0  30 0  1 0 0
14  6 19  6  0   0 0  4 0 0
14 15 14  6 11  23 0  1 0 0

Room Drumkit
*1104
3 7 0 60 8192 80
31  5  5  8 14  40 0 11 3 0
28 25 10  8 10  25 0  5 7 0
31  5  5  8 10  50 0 15 7 0
25 14 14  8 14   8 0 15 3 1

Room Drumkit
*1105
3 7 0 60 8192 81
31  5  5  8 14  40 0 11 3 0
28 25 10  8 10  25 0  5 7 0
31  5  5  8 10  50 0 15 7 0
25 10  4  8 14   8 0 15 3 1

Room Drumkit
*1106
1 7 0 71 8192 82
24  0  0  9  4   0 1  0 0 0
24 16  0  9  4   0 3  0 0 0
19 22 22 13  2  14 1  0 0 0
18 18 17  9  6   2 1 15 0 0

Room Drumkit
*1107
4 7 0 83 8192 83
31  5 15  4 15  24 0 14 0 0
31  8 16  0 15  28 0  9 0 1
14 10  7  6 10   9 1  4 0 1
14  9  7  5 10  14 1  4 0 1

Room Drumkit
*1108
4 5 0 83 8192 84
20 13  0  3  2  33 0 13 0 1
24  0  0  3  0  42 0  5 0 0
12 21  8  4  4  14 0  4 0 1
17  9  8  4  3  14 0  8 0 0

Room Drumkit
*1109
4 3 0 62 8192 85
31 11  0  9 15  23 0  9 0 0
31 19  0  9 15  15 0  1 0 0
31 20  0  9 15  13 2  4 0 0
31 20  0  9 15  13 2  2 0 0

Room Drumkit
*1110
5 4 0 56 8192 86
28 21 10  1  2  25 0  1 0 0
31 18 18  5 15   0 1  1 7 0
19 17  0  5 15   0 1  0 0 0
31 16 18  5 15   0 1  1 3 0

Room Drumkit
*1111
5 4 0 47 8192 87
28 21 10  1  2  19 0  1 0 0
31 18 12  5 15   0 1  1 7 0
19 12  0  5 15   0 1  0 0 0
31 16 12  5 15   0 1  1 3 0

Jazz Drumkit
*4123
4 0 0 25 8192 27
24 27  0  0 15   4 1  2 0 0
28 23  0  8 15  28 1  2 0 0
31 21  0  8 15   2 2  1 0 0
31 19  0  8 15   2 0  3 0 0

Jazz Drumkit
*4124
4 7 0 50 8192 28
19  0  4  8  0   5 0 12 7 0
31 21  0  8 15   0 0  5 7 0
19 16 20 12 10   0 0  3 7 0
20 19 20 12 10   0 0  0 7 0

Jazz Drumkit
*4125
0 7 0 43 8192 29
16 10  4  0  4  17 0  1 0 0
31 14  4  0 15  22 0  0 3 0
31  8  1  0  2  41 0 15 3 0
16 18 20 10  8   0 0 15 0 0

Jazz Drumkit
*4126
0 7 0 35 8192 30
16 10  4  0  4  17 0  1 0 0
31 14  4  0 15  22 0  0 3 0
31  8  1  0  2  41 0 15 3 0
16 18 20 10  8   0 1 15 0 0

Jazz Drumkit
*4127
4 5 0 61 8192 31
28 17 31 15  7   0 0 12 0 0
 0  0  0 15  0   0 0  0 0 0
31 21 31 15 15   1 0  5 0 0
 0  0  0 15  0   0 0  0 0 0

Jazz Drumkit
*4128
7 3 0 75 8192 32
31 23  0 15 15  39 0  2 0 0
31 23  0 15 15   0 2  1 0 0
31 24  0 15 15  39 2  1 0 0
18 24  0 15 15   0 2  1 0 0

Jazz Drumkit
*4129
4 6 0 55 8192 33
31  0  0  8 15   0 0 15 0 0
31 27  0  8 15   0 0  2 0 0
31 19  0  8 15   4 2  0 0 0
31 21  0  8 15   4 0  2 0 0

Jazz Drumkit
*4130
4 0 0 42 8192 34
24  0  0  1 15   6 0 14 0 0
28 25 31 12  7   0 0 12 0 0
31 26 12  8  2  10 2  9 0 0
31 21 31  8 15   3 0  5 0 0

Jazz Drumkit
*4131
6 7 0 22 8192 35
31 25  0  1 15   0 0  0 7 0
28 12  0  6 15  11 0  3 0 0
28 11  0  6 15  11 0  3 7 0
28 12  0  6 15  11 0  3 3 0

Jazz Drumkit
*4132
5 5 0 17 8192 36
31 23  0  5 15  20 0  8 0 0
28 13  0  6 15   9 0  4 0 0
28 23  0  6 15   9 0 10 0 0
28 13  0  6 15   9 0  4 0 0

Jazz Drumkit
*4133
4 5 0 48 8192 37
31 23  0  0 13  10 0  4 7 0
31 23  0  0 13   0 0  1 0 0
31 21 26  6 15   0 0  9 7 0
31 21 26  6 15   0 0  9 0 0

Jazz Drumkit
*4134
4 7 0 20 8192 38
31  0  0  0  0   4 0 13 7 0
31 23  0  8 15   0 0  8 3 0
31 22 15  7  2   0 0  0 3 0
31 16 15  7  3   0 0  4 7 0

Jazz Drumkit
*4135
5 6 0 55 8192 39
31 31  0  6  1   0 0  0 7 0
31 31 31  6  1   6 0  7 3 0
18 31 19  6  2   6 0  6 4 0
31 20 14  6 13   6 0  6 7 0

Jazz Drumkit
*4136
4 7 0 23 8192 40
31  0  0  1 10   0 0  9 0 0
31 24  0  1 15   0 0  5 0 0
31 16 15  7  2   0 2  8 0 0
31 15 17  7  4   0 2  5 0 0

Jazz Drumkit
*4137
3 7 0 44 8192 41
31  4  0  1  0   0 0 15 4 0
31 26  0 11 15   0 0  4 4 0
31 21  4  1  6  24 0  1 3 0
31  0 12  7  0   3 0  1 4 0

Jazz Drumkit
*4138
3 7 0 60 8192 42
31  0  0  0  0  13 0 15 4 0
31  0  0  0  0   9 0 12 4 0
31 19  4  0  3  25 0 15 4 0
30 21 16  8  3   0 0  2 4 0

Jazz Drumkit
*4139
3 7 0 48 8192 43
31  4  0  1  0   0 0 15 0 0
31 26  0 11 15   0 0  4 0 0
31 21  4  1  6  24 1  1 3 0
31  0 12  7  0   3 0  1 0 0

Jazz Drumkit
*4140
3 7 0 60 8192 44
31  0  0  0  0  13 0 15 4 0
31  0  0  0  0   9 0 12 4 0
31 19  4  0  3  25 0 15 4 0
18 21 15  8  3   0 0  2 4 0

Jazz Drumkit
*4141
3 7 0 52 8192 45
31  4  0  1  0   0 0 15 0 0
31 26  0 15 15   0 1  4 0 0
31 21  4  1  6  24 0  1 3 0
31  0 12  6  0   3 0  1 0 0

Jazz Drumkit
*4142
3 7 0 74 8192 46
31  0  0  1  0  13 0 15 0 0
31  0  0  1  0   9 0 12 0 0
31 19  4  1  3  25 0 15 0 0
31 21 11  5  3   0 0  2 0 0

Jazz Drumkit
*4143
3 7 0 55 8192 47
31  0  0  1  0   0 0 15 0 0
31 31  0  1 15   0 1  4 0 0
31 21  4  1  8  24 0  1 0 0
31 11  0  6 15   3 0  1 0 0

Jazz Drumkit
*4144
3 7 0 57 8192 48
31  4  0  1  0   0 0 15 0 0
31 26  0 15 15   0 1  4 0 0
31 21  4  1  6  24 0  1 3 0
31  0 12  6  0   3 0  1 0 0

Jazz Drumkit
*4145
3 5 0 94 8192 49
31  3  0  1  1  17 0  2 7 0
17  1  2  3  3  12 0 12 7 0
31  5  4  2 15  13 0 14 1 0
31 19  8  4  2   0 0  4 0 0

Jazz Drumkit
*4146
3 7 0 60 8192 50
31  4  0  1  0   0 0 15 0 0
31 26  0 15 15   0 1  4 0 0
31 21  4  1  6  24 0  1 3 0
31  0 12  6  0   3 0  1 0 0

Jazz Drumkit
*4147
4 5 0 75 8192 51
31  0  0  3  0   3 0 15 7 0
31  0  0  3  0  19 0 15 0 0
24 19 12  6  4   4 0  4 7 0
24 19 12  6  4   4 0  4 7 0

Jazz Drumkit
*4148
4 7 0 52 8192 52
31  0  0  0  0   0 0 15 0 0
31 21  0 15 11   0 0  1 1 0
31 19 11  4  2   5 0  9 0 0
31 17 17  9  2   4 2  0 7 0

Jazz Drumkit
*4149
4 5 0 89 8192 53
21  0  0  2  0   8 0 13 0 0
21  0  0  2  0   6 0  9 0 0
31 23 10  6  2  14 0  9 0 0
31 21 12  7  2   5 0  4 0 0

Jazz Drumkit
*4150
4 6 0 87 8192 54
31  0  0  2  0   0 0  0 4 0
31  0  0  8 15  40 0  9 0 0
18 17  0  7 15  13 0 15 4 0
18 17 15  7 15   8 0  9 0 0

Jazz Drumkit
*4151
4 5 0 91 8192 55
31  2  2  1  5   0 0 15 5 0
31 20  6  1  3   1 0  1 5 0
27 11  9  6  8   9 0  3 1 1
27 18  6  6  3   0 1 13 0 1

Jazz Drumkit
*4152
0 5 0 58 8192 56
31 21 19  6  2   0 0 15 2 0
31 21 13  6  3  31 0  7 3 0
31 21 12  6  2  36 0  8 6 0
31 19 16  9  2   8 0  2 3 0

Jazz Drumkit
*4153
4 7 0 30 8192 57
31  0  0  0  0  12 0 15 7 0
31 20  0 15 15   0 0  1 7 0
31 24 10  5  2   3 0  5 1 0
31  1 15 15  0   3 0  0 0 0

Jazz Drumkit
*4154
5 7 0 88 8192 58
20 25  0  8 15   0 0  1 1 1
31 14 11  8  3  17 0  0 0 1
31 14 11  8  3  17 0  0 0 1
31 14 12  8  0  17 0  0 0 1

Jazz Drumkit
*4155
4 5 0 73 8192 59
31  7  0  4 15   3 0 11 0 0
31  7  0  4 15  19 0 11 7 0
20 19 11  7  4   8 1 13 0 0
20 19 11  7  4   8 1 13 7 0

Jazz Drumkit
*4156
6 5 0 65 8192 60
28 13  0  7 15   5 2  2 0 0
23 19 15  7 15   8 0  2 7 0
28 18  0  7 15   8 2  1 0 0
18 19 15  7 15   8 0  3 3 0

Jazz Drumkit
*4157
6 5 0 57 8192 61
28 15  0  7 15   3 2  2 0 0
23 18 10  7 15   8 0  2 7 0
28 18  0  7 15   8 2  1 0 0
18 18 10  7 15   8 0  3 3 0

Jazz Drumkit
*4158
6 5 0 25 8192 62
28 21  0  7 15   0 2  2 0 0
23 18 10  7 15  15 0  3 7 0
28 17 19  7  2   0 2  0 0 0
28 18 14  7 15  15 0  5 3 0

Jazz Drumkit
*4159
6 5 0 25 8192 63
28  0  0  7 15  30 2  6 0 0
23 18 17  7 15   0 0 11 7 0
28 18  0  7 15   0 2  0 0 0
18 18 17  8 15   0 0  8 3 0

Jazz Drumkit
*4160
6 5 0 20 8192 64
28  0  0  7 15  30 2  6 0 0
23 18 17  7 15   0 0 10 7 0
28 18  0  7 15   0 2  0 0 0
18 18 17  8 15   0 0  8 3 0

Jazz Drumkit
*4161
1 5 0 25 8192 65
31  6  3  7  5   4 3  9 7 0
31  0  0  7  0  37 3  7 7 0
31 31 19  7  3  13 3  5 7 0
31  0 17  7  0   9 0 11 7 0

Jazz Drumkit
*4162
1 5 0 20 8192 66
31  6  6  7  5   4 3  9 7 0
31  6  6  7  0  37 3  7 7 0
31 31 19  7  3  13 3  5 7 0
31  0 16  7  0   9 0 11 7 0

Jazz Drumkit
*4163
4 7 0 65 8192 67
31  9  9  6  8  23 2 14 3 0
31  9  9  6  8  24 2 14 0 0
20 16 17  8 10  11 1  4 3 0
20 16 17  8 10  11 1  4 0 0

Jazz Drumkit
*4164
4 7 0 60 8192 68
31  9  9  6  8  26 2 14 3 0
31  9  9  6  8  24 2 14 0 0
23 16 17  8 10  11 1  4 3 0
21 16 17  8 10  11 0  4 0 0

Jazz Drumkit
*4165
4 6 0 77 8192 69
31  0  0 15  0   7 0 15 0 0
31  0  0 15  0   7 0  0 3 0
13 16 16 15  2   8 2 14 0 0
13 18 16 15  1   8 2 14 7 0

Jazz Drumkit
*4166
4 7 0 71 8192 70
18  0  0  9  2   7 1  0 0 0
24  0  0  9  4   9 3  0 0 0
18 18 19 13  8   0 2 15 0 0
15 18 18  9  6  12 2 15 0 0

Jazz Drumkit
*4167
4 0 0 55 8192 71
18 10  0 11  0  37 0  0 0 0
 0  0  0  0 15 127 0  0 0 0
18 11 22 11  2   0 0 14 0 0
 0  0  0  0 15 127 0  0 0 0

Jazz Drumkit
*4168
4 0 0 51 8192 72
18 10  0 11  0  37 0  0 0 0
 0  0  0  0 15 127 0  0 0 0
18  8 22 11  2   0 0 14 0 0
 0  0  0  0 15 127 0  0 0 0

Jazz Drumkit
*4169
5 7 0 72 8192 73
31  5  1  6  0  13 0  0 0 0
17 16 20  8 15   9 3  0 0 0
15 16 20  8 15   2 2  3 0 0
15 18 20  8 15   9 2  2 0 0

Jazz Drumkit
*4170
4 7 0 48 8192 74
19 27  0  0 15   0 1  1 3 0
31 21  0  0 15   0 0  2 3 0
11 17  0  9 15  13 1  2 0 0
28 20  0  8 15  13 0  3 0 0

Jazz Drumkit
*4171
4 7 0 61 8192 75
31 22 22  8 12  40 0  8 1 0
31 25 12  8 14  35 3  8 1 0
23 21 28  8 11   0 3  8 1 0
23 20 13  8  1   5 3  8 1 0

Jazz Drumkit
*4172
4 7 0 61 8192 76
31 22 22  8 12  24 0  7 1 0
31 25 12  8 14  10 3 14 1 0
31 18 28  8 11  12 0  5 1 0
31 20 13  8  1  16 3  9 1 0

Jazz Drumkit
*4173
4 7 0 53 8192 77
31 22 22  8 12  20 0  7 1 0
31 25 12  8 14  10 3 14 1 0
31 18 28  8 11  12 0  5 1 0
31 20 13  8  1  18 3  9 1 0

Jazz Drumkit
*4174
4 7 0 45 8192 78
12 15 15  7  0  47 0  2 7 0
12 15 15  7  0  27 0  1 0 0
14  6 19  6  0   0 1  8 7 0
14  6 19  6  0   0 2  8 0 0

Jazz Drumkit
*4175
4 7 0 39 8192 79
12 15 15  7  0  38 0  1 0 0
12  0  0  7  0  30 0  1 0 0
14  6 19  6  0   0 0  4 0 0
14 15 14  6 11  23 0  1 0 0

Jazz Drumkit
*4176
3 7 0 60 8192 80
31  5  5  8 14  40 0 11 3 0
28 25 10  8 10  25 0  5 7 0
31  5  5  8 10  50 0 15 7 0
25 14 14  8 14   8 0 15 3 1

Jazz Drumkit
*4177
3 7 0 60 8192 81
31  5  5  8 14  40 0 11 3 0
28 25 10  8 10  25 0  5 7 0
31  5  5  8 10  50 0 15 7 0
25 10  4  8 14   8 0 15 3 1

Jazz Drumkit
*4178
1 7 0 71 8192 82
24  0  0  9  4   0 1  0 0 0
24 16  0  9  4   0 3  0 0 0
19 22 22 13  2  14 1  0 0 0
18 18 17  9  6   2 1 15 0 0

Jazz Drumkit
*4179
4 7 0 83 8192 83
31  5 15  4 15  24 0 14 0 0
31  8 16  0 15  28 0  9 0 1
14 10  7  6 10   9 1  4 0 1
14  9  7  5 10  14 1  4 0 1

Jazz Drumkit
*4180
4 5 0 83 8192 84
20 13  0  3  2  33 0 13 0 1
24  0  0  3  0  42 0  5 0 0
12 21  8  4  4  14 0  4 0 1
17  9  8  4  3  14 0  8 0 0

Jazz Drumkit
*4181
4 3 0 62 8192 85
31 11  0 15 15  23 0  9 0 0
31 19  0 15 15  15 0  1 0 0
31 20  0 15 15  13 2  4 0 0
31 20  0 15 15  13 2  2 0 0

Jazz Drumkit
*4182
5 4 0 56 8192 86
28 21 10  1  2  25 0  1 0 0
31 18 18  5 15   0 1  1 7 0
19 17  0  5 15   0 1  0 0 0
31 16 18  5 15   0 1  1 3 0

Jazz Drumkit
*4183
5 4 0 47 8192 87
28 21 10  1  2  19 0  1 0 0
31 18 12  5 15   0 1  1 7 0
19 12  0  5 15   0 1  0 0 0
31 16 12  5 15   0 1  1 3 0

Brush Drumkit
*5147
4 0 0 25 8192 27
24 27  0  0 15   4 1  2 0 0
28 23  0  8 15  28 1  2 0 0
31 21  0  8 15   2 2  1 0 0
31 19  0  8 15   2 0  3 0 0

Brush Drumkit
*5148
4 7 0 50 8192 28
19  0  4  6  0   5 0 12 7 0
31 21  0  6 15   0 0  5 7 0
19 16 20  8 10   0 0  3 7 0
20 19 20  8 10   0 0  0 7 0

Brush Drumkit
*5149
0 7 0 43 8192 29
16 10  4  0  4  17 0  1 0 0
31 14  4  0 15  22 0  0 3 0
31  8  1  0  2  41 0 15 3 0
16 18 20  8  8   0 0 15 0 0

Brush Drumkit
*5150
0 7 0 35 8192 30
16 10  4  0  4  17 0  1 0 0
31 14  4  0 15  22 0  0 3 0
31  8  1  0  2  41 0 15 3 0
16 18 20  8  8   0 1 15 0 0

Brush Drumkit
*5151
4 5 0 61 8192 31
28 17 31  9  7   0 0 12 0 0
 0  0  0  9  0   0 0  0 0 0
31 21 31  9 15   1 0  5 0 0
 0  0  0  9  0   0 0  0 0 0

Brush Drumkit
*5152
7 3 0 75 8192 32
31 23  0 11 15  39 0  2 0 0
31 23  0 11 15   0 2  1 0 0
31 24  0 11 15  39 2  1 0 0
18 24  0 11 15   0 2  1 0 0

Brush Drumkit
*5153
4 6 0 55 8192 33
31  0  0  8 15   0 0 15 0 0
31 27  0  8 15   0 0  2 0 0
31 19  0  8 15   4 2  0 0 0
31 21  0  8 15   4 0  2 0 0

Brush Drumkit
*5154
4 0 0 42 8192 34
24  0  0  1 15   6 0 14 0 0
28 25 31 12  7   0 0 12 0 0
31 26 12  8  2  10 2  9 0 0
31 21 31  8 15   3 0  5 0 0

Brush Drumkit
*5155
6 7 0 22 8192 35
31 25  0  1 15   0 0  0 7 0
28 12  0  6 15  11 0  3 0 0
28 11  0  6 15  11 0  3 7 0
28 12  0  6 15  11 0  3 3 0

Brush Drumkit
*5156
5 5 0 17 8192 36
31 25  0  0 15  20 0  8 0 0
28 13  0  6 15   8 0  4 0 0
28 23  0  6 15   8 0 10 0 0
28 13  0  6 15   8 0  4 0 0

Brush Drumkit
*5157
4 5 0 48 8192 37
31 23  0  0 13  10 0  4 7 0
31 23  0  0 13   0 0  1 0 0
31 21 26  6 15   0 0  9 7 0
31 21 26  6 15   0 0  9 0 0

Brush Drumkit
*5158
4 7 0 60 8192 38
31  0  0  6  0   5 0 15 0 0
31 24 15  6 15   0 0  0 0 0
18 25 16  8  2   8 0  0 0 0
18 19 20  8  2   8 1  1 0 0

Brush Drumkit
*5159
4 7 0 39 8192 39
31  0  0  0  0   0 0 15 0 0
31 22  0  8 15   0 0  2 0 0
27 31 19  6  2   8 0  0 0 0
27 13  0  8 15   8 3  2 0 0

Brush Drumkit
*5160
2 7 0 33 8192 40
20  1  0  6  4   4 3  0 0 0
28  1  0  6  4  12 3 15 0 0
24  1  0  6  4   0 3 14 0 0
12 11 11  8  2   7 1  7 0 1

Brush Drumkit
*5161
4 2 0 26 8192 41
31 20  0  1 15   2 2  0 0 0
31  2  0  5  4  47 0  2 0 0
28 20  0  8 15   2 1  5 3 0
28 12 12  6 15   0 0  3 0 0

Brush Drumkit
*5162
3 7 0 60 8192 42
31  0  0  0  0  13 0 15 4 0
31  0  0  0  0   9 0 12 4 0
31 19  4  0  3  25 0 15 4 0
30 21 16  8  3   0 0  2 4 0

Brush Drumkit
*5163
4 2 0 28 8192 43
31 20  0  1 15   2 1  0 0 0
31  2  0  5  4  47 0  2 0 0
28 21  0  8 15   2 0  5 3 0
28 12 12  6 15   0 0  3 0 0

Brush Drumkit
*5164
3 7 0 60 8192 44
31  0  0  0  0  13 0 15 4 0
31  0  0  0  0   9 0 12 4 0
31 19  4  0  3  25 0 15 4 0
18 21 15  8  3   0 0  2 4 0

Brush Drumkit
*5165
4 2 0 30 8192 45
31 19  0  1 15   5 0  0 0 0
31  2  0  5  4  47 0  2 0 0
28 21  0  6 15   0 0  5 3 0
28 11 12  6 15   0 0  3 0 0

Brush Drumkit
*5166
3 7 0 74 8192 46
31  0  0  0  0  13 0 15 0 0
31  0  0  0  0   9 0 12 0 0
31 19  4  0  3  25 0 15 0 0
31 21 11  5  3   0 0  2 0 0

Brush Drumkit
*5167
4 3 0 32 8192 47
31 19  0  1 15   2 0  0 0 0
31  2  0  5  4  50 0  2 0 0
28 19 20  8 15   2 0  5 3 0
28 11 12  6 15   0 0  3 0 0

Brush Drumkit
*5168
4 2 0 35 8192 48
31 17  0  1 15   2 0  0 0 0
31  2  0  5  4  55 0  2 0 0
28 21  0  8 15   0 0  3 3 0
28 11 12  7 15   0 0  3 0 0

Brush Drumkit
*5169
3 5 0 94 8192 49
31  3  0  1  1  17 0  2 7 0
17  1  2  3  3  12 0 12 7 0
31  5  4  2 15  13 0 14 1 0
31 19  8  4  2   0 0  4 0 0

Brush Drumkit
*5170
4 2 0 38 8192 50
31 17  0  1 15   7 0  0 0 0
31  2  0  3  4  60 0  2 0 0
28 21  0  8 15   0 0  3 3 0
28 10 10  6 11   0 0  3 0 0

Brush Drumkit
*5171
4 5 0 75 8192 51
31  0  0  3  0   3 0 15 7 0
31  0  0  3  0  19 0 15 0 0
24 19 12  6  4   4 0  4 7 0
24 19 12  6  4   4 0  4 7 0

Brush Drumkit
*5172
4 7 0 52 8192 52
31  0  0  0  0   0 0 15 0 0
31 21  0 15 11   0 0  1 1 0
31 19 11  4  2   5 0  9 0 0
31 17 17  9  2   4 2  0 7 0

Brush Drumkit
*5173
4 5 0 89 8192 53
21  0  0  2  0   8 0 13 0 0
21  0  0  2  0   6 0  9 0 0
31 23 10  6  2  14 0  9 0 0
31 21 12  7  2   5 0  4 0 0

Brush Drumkit
*5174
4 6 0 87 8192 54
31  0  0  2  0   0 0  0 4 0
31  0  0  8 15  40 0  9 0 0
18 17  0  7 15  13 0 15 4 0
18 17 15  7 15   8 0  9 0 0

Brush Drumkit
*5175
4 5 0 91 8192 55
31  2  2  1  5   0 0 15 5 0
31 20  6  1  3   1 0  1 5 0
27 11  9  6  8   9 0  3 1 1
27 18  6  6  3   0 1 13 0 1

Brush Drumkit
*5176
0 5 0 58 8192 56
31 21 19  6  2   0 0 15 2 0
31 21 13  6  3  31 0  7 3 0
31 21 12  6  2  36 0  8 6 0
31 19 16  9  2   8 0  2 3 0

Brush Drumkit
*5177
4 7 0 30 8192 57
31  0  0  0  0  12 0 15 7 0
31 20  0 15 15   0 0  1 7 0
31 24 10  5  2   3 0  5 1 0
31  1 15  9  0   3 0  0 0 0

Brush Drumkit
*5178
5 7 0 88 8192 58
20 25  0  8 15   0 0  1 1 1
31 14 11  8  3  17 0  0 0 1
31 14 11  8  3  17 0  0 0 1
31 14 12  8  0  17 0  0 0 1

Brush Drumkit
*5179
4 5 0 73 8192 59
31  7  0  4 15   3 0 11 0 0
31  7  0  4 15  19 0 11 7 0
20 19 11  7  4   8 1 13 0 0
20 19 11  7  4   8 1 13 7 0

Brush Drumkit
*5180
6 5 0 65 8192 60
28 13  0  7 15   5 2  2 0 0
23 19 15  7 15   8 0  2 7 0
28 18  0  7 15   8 2  1 0 0
18 19 15  7 15   8 0  3 3 0

Brush Drumkit
*5181
6 5 0 57 8192 61
28 15  0  7 15   3 2  2 0 0
23 18 10  7 15   8 0  2 7 0
28 18  0  7 15   8 2  1 0 0
18 18 10  7 15   8 0  3 3 0

Brush Drumkit
*5182
6 5 0 25 8192 62
28 21  0  7 15   0 2  2 0 0
23 18 10  7 15  15 0  3 7 0
28 17 19  7  2   0 2  0 0 0
28 18 14  7 15  15 0  5 3 0

Brush Drumkit
*5183
6 5 0 25 8192 63
28  0  0  7 15  30 2  6 0 0
23 18 17  7 15   0 0 11 7 0
28 18  0  7 15   0 2  0 0 0
18 18 17  8 15   0 0  8 3 0

Brush Drumkit
*5184
6 5 0 20 8192 64
28  0  0  7 15  30 2  6 0 0
23 18 17  7 15   0 0 10 7 0
28 18  0  7 15   0 2  0 0 0
18 18 17  8 15   0 0  8 3 0

Brush Drumkit
*5185
1 5 0 25 8192 65
31  6  3  7  5   4 3  9 7 0
31  0  0  7  0  37 3  7 7 0
31 31 19  7  3  13 3  5 7 0
31  0 17  7  0   9 0 11 7 0

Brush Drumkit
*5186
1 5 0 20 8192 66
31  6  6  7  5   4 3  9 7 0
31  6  6  7  0  37 3  7 7 0
31 31 19  7  3  13 3  5 7 0
31  0 16  7  0   9 0 11 7 0

Brush Drumkit
*5187
4 7 0 65 8192 67
31  9  9  6  8  23 2 14 3 0
31  9  9  6  8  24 2 14 0 0
20 16 17  8 10  11 1  4 3 0
20 16 17  8 10  11 1  4 0 0

Brush Drumkit
*5188
4 7 0 60 8192 68
31  9  9  6  8  26 2 14 3 0
31  9  9  6  8  24 2 14 0 0
23 16 17  8 10  11 1  4 3 0
21 16 17  8 10  11 0  4 0 0

Brush Drumkit
*5189
4 6 0 77 8192 69
31  0  0 10  0   7 0 15 0 0
31  0  0 10  0   7 0  0 3 0
13 16 16 10  2   8 2 14 0 0
13 18 16 10  1   8 2 14 7 0

Brush Drumkit
*5190
4 7 0 71 8192 70
18  0  0  9  2   7 1  0 0 0
24  0  0  9  4   9 3  0 0 0
18 18 19 13  8   0 2 15 0 0
15 18 18  9  6  12 2 15 0 0

Brush Drumkit
*5191
4 0 0 55 8192 71
18 10  0 11  0  37 0  0 0 0
 0  0  0  0 15 127 0  0 0 0
18 11 22 11  2   0 0 14 0 0
 0  0  0  0 15 127 0  0 0 0

Brush Drumkit
*5192
4 0 0 51 8192 72
18 10  0 11  0  37 0  0 0 0
 0  0  0  0 15 127 0  0 0 0
18  8 22 11  2   0 0 14 0 0
 0  0  0  0 15 127 0  0 0 0

Brush Drumkit
*5193
5 7 0 72 8192 73
31  5  1  6  0  13 0  0 0 0
17 16 20  8 15   9 3  0 0 0
15 16 20  8 15   2 2  3 0 0
15 18 20  8 15   9 2  2 0 0

Brush Drumkit
*5194
4 7 0 48 8192 74
19 27  0  0 15   0 1  1 3 0
31 21  0  0 15   0 0  2 3 0
11 17  0  9 15  13 1  2 0 0
28 20  0  8 15  13 0  3 0 0

Brush Drumkit
*5195
4 7 0 61 8192 75
31 22 22  8 12  40 0  8 1 0
31 25 12  8 14  35 3  8 1 0
23 21 28  8 11   0 3  8 1 0
23 20 13  8  1   5 3  8 1 0

Brush Drumkit
*5196
4 7 0 61 8192 76
31 22 22  8 12  24 0  7 1 0
31 25 12  8 14  10 3 14 1 0
31 18 28  8 11  12 0  5 1 0
31 20 13  8  1  16 3  9 1 0

Brush Drumkit
*5197
4 7 0 53 8192 77
31 22 22  8 12  20 0  7 1 0
31 25 12  8 14  10 3 14 1 0
31 18 28  8 11  12 0  5 1 0
31 20 13  8  1  18 3  9 1 0

Brush Drumkit
*5198
4 7 0 45 8192 78
12 15 15  7  0  47 0  2 7 0
12 15 15  7  0  27 0  1 0 0
14  6 19  6  0   0 1  8 7 0
14  6 19  6  0   0 2  8 0 0

Brush Drumkit
*5199
4 7 0 39 8192 79
12 15 15  7  0  38 0  1 0 0
12  0  0  7  0  30 0  1 0 0
14  6 19  6  0   0 0  4 0 0
14 15 14  6 11  23 0  1 0 0

Brush Drumkit
*5200
3 7 0 60 8192 80
31  5  5  8 14  40 0 11 3 0
28 25 10  8 10  25 0  5 7 0
31  5  5  8 10  50 0 15 7 0
25 14 14  8 14   8 0 15 3 1

Brush Drumkit
*5201
3 7 0 59 8192 81
31  5  5  8 14  40 0 11 3 0
28 25 10  8 10  25 0  5 7 0
31  5  5  8 10  50 0 15 7 0
25 10  4  8 14   8 0 15 3 1

Brush Drumkit
*5202
1 7 0 71 8192 82
24  0  0  9  4   0 1  0 0 0
24 16  0  9  4   0 3  0 0 0
19 22 22 13  2  14 1  0 0 0
18 18 17  9  6   2 1 15 0 0

Brush Drumkit
*5203
4 7 0 83 8192 83
31  5 15  4 15  24 0 14 0 0
31  8 16  0 15  28 0  9 0 1
14 10  7  6 10   9 1  4 0 1
14  9  7  5 10  14 1  4 0 1

Brush Drumkit
*5204
4 5 0 83 8192 84
20 13  0  3  2  33 0 13 0 1
24  0  0  3  0  42 0  5 0 0
12 21  8  4  4  14 0  4 0 1
17  9  8  4  3  14 0  8 0 0

Brush Drumkit
*5205
4 3 0 62 8192 85
31 11  0 10 15  23 0  9 0 0
31 19  0 10 15  15 0  1 0 0
31 20  0 10 15  13 2  4 0 0
31 20  0 10 15  13 2  2 0 0

Brush Drumkit
*5206
5 4 0 56 8192 86
28 21 10  1  2  25 0  1 0 0
31 18 18  5 15   0 1  1 7 0
19 17  0  5 15   0 1  0 0 0
31 16 18  5 15   0 1  1 3 0

Brush Drumkit
*5207
5 4 0 47 8192 87
28 21 10  1  2  19 0  1 0 0
31 18 12  5 15   0 1  1 7 0
19 12  0  5 15   0 1  0 0 0
31 16 12  5 15   0 1  1 3 0

Power Drumkit
*2075
4 0 0 25 8192 27
24 27  0  0 15   4 1  2 0 0
28 23  0  8 15  28 1  2 0 0
31 21  0  8 15   2 2  1 0 0
31 19  0  8 15   2 0  3 0 0

Power Drumkit
*2076
4 7 0 50 8192 28
19  0  4  6  0   5 0 12 7 0
31 21  0  6 15   0 0  5 7 0
19 16 20  8 10   0 0  3 7 0
20 19 20  8 10   0 0  0 7 0

Power Drumkit
*2077
0 7 0 43 8192 29
16 10  4  0  4  17 0  1 0 0
31 14  4  0 15  22 0  0 3 0
31  8  1  0  2  41 0 15 3 0
16 18 20  8  8   0 0 15 0 0

Power Drumkit
*2078
0 7 0 35 8192 30
16 10  4  0  4  17 0  1 0 0
31 14  4  0 15  22 0  0 3 0
31  8  1  0  2  41 0 15 3 0
16 18 20  7  8   0 1 15 0 0

Power Drumkit
*2079
4 5 0 61 8192 31
28 17 31 10  7   0 0 12 0 0
 0  0  0 11  0   0 0  0 0 0
31 21 31 11 15   1 0  5 0 0
 0  0  0 11  0   0 0  0 0 0

Power Drumkit
*2080
7 3 0 75 8192 32
31 23  0 11 15  39 0  2 0 0
31 23  0 11 15   0 2  1 0 0
31 24  0 11 15  39 2  1 0 0
18 24  0 11 15   0 2  1 0 0

Power Drumkit
*2081
4 6 0 55 8192 33
31  0  0  8 15   0 0 15 0 0
31 27  0  8 15   0 0  2 0 0
31 19  0  8 15   4 2  0 0 0
31 21  0  8 15   4 0  2 0 0

Power Drumkit
*2082
4 0 0 42 8192 34
24  0  0  1 15   6 0 14 0 0
28 25 31 12  7   0 0 12 0 0
31 26 12  8  2  10 2  9 0 0
31 21 31  8 15   3 0  5 0 0

Power Drumkit
*2083
5 5 0 21 8192 35
31 20  0  8 15   4 0  1 3 0
31  1 15  8  0  10 0  0 3 0
21  1 15  8  0  10 0  0 3 0
21  1 15  8  0  10 1  0 7 0

Power Drumkit
*2084
5 5 0 22 8192 36
31 20  0  8 15   0 0  1 0 0
28 13 14  7  1   9 0  3 0 0
28 13 14  7  1   9 0  3 0 0
28 13 14  7  1   9 0  3 0 0

Power Drumkit
*2085
4 5 0 48 8192 37
31 23  0  1 13  10 0  4 7 0
31 23  0  1 13   0 0  1 0 0
31 21 26  6 15   0 0  9 7 0
31 21 26  6 15   0 0  9 0 0

Power Drumkit
*2086
0 7 0 21 8192 38
21  0  0  1  0  32 0 15 0 0
23 17  9  4  2  20 0  1 0 0
20 11 12  4  2   1 0 11 0 0
28  0 14  6  0   0 0  7 0 0

Power Drumkit
*2087
5 6 0 55 8192 39
31 31  0  6  1   0 0  0 7 0
30 31 31  6  1   6 0  7 3 0
18 31 19  6  2   6 0  6 4 0
30 20 14  6 13   6 0  6 7 0

Power Drumkit
*2088
4 7 0 23 8192 40
31  0  0  1 10   0 0  9 0 0
31 24  0  1 15   0 0  5 0 0
28 16 15  7  2   0 2  8 0 0
28 15 17  7  4   0 2  5 0 0

Power Drumkit
*2089
3 7 0 44 8192 41
31  4  0  1  0   0 0 15 4 0
31 26  0  1 15   0 0  4 4 0
31 21 13  1  6  24 0  1 3 0
28  0 12  6  0   3 0  1 4 0

Power Drumkit
*2090
3 7 0 60 8192 42
31  0  0  1  0  13 0 15 4 0
31  0  0  1  0   9 0 12 4 0
31 19  4  1  3  25 0 15 4 0
30 21 16  8  3   0 0  2 4 0

Power Drumkit
*2091
3 7 0 48 8192 43
31  4  0  1  0   0 0 15 0 0
31 26  0 15 15   0 0  4 0 0
31 21 13  1  6  24 1  1 3 0
28  0 12  6  0   3 0  1 0 0

Power Drumkit
*2092
3 7 0 60 8192 44
31  0  0  0  0  13 0 15 4 0
31  0  0  0  0   9 0 12 4 0
31 19  4  0  3  25 0 15 4 0
18 21 15  8  3   0 0  2 4 0

Power Drumkit
*2093
3 7 0 52 8192 45
31  4  0  1  0   0 0 15 0 0
31 26  0  1 15   0 1  4 0 0
31 21 13  1  6  24 0  1 3 0
29  0 12  7  0   3 0  1 0 0

Power Drumkit
*2094
3 7 0 74 8192 46
31  0  0  1  0  13 0 15 0 0
31  0  0  1  0   9 0 12 0 0
31 19  4  1  3  25 0 15 0 0
31 21 11  5  3   0 0  2 0 0

Power Drumkit
*2095
3 7 0 55 8192 47
31  0  0  1  0   0 0 15 0 0
31 31  0  1 15   0 1  4 0 0
31 21 13  1  8  24 0  1 0 0
29 11  0  7 15   3 0  1 0 0

Power Drumkit
*2096
3 7 0 57 8192 48
31  4  0  2  0   0 0 15 0 0
31 26  0  1 15   0 1  4 0 0
31 21 13  2  6  24 0  1 3 0
29  0 11  7  0   3 0  1 0 0

Power Drumkit
*2097
3 4 0 94 8192 49
31  3  0  1  1  17 0  2 7 0
17  1  2  3  3  12 0 12 7 0
31  5  4  2 15  13 0 14 1 0
31 19  8  4  2   0 0  4 0 0

Power Drumkit
*2098
3 7 0 60 8192 50
31  4  0  1  0   0 0 15 0 0
31 26  0  1 15   0 1  4 0 0
31 21 13  1  6  24 0  1 3 0
29  0 11  7  0   3 0  1 0 0

Power Drumkit
*2099
4 5 0 75 8192 51
31  0  0  3  0   3 0 15 7 0
31  0  0  3  0  19 0 15 0 0
24 19 12  6  4   4 0  4 7 0
24 19 12  6  4   4 0  4 7 0

Power Drumkit
*2100
4 7 0 52 8192 52
31  0  0  1  0   0 0 15 0 0
31 21  0 11 11   0 0  1 1 0
31 19 11  4  2   5 0  9 0 0
31 17 17  8  2   4 2  0 7 0

Power Drumkit
*2101
4 5 0 89 8192 53
21  0  0  2  0   8 0 13 0 0
21  0  0  2  0   6 0  9 0 0
31 23 10  6  2  14 0  9 0 0
31 21 12  7  2   5 0  4 0 0

Power Drumkit
*2102
4 6 0 87 8192 54
31  0  0  5  0   0 0  0 4 0
31  0  0  8 15  40 0  9 0 0
18 17  0  7 15  13 0 15 4 0
18 17 15  7 15   8 0  9 0 0

Power Drumkit
*2103
4 5 0 91 8192 55
31  2  2  1  5   0 0 15 5 0
31 20  6  1  3   1 0  1 5 0
27 11  9  6  8   9 0  3 1 1
27 18  6  6  3   0 1 13 0 1

Power Drumkit
*2104
0 5 0 58 8192 56
31 21 19  6  2   0 0 15 2 0
31 21 13  6  3  31 0  7 3 0
31 21 12  6  2  36 0  8 6 0
31 19 16  9  2   8 0  2 3 0

Power Drumkit
*2105
4 7 0 30 8192 57
31  0  0  1  0  12 0 15 7 0
31 20  0 11 15   0 0  1 7 0
31 24 10  5  2   3 0  5 1 0
31  1 15 15  0   3 0  0 0 0

Power Drumkit
*2106
5 7 0 88 8192 58
20 25  0  8 15   0 0  1 1 1
31 14 11  8  3  17 0  0 0 1
31 14 11  8  3  17 0  0 0 1
31 14 12  8  0  17 0  0 0 1

Power Drumkit
*2107
4 5 0 73 8192 59
31  7  0  4 15   3 0 11 0 0
31  7  0  4 15  19 0 11 7 0
20 19 11  7  4   8 1 13 0 0
20 19 11  7  4   8 1 13 7 0

Power Drumkit
*2108
6 5 0 65 8192 60
28 13  0  7 15   5 2  2 0 0
23 19 15  7 15   8 0  2 7 0
28 18  0  7 15   8 2  1 0 0
18 19 15  7 15   8 0  3 3 0

Power Drumkit
*2109
6 5 0 57 8192 61
28 15  0  7 15   3 2  2 0 0
23 18 10  7 15   8 0  2 7 0
28 18  0  7 15   8 2  1 0 0
18 18 10  7 15   8 0  3 3 0

Power Drumkit
*2110
6 5 0 25 8192 62
28 21  0  7 15   0 2  2 0 0
23 18 10  7 15  15 0  3 7 0
28 17 19  7  2   0 2  0 0 0
28 18 14  7 15  15 0  5 3 0

Power Drumkit
*2111
6 5 0 25 8192 63
28  0  0  7 15  30 2  6 0 0
23 18 17  7 15   0 0 11 7 0
28 18  0  7 15   0 2  0 0 0
18 18 17  8 15   0 0  8 3 0

Power Drumkit
*2112
6 5 0 20 8192 64
28  0  0  7 15  30 2  6 0 0
23 18 17  7 15   0 0 10 7 0
28 18  0  7 15   0 2  0 0 0
18 18 17  8 15   0 0  8 3 0

Power Drumkit
*2113
1 5 0 25 8192 65
31  6  3  8  5   4 3  9 7 0
31  0  0  8  0  37 3  7 7 0
31 31 19  8  3  13 3  5 7 0
31  0 17  8  0   9 0 11 7 0

Power Drumkit
*2114
1 5 0 20 8192 66
31  6  6  8  5   4 3  9 7 0
31  6  6  8  0  37 3  7 7 0
31 31 19  8  3  13 3  5 7 0
31  0 16  8  0   9 0 11 7 0

Power Drumkit
*2115
4 7 0 65 8192 67
31  9  9  6  8  23 2 14 3 0
31  9  9  6  8  24 2 14 0 0
20 16 17  8 10  11 1  4 3 0
20 16 17  8 10  11 1  4 0 0

Power Drumkit
*2116
4 7 0 60 8192 68
31  9  9  6  8  26 2 14 3 0
31  9  9  6  8  24 2 14 0 0
23 16 17  8 10  11 1  4 3 0
21 16 17  8 10  11 0  4 0 0

Power Drumkit
*2117
4 6 0 77 8192 69
31  0  0 15  0   7 0 15 0 0
31  0  0 15  0   7 0  0 3 0
13 16 16 15  2   8 2 14 0 0
13 18 16 15  1   8 2 14 7 0

Power Drumkit
*2118
4 7 0 71 8192 70
18  0  0  9  2   7 1  0 0 0
24  0  0  9  4   9 3  0 0 0
18 18 19 13  8   0 2 15 0 0
15 18 18  9  6  12 2 15 0 0

Power Drumkit
*2119
4 0 0 55 8192 71
18 10  0 11  0  37 0  0 0 0
 0  0  0  0 15 127 0  0 0 0
18 11 22 11  2   0 0 14 0 0
 0  0  0  0 15 127 0  0 0 0

Power Drumkit
*2120
4 0 0 51 8192 72
18 10  0 11  0  37 0  0 0 0
 0  0  0  0 15 127 0  0 0 0
18  8 22 11  2   0 0 14 0 0
 0  0  0  0 15 127 0  0 0 0

Power Drumkit
*2121
5 7 0 72 8192 73
31  5  1  6  0  13 0  0 0 0
17 16 20  8 15   9 3  0 0 0
15 16 20  8 15   2 2  3 0 0
15 18 20  8 15   9 2  2 0 0

Power Drumkit
*2122
4 7 0 48 8192 74
19 27  0  0 15   0 1  1 3 0
31 21  0  0 15   0 0  2 3 0
11 17  0  9 15  13 1  2 0 0
28 20  0  8 15  13 0  3 0 0

Power Drumkit
*2123
4 7 0 61 8192 75
31 22 22  8 12  40 0  8 1 0
31 25 12  8 14  35 3  8 1 0
23 21 28  8 11   0 3  8 1 0
23 20 13  8  1   5 3  8 1 0

Power Drumkit
*2124
4 7 0 61 8192 76
31 22 22  8 12  24 0  7 1 0
31 25 12  8 14  10 3 14 1 0
31 18 28  8 11  12 0  5 1 0
31 20 13  8  1  16 3  9 1 0

Power Drumkit
*2125
4 7 0 53 8192 77
31 22 22  8 12  20 0  7 1 0
31 25 12  8 14  10 3 14 1 0
31 18 28  8 11  12 0  5 1 0
31 20 13  8  1  18 3  9 1 0

Power Drumkit
*2126
4 7 0 45 8192 78
12 15 15  7  0  47 0  2 7 0
12 15 15  7  0  27 0  1 0 0
14  6 19  6  0   0 1  8 7 0
14  6 19  6  0   0 2  8 0 0

Power Drumkit
*2127
4 7 0 39 8192 79
12 15 15  7  0  38 0  1 0 0
12  0  0  7  0  30 0  1 0 0
14  6 19  6  0   0 0  4 0 0
14 15 14  6 11  23 0  1 0 0

Power Drumkit
*2128
3 7 0 60 8192 80
31  5  5  8 14  40 0  9 3 0
28 25 10  8 10  25 0  5 7 0
31  5  5  8 10  50 0 15 7 0
25 14 14  8 14   8 0 15 3 1

Power Drumkit
*2129
3 7 0 59 8192 81
31  5  5  8 14  40 0  9 3 0
28 25 10  8 10  25 0  5 7 0
31  5  5  8 10  50 0 15 7 0
25 10  4  8 14   8 0 15 3 1

Power Drumkit
*2130
1 7 0 71 8192 82
24  0  0  9  4   0 1  0 0 0
24 16  0  9  4   0 3  0 0 0
19 22 22 13  2  14 1  0 0 0
18 18 17  9  6   2 1 15 0 0

Power Drumkit
*2131
4 7 0 83 8192 83
31  5 15  4 15  24 0 14 0 0
31  8 16  0 15  28 0  9 0 1
14 10  7  6 10   9 1  4 0 1
14  9  7  5 10  14 1  4 0 1

Power Drumkit
*2132
4 5 0 83 8192 84
20 13  0  3  2  33 0 13 0 1
24  0  0  3  0  42 0  5 0 0
12 21  8  4  4  14 0  4 0 1
17  9  8  4  3  14 0  8 0 0

Power Drumkit
*2133
4 3 0 62 8192 85
31 11  0 15 15  23 0  9 0 0
31 19  0 15 15  15 0  1 0 0
31 20  0 15 15  13 2  4 0 0
31 20  0 15 15  13 2  2 0 0

Power Drumkit
*2134
5 4 0 56 8192 86
28 21 10  1  2  25 0  1 0 0
31 18 18  5 15   0 1  1 7 0
19 17  0  5 15   0 1  0 0 0
31 16 18  5 15   0 1  1 3 0

Power Drumkit
*2135
5 4 0 47 8192 87
28 21 10  1  2  19 0  1 0 0
31 18 12  5 15   0 1  1 7 0
19 12  0  5 15   0 1  0 0 0
31 16 12  5 15   0 1  1 3 0

Electronic Drumkit
*3099
4 0 0 25 8192 27
24 27  0  0 15   4 1  2 0 0
28 23  0  8 15  28 1  2 0 0
31 21  0  8 15   8 2  1 0 0
31 19  0  8 15   8 0  3 0 0

Electronic Drumkit
*3100
4 7 0 50 8192 28
19  0  4  5  0   5 0 12 7 0
31 21  0  5 15   0 0  5 7 0
19 16 20  8 10   4 0  3 7 0
20 19 20  8 10   4 0  0 7 0

Electronic Drumkit
*3101
0 7 0 43 8192 29
16 10  4  0  4  17 0  1 0 0
31 14  4  0 15  22 0  0 3 0
31  8  1  0  2  40 0 15 3 0
16 18 20 10  8   0 0 15 0 0

Electronic Drumkit
*3102
0 7 0 35 8192 30
16 10  4  0  4  17 0  1 0 0
31 14  4  0 15  22 0  0 3 0
31  8  1  0  2  41 0 15 3 0
16 18 20  8  8   0 1 15 0 0

Electronic Drumkit
*3103
4 5 0 61 8192 31
28 17 31  9  7   0 0 12 0 0
 0  0  0  9  0   0 0  0 0 0
31 21 31  9 15   1 0  5 0 0
 0  0  0  9  0   0 0  0 0 0

Electronic Drumkit
*3104
7 3 0 75 8192 32
31 23  0 11 15  39 0  2 0 0
31 23  0 11 15   0 2  1 0 0
31 24  0 11 15  39 2  1 0 0
18 24  0 11 15   0 2  1 0 0

Electronic Drumkit
*3105
4 6 0 55 8192 33
31  0  0  8 15   0 0 15 0 0
31 27  0  8 15   0 0  2 0 0
31 19  0  8 15   4 2  0 0 0
31 21  0  8 15   4 0  2 0 0

Electronic Drumkit
*3106
4 0 0 42 8192 34
24  0  0  1 15   6 0 14 0 0
28 25 31 12  7   0 0 12 0 0
31 26 12  8  2  10 2  9 0 0
31 21 31  8 15   3 0  5 0 0

Electronic Drumkit
*3107
5 5 0 21 8192 35
31 20  0  8 15   4 0  1 3 0
31  1 15  7  0   9 0  0 3 0
21  1 15  7  0   9 0  0 3 0
21  1 15  7  0   9 1  0 7 0

Electronic Drumkit
*3108
3 7 0 42 8192 36
31 10 25  6  5   0 0 15 0 0
31 21 23  6  5   6 1  2 0 0
31 20 20  6  0  27 0  6 0 0
27 13 31  6  5   0 1  1 0 0

Electronic Drumkit
*3109
4 5 0 48 8192 37
31 23  0  1 13  10 0  4 7 0
31 23  0  1 13   0 0  1 0 0
28 21 26  6 15   0 0  9 7 0
28 21 26  6 15   0 0  9 0 0

Electronic Drumkit
*3110
3 7 0 67 8192 38
31  0  0  5  0   0 1 15 0 0
31 22  0  9 12  10 1  0 0 0
31 23 14  4  3  25 1  4 0 0
21 17  0  7 15   2 1  0 0 0

Electronic Drumkit
*3111
5 6 0 55 8192 39
31 31  0  8  1   0 0  0 7 0
28 31 31  8  1   6 0  7 3 0
18 31 19  8  2   6 0  6 4 0
28 20 14  8 13   6 0  6 7 0

Electronic Drumkit
*3112
0 7 0 21 8192 40
23  0  0  4  0  30 0 15 0 0
23 26  9  4  2  20 0  1 0 0
24 11 16  5  2   0 0 13 0 0
29 15 15  5  0   0 0  8 0 0

Electronic Drumkit
*3113
0 7 0 35 8192 41
31  5  2  4  5   0 1 15 0 0
31 24 14  5 12   0 0  3 0 0
31 13 15  2  1   0 1  1 0 0
28  8 10  6  2   4 0  1 0 0

Electronic Drumkit
*3114
3 7 0 60 8192 42
31  0  0  1  0  13 0 15 4 0
31  0  0  1  0   9 0 12 4 0
31 19  4  1  3  25 0 15 4 0
29 21 16  8  3   0 0  2 4 0

Electronic Drumkit
*3115
0 7 0 39 8192 43
31  5  2  4  5   0 1 15 0 0
31 24 14  5 12   0 0  3 0 0
31 13 15  2  1   0 1  1 0 0
28  8 10  6  2   4 0  1 0 0

Electronic Drumkit
*3116
3 7 0 60 8192 44
31  0  0  0  0  13 0 15 4 0
31  0  0  0  0   9 0 12 4 0
31 19  4  0  3  25 0 15 4 0
18 21 15  8  3   0 0  2 4 0

Electronic Drumkit
*3117
0 7 0 43 8192 45
31  5  2  4  5   0 1 15 0 0
31 24 14  5 12   0 0  3 0 0
31 13 15  2  1   0 1  1 0 0
28  8 10  6  2   4 0  1 0 0

Electronic Drumkit
*3118
3 7 0 74 8192 46
31  0  0  3  0  13 0 15 0 0
31  0  0  3  0   9 0 12 0 0
31 19  4  3  3  25 0 15 0 0
22 21 11  6  3   0 0  2 0 0

Electronic Drumkit
*3119
0 7 0 47 8192 47
31  5  2  4  5   0 1 15 0 0
31 24 14  5 12   0 0  3 0 0
31 13 15  2  1   0 0  1 0 0
28  8 10  6  2   4 0  1 0 0

Electronic Drumkit
*3120
0 7 0 51 8192 48
31  5  2  4  5   0 1 15 0 0
31 24 14  5 12   0 0  3 0 0
31 13 15  2  1   0 1  1 0 0
28  8 10  6  2   4 0  1 0 0

Electronic Drumkit
*3121
3 4 0 94 8192 49
31  3  0  0  1   9 0  2 7 0
17  1  2  3  3  12 0 12 7 0
31  3  4  2 15  13 0 14 1 0
24 19  8  5  2   4 0  4 0 0

Electronic Drumkit
*3122
0 7 0 55 8192 50
31  5  2  2  5   0 0 15 0 0
31 24 14  5 12   0 0  3 0 0
31 13 13  2  1   0 0  1 0 0
28  8 10  6  2   4 0  1 0 0

Electronic Drumkit
*3123
4 5 0 75 8192 51
31  0  0  3  0   3 0 15 7 0
31  0  0  3  0  19 0 15 0 0
24 19 12  6  4   4 0  4 7 0
24 19 12  6  4   4 0  4 7 0

Electronic Drumkit
*3124
3 4 0 93 8192 52
 5  3  0  1  1  11 0 12 7 0
 5  1  2  3  3  12 0 12 7 0
 5  5  4  2 15   4 0 14 1 0
 5 19 13  4  2   0 0  4 0 0

Electronic Drumkit
*3125
4 5 0 89 8192 53
21  0  0  2  0   8 0 13 0 0
21  0  0  2  0   6 0  9 0 0
31 23 10  6  2  14 0  9 0 0
31 21 12  7  2   5 0  4 0 0

Electronic Drumkit
*3126
4 6 0 87 8192 54
31  0  0  5  0   0 0  0 4 0
31  0  0  8 15  40 0  9 0 0
18 17  0  7 15  13 0 15 4 0
18 17 15  7 15   8 0  9 0 0

Electronic Drumkit
*3127
4 5 0 94 8192 55
31  2  2  1  5   0 0 15 5 0
31 20  6  1  3   1 0  1 5 0
27 11  9  6  8   9 0  3 1 1
27 18  8  6  0   0 1 13 0 1

Electronic Drumkit
*3128
0 5 0 58 8192 56
31 21 19  6  2   0 0 15 2 0
31 21 13  6  3  31 0  7 3 0
31 21 12  6  2  36 0  8 6 0
31 19 16  9  2   8 0  2 3 0

Electronic Drumkit
*3129
4 7 0 30 8192 57
31  0  0  0  0  12 0 15 7 0
31 20  0 15 15   0 0  1 7 0
31 24 10  5  2   3 0  8 1 0
31  1 15 15  0   9 0  0 0 0

Electronic Drumkit
*3130
5 7 0 88 8192 58
20 25  0  8 15   0 0  1 1 1
31 14 11  8  3  17 0  0 0 1
31 14 11  8  3  17 0  0 0 1
31 14 12  8  0  17 0  0 0 1

Electronic Drumkit
*3131
4 5 0 73 8192 59
31  8  0  4 15   3 0 11 0 0
31  7  0  4 15  19 0 11 7 0
20 19 10  7  4   8 1 13 0 0
20 19 10  7  4   8 1 13 7 0

Electronic Drumkit
*3132
6 5 0 65 8192 60
28 13  0  7 15   5 2  2 0 0
23 19 15  7 15   8 0  2 7 0
28 18  0  7 15   8 2  1 0 0
18 19 15  7 15   8 0  3 3 0

Electronic Drumkit
*3133
6 5 0 57 8192 61
28 15  0  7 15   3 2  2 0 0
23 18 10  7 15   8 0  2 7 0
28 18  0  7 15   8 2  1 0 0
18 18 10  7 15   8 0  3 3 0

Electronic Drumkit
*3134
6 5 0 25 8192 62
28 21  0  7 15   0 2  2 0 0
23 18 10  7 15  15 0  3 7 0
28 17 19  7  2   0 2  0 0 0
28 18 14  7 15  15 0  5 3 0

Electronic Drumkit
*3135
6 5 0 25 8192 63
28  0  0  7 15  30 2  6 0 0
23 18 17  7 15   0 0 11 7 0
28 18  0  7 15   0 2  0 0 0
18 18 17  8 15   0 0  8 3 0

Electronic Drumkit
*3136
6 5 0 20 8192 64
28  0  0  7 15  30 2  6 0 0
23 18 17  7 15   0 0 10 7 0
28 18  0  7 15   0 2  0 0 0
18 18 17  8 15   0 0  8 3 0

Electronic Drumkit
*3137
1 5 0 25 8192 65
31  6  3  7  5   4 3  9 7 0
31  0  0  7  0  37 3  7 7 0
31 31 19  7  3  13 3  5 7 0
31  0 17  7  0   9 0 11 7 0

Electronic Drumkit
*3138
1 5 0 20 8192 66
31  6  6  7  5   4 3  9 7 0
31  6  6  7  0  37 3  7 7 0
31 31 19  7  3  13 3  5 7 0
31  0 16  7  0   9 0 11 7 0

Electronic Drumkit
*3139
4 7 0 65 8192 67
31  9  9  6  8  23 2 14 3 0
31  9  9  6  8  24 2 14 0 0
20 16 17  8 10  11 1  4 3 0
20 16 17  8 10  11 1  4 0 0

Electronic Drumkit
*3140
4 7 0 60 8192 68
31  9  9  6  8  26 2 14 3 0
31  9  9  6  8  24 2 14 0 0
23 16 17  8 10  11 1  4 3 0
21 16 17  8 10  11 0  4 0 0

Electronic Drumkit
*3141
4 6 0 77 8192 69
31  0  0  4  0   7 0 15 0 0
31  0  0  4  0   7 0  0 3 0
13 16 16  8  2   8 2 14 0 0
13 18 16  8  1   8 2 14 7 0

Electronic Drumkit
*3142
4 7 0 71 8192 70
18  0  0  9  2   7 1  0 0 0
24  0  0  9  4   9 3  0 0 0
18 18 19  9  8   0 2 15 0 0
15 18 18  9  6  12 2 15 0 0

Electronic Drumkit
*3143
5 0 0 55 8192 71
18 10  0 10  0  37 0  0 0 0
18 11 22 10  2  10 0 14 0 0
18 11 22 10  2  10 0 14 0 0
18 11 22 10  2  10 0 14 0 0

Electronic Drumkit
*3144
5 0 0 51 8192 72
18 10  0  3  0  37 0  0 0 0
18  8 22  6  2  12 0 14 0 0
18  8 22  6  2  12 0 14 0 0
18  8 22  6  2  12 0 14 0 0

Electronic Drumkit
*3145
5 7 0 72 8192 73
31  5  1  6  0  13 0  0 0 0
17 16 20  8 15   9 3  0 0 0
15 16 20  8 15   2 2  3 0 0
15 18 20  8 15   9 2  2 0 0

Electronic Drumkit
*3146
4 7 0 48 8192 74
19 27  0  0 15   0 1  1 3 0
31 21  0  0 15   0 0  2 3 0
11 17  0  9 15  13 1  2 0 0
28 20  0  8 15  13 0  3 0 0

Electronic Drumkit
*3147
4 7 0 61 8192 75
31 22 22  8 12  40 0  8 1 0
31 25 12  8 14  35 3  8 1 0
23 21 28  8 11   0 3  8 1 0
23 20 13  8  1   5 3  8 1 0

Electronic Drumkit
*3148
4 7 0 61 8192 76
31 22 22  8 12  24 0  7 1 0
31 25 12  8 14  10 3 14 1 0
31 18 28  8 11  12 0  5 1 0
31 20 13  8  1  16 3  9 1 0

Electronic Drumkit
*3149
4 7 0 53 8192 77
31 22 22  8 12  20 0  7 1 0
31 25 12  8 14  10 3 14 1 0
31 18 28  8 11  12 0  5 1 0
31 20 13  8  1  18 3  9 1 0

Electronic Drumkit
*3150
4 7 0 45 8192 78
12 15 15  7  0  47 0  2 7 0
12 15 15  7  0  27 0  1 0 0
14  6 19  6  0   0 1  8 7 0
14  6 19  6  0   0 2  8 0 0

Electronic Drumkit
*3151
4 7 0 39 8192 79
12 15 15  7  0  38 0  1 0 0
12  0  0  7  0  30 0  1 0 0
14  6 19  6  0   0 0  4 0 0
14 15 14  6 11  23 0  1 0 0

Electronic Drumkit
*3152
3 7 0 60 8192 80
31  5  5  8 14  40 0 11 3 0
28 25 10  8 10  25 0  5 7 0
31  5  5  8 10  50 0 15 7 0
25 14 14  8 14   8 0 15 3 1

Electronic Drumkit
*3153
3 7 0 59 8192 81
31  5  5  8 14  40 0 11 3 0
28 25 10  8 10  30 0  5 7 0
31  5  5  8 10  50 0 15 7 0
25 10  4  8 14   8 0 15 3 1

Electronic Drumkit
*3154
1 7 0 71 8192 82
24  0  0  9  4   0 1  0 0 0
24 16  0  9  4   0 3  0 0 0
19 22 22 13  2  14 1  0 0 0
18 18 17  9  6   2 1 15 0 0

Electronic Drumkit
*3155
4 7 0 83 8192 83
31  5 15  4 15  24 0 14 0 0
31  8 16  1 15  28 0  9 0 1
14 10  7  6 10   9 1  4 0 1
14  9  7  5 10  14 1  4 0 1

Electronic Drumkit
*3156
4 5 0 83 8192 84
20 13  0  3  2  33 0 13 0 1
24  0  0  3  0  42 0  5 0 0
12 21  8  4  4  14 0  4 0 1
17  9  8  4  3  14 0  8 0 0

Electronic Drumkit
*3157
4 3 0 62 8192 85
31 11  0  9 15  23 0  9 0 0
31 19  0  9 15  15 0  1 0 0
31 20  0  9 15  13 2  4 0 0
31 20  0  9 15  13 2  2 0 0

Electronic Drumkit
*3158
5 4 0 56 8192 86
28 21 10  1  2  25 0  1 0 0
31 18 18  5 15   0 1  1 7 0
19 17  0  5 15   0 1  0 0 0
31 16 18  5 15   0 1  1 3 0

Electronic Drumkit
*3159
5 4 0 47 8192 87
28 21 10  1  2  19 0  1 0 0
31 18 12  6 15   0 1  1 7 0
19 12  0  6 15   0 1  0 0 0
31 16 12  6 15   0 1  1 3 0

Standard Drumkit 2
*155
4 0 0 25 8192 27
24 27  0  1 15   4 1  2 0 0
28 23  0  8 15  28 1  2 0 0
31 21  0  8 15   8 2  1 0 0
31 19  0  8 15   8 0  3 0 0

Standard Drumkit 2
*156
4 7 0 50 8192 28
19  0  4  7  0   5 0 12 7 0
31 21  0  7 15   0 0  5 7 0
19 16 20  9 10   4 0  3 7 0
20 19 20  9 10   4 0  0 7 0

Standard Drumkit 2
*157
0 7 0 43 8192 29
16 10  4  1  4  17 0  1 0 0
31 14  4  1 15  22 0  0 3 0
31  8  1  1  2  40 0 15 3 0
16 18 20  9  8   0 0 15 0 0

Standard Drumkit 2
*158
0 7 0 35 8192 30
16 10  4  1  4  17 0  1 0 0
31 14  4  1 15  22 0  0 3 0
31  8  1  1  2  41 0 15 3 0
16 18 20  9  8   0 1 15 0 0

Standard Drumkit 2
*159
4 5 0 61 8192 31
28 17 31  9  7   0 0 12 0 0
 0  0  0  9  0   0 0  0 0 0
31 21 31  9 15   1 0  5 0 0
 0  0  0  9  0   0 0  0 0 0

Standard Drumkit 2
*160
7 3 0 75 8192 32
31 23  0 11 15  39 0  2 0 0
31 23  0 11 15   0 2  1 0 0
31 24  0 11 15  39 2  1 0 0
18 24  0 11 15   0 2  1 0 0

Standard Drumkit 2
*161
4 6 0 55 8192 33
31  0  0  8 15   0 0 15 0 0
31 27  0  8 15   0 0  2 0 0
28 19  0  8 15   4 2  0 0 0
28 21  0  8 15   4 0  2 0 0

Standard Drumkit 2
*162
4 0 0 42 8192 34
24  0  0  1 15   6 0 14 0 0
28 25 31 15  7   0 0 12 0 0
31 26 12  6  2  10 2  9 0 0
31 21 31  9 15   3 0  5 0 0

Standard Drumkit 2
*163
6 7 0 28 8192 35
24 24 10  5 15   8 1  5 1 0
31 15 20  6 15   9 0  1 0 0
28 14 15  6 15   9 0  2 1 0
28 17 20  6 15   9 0  2 3 0

Standard Drumkit 2
*164
5 4 0 19 8192 36
31 22 30  3 15   0 0  1 0 0
27 22 20  6  9   9 2 15 0 0
26 14 16  6  9   9 2  4 0 0
28 22 17  6  4   9 2  7 0 0

Standard Drumkit 2
*165
4 5 0 48 8192 37
31 23  0  3 13  10 0  4 7 0
31 23  0  3 13   0 0  1 0 0
27 21 26  6 15   0 0  9 7 0
27 21 26  6 15   0 0  9 0 0

Standard Drumkit 2
*166
4 7 0 23 8192 38
31  5  1  2  1  11 3 11 0 0
31 20 31  3 15   9 2  8 0 0
27 15 15  7  9   9 2  8 3 0
27 15 31  7 15   9 0  3 3 0

Standard Drumkit 2
*167
5 6 0 55 8192 39
31 31  0  8  1   0 0  0 7 0
28 31 31  8  1   6 0  7 3 0
18 31 19  8  2   6 0  6 4 0
28 20 14  8 13   6 0  6 7 0

Standard Drumkit 2
*168
4 7 0 50 8192 40
31  0  0  4  0   0 0 15 0 0
31 23 19  4  9   5 0  1 3 0
31 15 14  7  1   8 1  0 0 0
31 14 16  7  2   8 1  1 3 0

Standard Drumkit 2
*169
6 6 0 13 8192 41
31  0  0  1 15   4 0  2 0 0
31 12 17  5 15   7 0  4 0 0
28 27 19  8  4   5 0  2 3 0
28 19 17  5 15   0 0  9 0 0

Standard Drumkit 2
*170
2 0 0 60 8192 42
21 10  0  9  0  57 0 14 3 0
21 10  0  9  0  18 0 12 0 0
24 10  0  9  0   0 0 10 7 0
28 10 18  9  0   5 0  0 1 0

Standard Drumkit 2
*171
6 6 0 16 8192 43
31  0  0  1 15   4 0  2 0 0
31 12 17  6 15   7 2  4 0 0
28 27 19  8  4   5 0  2 3 0
28 19 17  5 15   0 2  9 0 0

Standard Drumkit 2
*172
2 0 0 60 8192 44
21 10  0  9  0  57 0 14 3 0
21 10  0  9  0  18 0 12 0 0
24 10  0  9  0   0 0 10 7 0
22 10 18  9  0   5 0  0 1 0

Standard Drumkit 2
*173
6 6 0 19 8192 45
31  0  0  1 15   4 0  2 0 0
31 12 17  6 15   7 2  4 0 0
28 27 19  8  4   5 0  2 3 0
28 19 17  5 15   0 2  9 0 0

Standard Drumkit 2
*174
2 0 0 86 8192 46
21 10  0  9  0  57 0 14 3 0
21 10  0  9  0  18 0 12 0 0
24 10  0  9  0   0 0 10 7 0
28 10 12  9  0   4 0  0 1 0

Standard Drumkit 2
*175
6 6 0 22 8192 47
31  0  0  1 15   4 0  2 0 0
31 12 17  6 15   7 2  4 0 0
28 27 19  8  4   5 0  2 3 0
28 19 17  5 15   0 2  9 0 0

Standard Drumkit 2
*176
6 6 0 25 8192 48
31  0  0  1 15   4 0  2 0 0
31 12 17  6 15   7 2  4 0 0
28 27 19  8  4   5 0  2 3 0
28 19 17  5 15   0 2  9 0 0

Standard Drumkit 2
*177
4 7 0 33 8192 49
31  0  0  2  0   9 0 13 0 0
31 21  0  8 13   0 0  1 0 0
31 21 10  4  2   2 0 12 0 0
31 19 17  8  1   2 2  0 0 0

Standard Drumkit 2
*178
6 6 0 27 8192 50
31  0  0  1 15   4 0  2 0 0
31 12 17  6 15   7 2  4 0 0
28 27 19  8  4   5 0  2 3 0
28 19 17  5 15   0 2  9 0 0

Standard Drumkit 2
*179
4 5 0 83 8192 51
31  0  0  3  0   3 0 15 7 0
31  0  0  3  0  15 0 13 0 0
29 19 11  6  4   5 0  2 7 0
29 19 11  6  4   2 0  9 7 0

Standard Drumkit 2
*180
4 7 0 52 8192 52
31  0  0  1  0  12 0  7 0 0
31 21  0 12 11   0 0  1 1 0
31 19 11  5  2   5 0 15 0 0
31 17 17  9  2   5 2  0 7 0

Standard Drumkit 2
*181
4 0 0 69 8192 53
31  0  0  0  0   7 0 15 0 0
31  0  0  0  0   0 0  9 0 0
20 25 10  6  2  14 0 15 0 0
22 18 12  7  2   5 0  4 0 0

Standard Drumkit 2
*182
4 6 0 96 8192 54
31  0  0 15  0   0 0  0 4 0
31  0  0 15 15  40 0  9 0 0
18 17  0  8 15  13 0 15 4 0
18 17 15  8 15   8 0  9 0 0

Standard Drumkit 2
*183
4 5 0 94 8192 55
31  2  2  1  5   0 0 15 5 0
31 20  6  1  3   1 0  1 5 0
27 11  9  6  8   9 0  3 1 1
27 18  6  6  3   0 1 13 0 1

Standard Drumkit 2
*184
0 5 0 58 8192 56
31 21 19  6  2   0 0 15 2 0
31 21 13  6  3  31 0  7 3 0
31 21 12  6  2  36 0  8 6 0
31 19 16  8  2   8 0  2 3 0

Standard Drumkit 2
*185
4 7 0 30 8192 57
31  0  0  1  0  12 0 15 7 0
31 20  0 12 15   0 0  1 7 0
31 24 10  5  2   3 0  8 1 0
31  1 15  7  0   9 0  0 0 0

Standard Drumkit 2
*186
5 7 0 88 8192 58
20 25  0  8 15   0 0  1 1 1
31 14 11  8  3  17 0  0 0 1
31 14 11  8  3  17 0  0 0 1
31 14 12  8  0  17 0  0 0 1

Standard Drumkit 2
*187
4 5 0 73 8192 59
31  7  0  4 15   3 0 11 0 0
31  7  0  4 15  19 0 11 7 0
20 21 11  7  2   8 1 13 0 0
20 21 11  7  2   8 1 13 7 0

Standard Drumkit 2
*188
6 5 0 65 8192 60
28 13  0  8 15   5 2  2 0 0
23 19 15  8 15   8 0  2 7 0
28 18  0  8 15   8 2  1 0 0
18 19 15  8 15   8 0  3 3 0

Standard Drumkit 2
*189
6 5 0 57 8192 61
28 15  0  8 15   3 2  2 0 0
23 18 10  8 15   8 0  2 7 0
28 18  0  8 15   8 2  1 0 0
18 18 10  8 15   8 0  3 3 0

Standard Drumkit 2
*190
6 5 0 25 8192 62
28 21  0  8 15   0 2  2 0 0
23 18 10  8 15  15 0  3 7 0
28 17 19  8  2   0 2  0 0 0
28 18 14  6 15  15 0  5 3 0

Standard Drumkit 2
*191
6 5 0 25 8192 63
28  0  0  8 15  30 2  6 0 0
23 18 17  8 15   0 0 11 7 0
28 18  0  8 15   0 2  0 0 0
18 18 17  6 15   0 0  8 3 0

Standard Drumkit 2
*192
6 5 0 20 8192 64
28  0  0  8 15  30 2  6 0 0
23 18 17  8 15   0 0 10 7 0
28 18  0  8 15   0 2  0 0 0
18 18 17  6 15   0 0  8 3 0

Standard Drumkit 2
*193
1 5 0 25 8192 65
31  6  3  9  5   4 3  9 7 0
31  0  0  9  0  37 3  7 7 0
31 31 19  9  3  13 3  5 7 0
31  0 17  9  0   9 0 11 7 0

Standard Drumkit 2
*194
1 5 0 20 8192 66
31  6  6  9  5   4 3  9 7 0
31  6  6  9  0  37 3  7 7 0
31 31 19  9  3  13 3  5 7 0
31  0 16  9  0   9 0 11 7 0

Standard Drumkit 2
*195
4 7 0 65 8192 67
31  9  9  6  8  23 2 14 3 0
31  9  9  6  8  24 2 14 0 0
20 16 17  8 10  11 1  4 3 0
20 16 17  8 10  11 1  4 0 0

Standard Drumkit 2
*196
4 7 0 60 8192 68
31  9  9  6  8  26 2 14 3 0
31  9  9  6  8  24 2 14 0 0
23 16 17  8 10  11 1  4 3 0
21 16 17  8 10  11 0  4 0 0

Standard Drumkit 2
*197
4 6 0 77 8192 69
31  0  0 10  0   7 0 15 0 0
31  0  0 10  0   7 0  0 3 0
13 16 16 10  2   8 2 14 0 0
13 18 16 10  1   8 2 14 7 0

Standard Drumkit 2
*198
4 7 0 71 8192 70
18  0  0  9  2   7 1  0 0 0
24  0  0  9  4   9 3  0 0 0
18 18 19 13  8   0 2 15 0 0
20 18 18  9  6  12 2 15 0 0

Standard Drumkit 2
*199
5 0 0 55 8192 71
18 10  0 11  0  37 0  0 0 0
18 11 22 11  2  13 0 14 0 0
18 11 22 11  2  13 0 14 0 0
18 11 22 11  2  13 0 14 0 0

Standard Drumkit 2
*200
5 0 0 51 8192 72
18 10  0 11  0  37 0  0 0 0
18  8 22 11  2  13 0 14 0 0
18  8 22 11  2  13 0 14 0 0
18  8 22 11  2  13 0 14 0 0

Standard Drumkit 2
*201
5 7 0 72 8192 73
31  5  1  6  0  13 0  0 0 0
17 16 20  8 15   9 3  0 0 0
15 16 20  8 15   2 2  3 0 0
15 18 20  8 15   9 2  2 0 0

Standard Drumkit 2
*202
4 7 0 48 8192 74
19 27  0  1 15   0 1  1 3 0
31 21  0  1 15   0 0  2 3 0
11 17  0  9 15  13 1  2 0 0
28 20  0  8 15  13 0  3 0 0

Standard Drumkit 2
*203
4 7 0 62 8192 75
31 22 22  8 12  30 0  8 1 0
31 25 12  8 14  35 3  8 1 0
23 21 28  8 11   6 3  8 1 0
23 20 13  8  1   5 3  8 1 0

Standard Drumkit 2
*204
4 7 0 61 8192 76
31 22 22  8 12  24 0  7 1 0
31 25 12  8 14  10 3 14 1 0
31 18 28  8 11  12 0  5 1 0
31 20 13  8  1  16 3  9 1 0

Standard Drumkit 2
*205
4 7 0 53 8192 77
31 22 22  8 12  20 0  7 1 0
31 25 12  8 14  10 3 14 1 0
31 18 28  8 11  12 0  5 1 0
31 20 13  8  1  18 3  9 1 0

Standard Drumkit 2
*206
4 7 0 45 8192 78
12 15 15  7  0  39 0  2 7 0
12 15 15  7  0  27 0  1 0 0
14  6 17  6  0   0 1  8 7 0
14  6 17  6  0   0 2  8 0 0

Standard Drumkit 2
*207
4 7 0 39 8192 79
12 15 15  7  0  38 0  1 0 0
12  0  0  7  0  30 0  1 0 0
14  6 17  6  0   0 0  4 0 0
14 15 14  6 11  23 0  1 0 0

Standard Drumkit 2
*208
3 7 0 60 8192 80
31  5  5  8 14  33 0  9 3 0
28 25 10  8 10  25 0  5 7 0
31  5  5  8 10  50 0 15 7 0
25 14 14  8 14   8 0 15 3 1

Standard Drumkit 2
*209
3 7 0 59 8192 81
31  5  5  8 14  40 0  9 3 0
28 25 10  8 10  30 0  5 7 0
31  5  5  8 10  50 0 15 7 0
25 10  4  8 14   8 0 15 3 1

Standard Drumkit 2
*210
1 7 0 71 8192 82
24  0  0  9  4   0 1  0 0 0
24 16  0  9  4   0 3  0 0 0
19 22 22 13  2  14 1  0 0 0
18 18 17  9  6   2 1 15 0 0

Standard Drumkit 2
*211
4 7 0 83 8192 83
31  5 15  4 15  24 0 14 0 0
31  8 16  1 15  28 0  9 0 1
14 10  7  6 10   9 1  4 0 1
14  9  7  5 10  14 1  4 0 1

Standard Drumkit 2
*212
4 5 0 83 8192 84
20 13  0  3  2  33 0 13 0 1
24  0  0  3  0  42 0  5 0 0
12 21  8  4  4  14 0  4 0 1
17  9  8  4  3  14 0  8 0 0

Standard Drumkit 2
*213
4 3 0 62 8192 85
31 11  0 10 15  23 0  9 0 0
31 19  0 10 15  15 0  1 0 0
31 20  0 10 15  13 2  4 0 0
31 20  0 10 15  13 2  2 0 0

Standard Drumkit 2
*214
5 4 0 56 8192 86
28 21 10  1  2  25 0  1 0 0
31 18 18  5 15   0 1  1 7 0
19 17  0  5 15   0 1  0 0 0
31 16 18  5 15   0 1  1 3 0

Standard Drumkit 2
*215
5 4 0 47 8192 87
28 21 10  1  2  19 0  1 0 0
31 18 12  6 15   0 1  1 7 0
19 12  0  6 15   0 1  0 0 0
31 16 12  6 15   0 1  1 3 0

SFX Drumkit
*7207
4 0 0 25 8192 39
24 21  0  1 15  29 1  7 0 0
28 23  0  8 15  28 1  2 0 0
31 19  0  8 15   8 2  1 0 0
31 19  0  8 15   8 0  3 0 0

SFX Drumkit
*7208
4 7 0 50 8192 40
19  0  4  7  0   5 0 12 7 0
31 21  0  7 15   0 0  5 7 0
19 16 20  9 10   4 0  3 7 0
20 19 20  9 10   4 0  0 7 0

SFX Drumkit
*7209
0 7 0 43 8192 41
16 10  4  1  4  17 0  1 0 0
31 14  4  1 15  22 0  0 3 0
31  8  1  1  2  40 0 15 3 0
16 18 20  9  8   0 0 15 0 0

SFX Drumkit
*7210
0 7 0 35 8192 42
16 10  4  1  4  17 0  1 0 0
31 14  4  1 15  22 0  0 3 0
31  8  1  1  2  41 0 15 3 0
16 18 20  9  8   0 1 15 0 0

SFX Drumkit
*7211
4 5 0 61 8192 43
28 17 31  9  7   0 0 12 0 0
 0  0  0  9  0   0 0  0 0 0
31 21 31  9 15   1 0  5 0 0
 0  0  0  9  0   0 0  0 0 0

SFX Drumkit
*7212
7 3 0 75 8192 44
31 23  0 11 15  39 0  2 0 0
31 23  0 11 15   0 2  1 0 0
31 24  0 11 15  39 2  1 0 0
18 24  0 11 15   0 2  1 0 0

SFX Drumkit
*7213
4 6 0 55 8192 45
31  0  0  8 15   0 0 15 0 0
31 27  0  8 15   0 0  2 0 0
28 19  0  8 15   4 2  0 0 0
28 21  0  8 15   4 0  2 0 0

SFX Drumkit
*7214
4 0 0 42 8192 46
24  0  0  1 15   6 0 14 0 0
28 25 31 15  7   0 0 12 0 0
31 26 12  6  2  10 2  9 0 0
31 21 31  9 15   3 0  5 0 0

SFX Drumkit
*7215
4 7 0 70 8192 47
26 12  6  0  8  23 0 14 7 0
31  9  0  4 15  33 0  6 7 0
12  7 14  9  0  10 2 14 1 1
13 14  9  6 10  10 2  6 0 0

SFX Drumkit
*7216
4 0 0 72 8192 48
20  0 21  9  0  24 0  9 0 0
20  0 21  9  0  24 0  6 0 0
14 19  0  9 15   0 3  3 0 0
14 19  0  9 15   0 3  2 0 0

SFX Drumkit
*7217
4 0 0 70 8192 49
20  0 21  9  0  24 0  9 0 0
20  0 21  9  0  24 0  6 0 0
14 19  0  9 15   0 3  3 0 0
14 19  0  9 15   0 3  2 0 0

SFX Drumkit
*7218
4 6 0 48 8192 50
31  0  0  4  0   0 0 15 0 0
31 25  0  6 15   0 0  5 0 0
20 26 17  8  1  14 1  0 0 0
20 18  0  8 15   8 2  3 0 0

SFX Drumkit
*7219
4 7 0 62 8192 51
20  0 20 10  0  25 0  9 0 0
20  0 20 10  0  24 0 13 0 0
18 24  0 10 15   0 3  5 0 0
18 24  0 10 15   0 3  8 0 0

SFX Drumkit
*7220
4 6 0 67 8192 52
31  0  0  1  0   0 0 15 0 0
31 10 14  7  2  13 1  2 0 1
19 16  0  8 15  16 0  0 0 0
12  9  8  6  7   8 2  4 0 1

SFX Drumkit
*7221
4 3 0 63 8192 53
12  0  0  6  0  31 1  0 0 0
12  0  0  6  0  32 1  8 0 0
12  6 16  7  2   8 1  8 0 1
12  6 16  7  2   8 1  8 0 1

SFX Drumkit
*7222
4 7 0 41 8192 54
31 13  0  7 15   3 0  4 0 0
20 23  0  9 15   0 1  0 3 0
31 14 13  7  2   8 1  1 0 0
31 18  0  9 15   8 0  1 7 0

SFX Drumkit
*7223
5 0 0 44 8192 55
31 12  0  6 15   0 2  0 0 0
25 14 15  6 15  14 2  0 0 0
25 19 30  6 15   8 2  0 0 0
25 16 31  6 15   8 2  0 0 0

SFX Drumkit
*7224
4 6 0 67 8192 56
31 21  0  8 12  34 0  4 0 0
31 24 31  8 15   9 0  1 0 0
31 16 17  8  1   4 3  1 0 0
31 10 20  8  1   4 3  2 0 0

SFX Drumkit
*7225
4 6 0 70 8192 57
31 21  0  8 12  34 0  4 0 0
31 24 31  8 15   9 0  1 0 0
31 16 16  8  1   4 3  1 0 0
31 10 19  8  1   4 3  2 0 0

SFX Drumkit
*7226
0 7 0 78 8192 58
31 22  0  0 15   0 0  9 3 1
22  0  0  1 15   6 0  1 0 1
30 22  0  1 15  16 0  4 0 1
 3 15  0  9  0  13 0  5 0 0

SFX Drumkit
*7227
3 7 0 61 8192 59
31 23  1  0 15  19 0  4 0 0
31 24  0  9 15  20 0 15 0 0
20  6  0  9  1  20 0  2 0 0
 6 11  0  9 15   4 2  4 0 0

SFX Drumkit
*7228
4 7 0 40 8192 60
19  8  2  5  0   0 2  1 0 0
31 16 31  5 14   0 2  1 0 0
31 14 13  7  8   4 0  1 0 0
27 17 31  8 15   0 0  2 0 0

SFX Drumkit
*7229
4 7 0 49 8192 61
31  0  0  2  0   0 0 15 0 0
12  0  0  9 12   5 0  0 0 0
13 28 12  7  2   0 1  1 0 0
22 14 12  9 10   0 1  2 0 1

SFX Drumkit
*7230
4 7 0 60 8192 62
26  0  5  8  4  21 0 12 3 1
22  0  3  8  3  24 0 15 0 1
29 10  6  8  2  12 0  0 1 1
29  6  6  8  7  11 0  6 7 1

SFX Drumkit
*7231
4 0 0 60 8192 63
20 26 17  8  9  10 0  0 0 0
16 25 17  8  9   0 0  3 0 0
27 13  0  8  3   8 0  1 0 0
28 11 18 15  2   8 0  1 3 0

SFX Drumkit
*7232
4 7 0 62 8192 64
11  0  0  0  0  21 0 14 7 1
11  0  0  0  0  22 0 14 3 0
14  9  0  7 15   8 2  0 4 1
14  9  0  7 15   8 2  0 4 1

SFX Drumkit
*7233
3 6 0 64 8192 65
24  6  4  6  1  19 0  6 0 0
26  8  3  6  3  28 0  5 3 0
26  7  3  6  3  35 0  2 3 0
 9  0 12  7  0   3 0  2 7 1

SFX Drumkit
*7234
4 7 0 75 8192 66
31  0  0  0 15   0 0 15 0 0
31 22  0  0 15   0 0  1 7 0
27 11  0 15 15   0 0  0 0 1
27 11  0 15 15   1 0  0 3 1

SFX Drumkit
*7235
4 5 0 64 8192 67
17 31  0  7  0  38 0  8 0 1
11 31  0  7  0  36 0  6 7 1
31 15  0  8 15  11 0  2 0 1
31 15  0  9 15  10 0  3 3 1

SFX Drumkit
*7236
4 7 0 60 8192 68
31 15  0  4 15   0 0  0 3 0
31 13  0  4 15  38 0  1 0 0
31 12  0  4 15   0 0  0 3 0
31 17  1  7  1  12 2  0 7 0

SFX Drumkit
*7237
6 7 0 20 8192 69
 5  0  0  0  0   6 0  1 0 0
 5  0  0  5  0  12 0  0 7 0
 5  0  0  6 15  22 0  1 7 0
 5  0  0  6  0  11 0  3 0 0

SFX Drumkit
*7238
5 6 0 56 8192 70
31 18  0  0 15   0 0  1 3 1
 5  2  0  5  1  20 0  2 0 1
 5  2  0  5  1  20 0  2 0 1
 5  2  0  5  1  20 0  2 0 1

SFX Drumkit
*7239
4 7 0 84 8192 71
31  0  0  3  0  27 0 11 3 0
31  0  0  3  0  50 0 12 7 0
 5  0  0  6  0   8 0  2 3 1
 5  0  0  6  0   8 0  3 7 1

SFX Drumkit
*7240
4 7 0 54 8192 72
31 13  0  7 10   0 0  9 0 0
31 22  0  7 15   0 0  6 0 0
22 16 15  7  2   8 0  4 0 0
20 13 17  7  4   8 2  5 0 0

SFX Drumkit
*7241
1 1 0 73 8192 73
31  1  0 14 15  23 0  4 0 0
31 23  0  0 15   6 0  3 0 0
31 18  0 12 15  28 0  1 0 0
31 17 24 15 15   2 0  2 0 0

SFX Drumkit
*7242
4 7 0 68 8192 74
16 13  0  8 15   7 0 15 0 0
31 25  0  8 15  10 0 12 0 0
16 14 15  8  2   8 0 11 0 0
31 13 14  8  4   8 0 12 0 0

SFX Drumkit
*7243
4 7 0 10 8192 75
20  0  0  3  9   0 0 10 0 0
28  9 17  3 15   4 0  0 0 0
31 11 11  6  3   4 0  1 0 0
28 13 11  7  2   0 0 11 3 0

SFX Drumkit
*7244
4 7 0 63 8192 76
31 22  0  0 15  16 0  6 3 0
31 24  0  0  0  18 0  5 3 0
14 18 18  9 15   8 0 12 7 0
14 18 18  9 15  12 2  5 7 0

SFX Drumkit
*7245
5 7 0 53 8192 77
22 17  0  0 15   0 0  0 0 0
31 13  0  7 15  17 0  2 0 0
31 13  0  7 15  17 0  2 0 0
31 13  0  7 15  17 0  2 0 0

SFX Drumkit
*7246
4 0 0 60 8192 78
16 19  7  8  6  32 0  4 0 0
12 20  7  8  6  31 0  6 7 0
15 16 17  8 15  10 1  4 0 0
12 18 18  8 15  11 1  6 1 0

SFX Drumkit
*7247
0 4 0 24 8192 79
23  0  0  2  0   7 0  1 3 0
22  0  0  5  0   4 0 14 3 0
25  0  0  2  0  14 0 12 7 0
 8  8  0  5  3   6 0  6 7 0

SFX Drumkit
*7248
3 5 0 80 8192 80
22  5  0  6 11   0 0  0 0 0
17  6  0  6 11   0 0  0 0 0
18  5  0  6 11   0 0  0 0 0
31 11  0  6 11   0 0  0 0 0

SFX Drumkit
*7249
4 7 0 44 8192 81
11  0  0  2 15   0 0 15 3 0
24  5  0  2 15  43 0  0 0 0
 8 10  0  4 15  13 0  6 0 0
 8  8  0  4 15   2 0  6 3 0

SFX Drumkit
*7250
5 7 0 48 8192 82
31  0  0  0 15   0 0  1 3 0
 5  4  0  4 15  26 0  4 0 0
 5  4  0  4 15  25 0  6 0 0
 5  4  0  4 15  29 0  4 0 0

SFX Drumkit
*7251
6 7 0 60 8192 83
31 17  6  5 15  14 0 10 7 0
31 13  6  5 15  14 0  4 0 0
31 16  6  5 15  14 0  4 7 0
31 16  6  5 15  14 0  4 0 0

SFX Drumkit
*7252
7 1 0 67 8192 84
31 13  6  4 15  14 1  4 0 0
31 15  6  4 15  14 1  4 0 0
31 14  6  4 15  14 1  7 0 0
31 14  6  4 15  14 1  4 0 0

